day,hour,T_a_C,Majlis_model_C,Majlis_eplus_C,Majlis_mode,Living_model_C,Living_eplus_C,Living_mode,Master_model_C,Master_eplus_C,Master_mode,Bedroom2_model_C,Bedroom2_eplus_C,Bedroom2_mode,Bedroom3_model_C,Bedroom3_eplus_C,Bedroom3_mode,P_total_kW
1,0.00,31.05,24.584,24.564,0,24.619,24.598,0,24.598,24.585,0,24.672,24.739,0,24.672,24.658,0,0.0
1,0.25,30.74,25.104,24.884,0,25.168,25.189,0,25.130,25.088,0,25.262,25.302,0,25.262,25.262,0,0.0
1,0.50,30.45,24.243,24.077,1,24.064,24.225,1,24.012,24.049,1,23.792,23.839,1,23.792,23.715,1,9.0
1,0.75,30.18,23.424,23.137,1,23.022,23.198,1,22.957,23.138,1,22.422,22.467,1,22.422,22.341,1,9.0
1,1.00,29.94,22.645,22.458,1,22.041,22.021,1,23.549,23.677,0,23.132,23.220,0,23.132,23.151,0,3.6
1,1.25,29.72,23.230,23.030,0,22.707,22.735,0,24.084,24.227,0,23.765,23.920,0,23.765,23.666,0,0.0
1,1.50,29.53,23.761,23.658,0,23.309,23.150,0,24.566,24.398,0,24.331,24.412,0,24.331,24.146,0,0.0
1,1.75,29.37,24.244,24.269,0,23.854,23.791,0,25.002,24.713,0,24.837,24.991,0,24.837,24.565,0,0.0
1,2.00,29.24,24.684,24.695,0,24.348,24.256,0,23.807,23.560,1,25.290,25.507,0,25.290,25.113,0,1.8
1,2.25,29.13,25.085,25.142,0,24.797,24.793,0,22.691,22.522,1,23.710,23.845,1,23.710,23.475,1,5.4
1,2.50,29.06,24.128,24.116,1,25.206,25.264,0,23.239,23.059,0,22.254,22.599,1,22.254,21.957,1,5.4
1,2.75,29.01,23.236,23.076,1,23.992,24.138,1,23.745,23.744,0,22.902,23.261,0,22.902,22.722,0,3.6
1,3.00,29.00,22.404,22.453,1,22.868,22.987,1,24.213,24.051,0,23.495,23.767,0,23.495,23.432,0,3.6
1,3.25,29.01,22.957,22.806,0,23.419,23.530,0,24.649,24.532,0,24.040,24.255,0,24.040,24.060,0,0.0
1,3.50,29.06,23.474,23.417,0,23.932,24.316,0,25.057,25.022,0,24.544,24.679,0,24.544,24.503,0,0.0
1,3.75,29.13,23.960,23.797,0,24.412,24.874,0,23.850,23.755,1,25.013,25.128,0,25.013,25.054,0,1.8
1,4.00,29.24,24.420,24.175,0,24.864,25.244,0,22.738,22.443,1,23.464,23.464,1,23.464,23.442,1,5.4
1,4.25,29.37,24.856,24.692,0,25.292,25.779,0,23.306,23.038,0,22.054,22.079,1,22.054,22.052,1,3.6
1,4.50,29.53,25.274,25.272,0,24.110,24.658,1,23.844,23.634,0,22.761,22.686,0,22.761,22.853,0,1.8
1,4.75,29.72,24.350,24.400,1,23.031,23.674,1,24.357,24.165,0,23.425,23.545,0,23.425,23.471,0,3.6
1,5.00,29.94,23.506,23.767,1,22.049,22.641,1,24.849,24.618,0,24.052,24.052,0,24.052,24.078,0,3.6
1,5.25,30.18,22.738,23.165,1,22.749,23.382,0,25.323,25.193,0,24.648,24.420,0,24.648,24.745,0,1.8
1,5.50,30.45,23.368,23.827,0,23.416,23.919,0,24.192,24.004,1,25.216,25.011,0,25.216,25.484,0,1.8
1,5.75,30.74,23.974,24.244,0,24.055,24.455,0,23.163,23.148,1,23.774,23.547,1,23.774,23.977,1,5.4
1,6.00,31.05,24.559,24.816,0,24.670,24.878,0,22.231,22.242,1,22.477,22.156,1,22.477,22.752,1,5.4
1,6.25,31.38,25.127,25.358,0,25.263,25.730,0,22.980,23.022,0,23.302,23.144,0,23.302,23.413,0,0.0
1,6.50,31.74,24.355,24.547,1,24.249,24.708,1,23.701,23.936,0,24.088,23.785,0,24.088,24.292,0,3.6
1,6.75,32.11,23.663,23.915,1,23.339,23.939,1,24.396,24.689,0,24.840,24.572,0,24.840,24.969,0,3.6
1,7.00,32.50,23.046,23.105,1,22.526,23.090,1,25.070,25.311,0,25.562,25.514,0,25.562,25.614,0,3.6
1,7.25,32.90,22.501,22.597,1,23.394,23.710,0,24.134,24.307,1,24.270,24.252,1,24.270,24.403,1,7.2
1,7.50,33.32,23.349,23.631,0,24.229,24.508,0,23.295,23.324,1,23.119,23.147,1,23.119,23.293,1,5.4
1,7.75,33.75,24.167,24.487,0,25.033,25.199,0,22.548,22.702,1,22.099,22.132,1,22.099,22.329,1,5.4
1,8.00,34.19,24.958,25.419,0,24.219,24.443,1,23.476,23.648,0,23.186,23.423,0,23.186,23.418,0,1.8
1,8.25,34.63,25.726,26.100,0,23.501,23.716,1,24.369,24.692,0,24.221,24.445,0,24.221,24.484,0,1.8
1,8.50,35.09,25.146,25.644,1,22.869,23.000,1,25.231,25.326,0,25.207,25.438,0,25.207,25.468,0,3.6
1,8.75,35.54,24.639,25.005,1,23.910,24.134,0,24.473,24.627,1,24.162,24.274,1,24.162,24.451,1,7.2
1,9.00,36.00,24.199,24.502,1,24.907,24.927,0,23.803,23.993,1,23.241,23.338,1,23.241,23.424,1,7.2
1,9.25,36.46,23.822,24.166,1,25.863,25.941,0,23.215,23.320,1,22.434,22.560,1,22.434,22.704,1,7.2
1,9.50,36.91,23.503,23.717,1,25.192,25.309,1,22.701,22.796,1,23.719,24.049,0,23.719,23.767,0,5.4
1,9.75,37.37,23.239,23.525,1,24.605,24.673,1,23.847,23.921,0,24.935,25.414,0,24.935,24.977,0,3.6
1,10.00,37.81,23.024,23.584,1,24.095,24.102,1,24.942,25.049,0,26.087,26.471,0,26.087,26.053,0,3.6
1,10.25,38.25,22.855,23.367,1,23.657,23.629,1,25.990,26.109,0,25.193,25.337,1,25.193,25.372,1,7.2
1,10.50,38.68,24.052,24.491,0,23.284,23.471,1,25.404,25.397,1,24.408,24.566,1,24.408,24.900,1,7.2
1,10.75,39.10,25.195,25.473,0,22.970,22.956,1,24.890,24.821,1,23.722,23.910,1,23.722,24.238,1,7.2
1,11.00,39.50,24.962,25.386,1,24.299,24.256,0,24.442,24.199,1,23.126,23.253,1,23.126,23.720,1,7.2
1,11.25,39.89,24.772,25.216,1,25.559,25.280,0,24.054,23.831,1,22.612,22.860,1,22.612,23.369,1,7.2
1,11.50,40.26,24.621,25.097,1,25.161,24.949,1,23.721,23.380,1,24.158,24.301,0,24.158,24.844,0,5.4
1,11.75,40.62,24.506,25.002,1,24.820,24.700,1,23.437,23.076,1,25.606,25.624,0,25.606,26.142,0,5.4
1,12.00,40.95,24.422,24.712,1,24.530,24.500,1,23.198,22.611,1,24.974,24.958,1,24.974,25.504,1,9.0
1,12.25,41.26,24.366,24.832,1,24.285,24.267,1,22.999,22.584,1,24.420,24.368,1,24.420,24.819,1,9.0
1,12.50,41.55,24.334,24.663,1,24.080,24.250,1,24.425,24.164,0,23.936,23.936,1,23.936,24.644,1,7.2
1,12.75,41.82,24.323,24.615,1,23.911,24.139,1,25.767,25.567,0,23.514,23.493,1,23.514,24.393,1,7.2
1,13.00,42.06,24.330,24.796,1,23.772,23.807,1,25.440,25.215,1,23.147,23.168,1,23.147,24.020,1,9.0
1,13.25,42.28,24.351,24.588,1,23.660,23.416,1,25.153,24.734,1,22.828,22.840,1,22.828,23.603,1,9.0
1,13.50,42.47,24.384,24.644,1,23.571,23.257,1,24.899,24.384,1,24.538,24.355,0,24.538,25.270,0,5.4
1,13.75,42.63,24.426,24.710,1,23.500,23.339,1,24.676,24.302,1,26.121,25.938,0,26.121,26.920,0,5.4
1,14.00,42.76,24.475,24.712,1,23.444,23.219,1,24.478,24.082,1,25.596,25.375,1,25.596,26.089,1,9.0
1,14.25,42.87,24.527,24.762,1,23.401,23.229,1,24.302,23.905,1,25.123,24.856,1,25.123,25.606,1,9.0
1,14.50,42.94,24.581,25.024,1,23.366,23.216,1,24.144,23.729,1,24.696,24.399,1,24.696,25.123,1,9.0
1,14.75,42.99,24.634,24.862,1,23.338,23.187,1,24.000,23.634,1,24.307,24.217,1,24.307,24.790,1,9.0
1,15.00,43.00,24.685,25.030,1,23.313,23.090,1,23.868,23.614,1,23.952,23.761,1,23.952,24.419,1,9.0
1,15.25,42.99,24.731,25.098,1,23.288,22.994,1,23.745,23.743,1,23.624,23.507,1,23.624,23.846,1,9.0
1,15.50,42.94,24.770,25.176,1,23.262,22.948,1,23.627,23.625,1,23.320,23.260,1,23.320,23.561,1,9.0
1,15.75,42.87,24.802,24.891,1,23.232,22.808,1,23.512,23.598,1,23.035,23.105,1,23.035,23.451,1,9.0
1,16.00,42.76,24.824,25.148,1,23.197,22.564,1,23.398,23.563,1,22.765,22.645,1,22.765,23.308,1,9.0
1,16.25,42.63,24.836,25.161,1,23.154,22.446,1,23.283,23.659,1,24.494,24.447,0,24.494,24.785,0,5.4
1,16.50,42.47,24.835,25.168,1,23.103,22.376,1,23.164,23.515,1,26.067,25.980,0,26.067,26.472,0,5.4
1,16.75,42.28,24.821,24.928,1,23.041,22.425,1,23.040,23.562,1,25.507,25.349,1,25.507,25.893,1,9.0
1,17.00,42.06,24.793,24.916,1,22.967,22.329,1,22.910,23.452,1,24.975,24.843,1,24.975,25.224,1,9.0
1,17.25,41.82,24.750,25.099,1,24.471,23.994,0,24.361,24.831,0,24.467,24.287,1,24.467,24.610,1,5.4
1,17.50,41.55,24.691,25.172,1,25.843,25.395,0,25.689,26.164,0,23.979,23.800,1,23.979,24.172,1,5.4
1,17.75,41.26,24.616,25.033,1,25.499,25.189,1,25.310,25.717,1,23.508,23.425,1,23.508,23.751,1,9.0
1,18.00,40.95,24.524,24.884,1,25.158,24.774,1,24.936,25.196,1,23.049,22.904,1,23.049,23.166,1,9.0
1,18.25,40.62,24.416,24.856,1,24.817,24.466,1,24.565,24.977,1,22.601,22.689,1,22.601,22.708,1,9.0
1,18.50,40.26,24.290,24.477,1,24.476,24.113,1,24.195,24.557,1,24.148,24.084,0,24.148,24.218,0,5.4
1,18.75,39.89,24.147,24.354,1,24.132,23.749,1,23.825,24.064,1,25.537,25.407,0,25.537,25.787,0,5.4
1,19.00,39.50,23.987,24.152,1,23.784,23.339,1,23.454,23.626,1,24.791,24.766,1,24.791,24.945,1,9.0
1,19.25,39.10,23.809,24.023,1,23.433,23.120,1,23.080,23.320,1,24.074,24.185,1,24.074,24.154,1,9.0
1,19.50,38.68,23.615,23.960,1,23.076,22.698,1,22.703,22.874,1,23.381,23.596,1,23.381,23.540,1,9.0
1,19.75,38.25,23.405,23.716,1,22.714,22.229,1,23.913,24.130,0,22.710,22.843,1,22.710,22.756,1,7.2
1,20.00,37.81,23.178,23.370,1,23.936,23.530,0,25.003,24.959,0,24.046,24.200,0,24.046,24.106,0,1.8
1,20.25,37.37,22.936,23.030,1,25.034,24.794,0,24.393,24.423,1,25.235,25.316,0,25.235,25.219,0,3.6
1,20.50,36.91,24.005,24.183,0,24.425,24.024,1,23.795,23.783,1,24.301,24.313,1,24.301,24.294,1,7.2
1,20.75,36.46,24.966,25.156,0,23.827,23.471,1,23.207,23.325,1,23.406,23.439,1,23.406,23.367,1,7.2
1,21.00,36.00,25.829,25.836,0,23.240,23.008,1,22.628,22.794,1,22.548,22.717,1,22.548,22.434,1,7.2
1,21.25,35.54,25.274,25.283,1,22.663,22.446,1,23.648,23.787,0,23.710,23.863,0,23.710,23.428,0,3.6
1,21.50,35.09,24.726,24.846,1,23.684,23.570,0,24.561,24.815,0,24.739,25.092,0,24.739,24.451,0,1.8
1,21.75,34.63,24.184,24.287,1,24.596,24.494,0,25.376,25.825,0,25.645,25.797,0,25.645,25.437,0,1.8
1,22.00,34.19,23.649,23.544,1,25.405,24.998,0,24.511,24.686,1,24.452,24.456,1,24.452,24.377,1,7.2
1,22.25,33.75,23.121,22.909,1,24.531,24.137,1,23.676,23.702,1,23.322,23.384,1,23.322,23.139,1,9.0
1,22.50,33.32,22.600,22.587,1,23.690,23.214,1,22.871,22.807,1,22.249,22.317,1,22.249,22.087,1,9.0
1,22.75,32.90,23.412,23.592,0,22.881,22.468,1,23.683,23.489,0,23.218,23.226,0,23.218,23.013,0,1.8
1,23.00,32.50,24.138,24.398,0,23.693,23.367,0,24.408,24.219,0,24.074,24.164,0,24.074,23.834,0,0.0
1,23.25,32.11,24.786,25.002,0,24.414,24.143,0,25.052,25.056,0,24.827,24.899,0,24.827,24.574,0,0.0
1,23.50,31.74,25.363,25.416,0,25.053,24.893,0,24.034,23.970,1,25.487,25.585,0,25.487,25.061,0,1.8
1,23.75,31.38,24.549,24.738,1,24.028,23.722,1,23.063,22.918,1,24.076,24.265,1,24.076,23.553,1,9.0
2,0.00,31.05,23.769,23.928,1,23.055,22.788,1,22.138,21.894,1,22.754,23.053,1,22.754,22.440,1,9.0
2,0.25,30.74,23.022,22.899,1,22.131,21.714,1,22.847,22.720,0,23.503,23.647,0,23.503,23.179,0,3.6
2,0.50,30.45,22.307,22.213,1,22.845,22.554,0,23.484,23.344,0,24.166,24.304,0,24.166,23.793,0,1.8
2,0.75,30.18,22.948,23.038,0,23.485,23.163,0,24.056,23.969,0,24.752,24.828,0,24.752,24.428,0,0.0
2,1.00,29.94,23.527,23.586,0,24.059,23.749,0,24.570,24.376,0,25.270,25.414,0,25.270,25.126,0,0.0
2,1.25,29.72,24.051,24.137,0,24.574,24.384,0,25.031,24.951,0,23.739,23.959,1,23.739,23.642,1,3.6
2,1.50,29.53,24.525,24.630,0,25.036,24.970,0,23.855,23.791,1,22.320,22.424,1,22.320,22.234,1,5.4
2,1.75,29.37,24.954,24.794,0,23.861,23.801,1,22.752,22.742,1,22.992,23.204,0,22.992,22.931,0,3.6
2,2.00,29.24,25.344,25.325,0,22.764,22.711,1,23.309,23.184,0,23.597,23.653,0,23.597,23.441,0,1.8
2,2.25,29.13,24.374,24.173,1,23.332,23.361,0,23.819,23.682,0,24.144,24.248,0,24.144,24.011,0,1.8
2,2.50,29.06,23.467,23.427,1,23.851,24.007,0,24.286,24.090,0,24.639,24.707,0,24.639,24.464,0,1.8
2,2.75,29.01,22.620,22.365,1,24.329,24.551,0,24.717,24.675,0,25.090,25.151,0,25.090,24.881,0,1.8
2,3.00,29.00,23.157,23.075,0,24.769,24.683,0,25.115,25.098,0,23.515,23.584,1,23.515,23.267,1,3.6
2,3.25,29.01,23.657,23.771,0,25.177,25.219,0,23.896,23.851,1,22.072,22.125,1,22.072,21.808,1,5.4
2,3.50,29.06,24.125,24.159,0,23.969,23.846,1,22.768,22.883,1,22.738,22.884,0,22.738,22.584,0,3.6
2,3.75,29.13,24.566,24.448,0,22.856,23.000,1,23.316,23.645,0,23.356,23.506,0,23.356,23.123,0,1.8
2,4.00,29.24,24.983,24.760,0,23.425,23.605,0,23.832,24.025,0,23.931,24.063,0,23.931,23.835,0,0.0
2,4.25,29.37,25.380,24.976,0,23.961,24.368,0,24.321,24.672,0,24.470,24.470,0,24.470,24.236,0,0.0
2,4.50,29.53,24.436,24.034,1,24.469,24.709,0,24.786,25.072,0,24.978,24.730,0,24.978,24.743,0,1.8
2,4.75,29.72,23.571,23.453,1,24.953,25.033,0,25.232,25.458,0,25.459,25.093,0,25.459,25.314,0,1.8
2,5.00,29.94,22.782,22.645,1,25.417,25.726,0,24.071,24.298,1,23.931,23.566,1,23.931,23.858,1,7.2
2,5.25,30.18,23.389,23.198,0,24.274,24.388,1,23.010,23.249,1,22.549,22.204,1,22.549,22.501,1,7.2
2,5.50,30.45,23.973,23.852,0,23.237,23.278,1,22.046,22.308,1,23.291,23.147,0,23.291,23.132,0,3.6
2,5.75,30.74,24.537,24.662,0,22.299,22.306,1,22.762,22.911,0,23.995,24.098,0,23.995,23.868,0,1.8
2,6.00,31.05,25.083,25.381,0,23.046,23.152,0,23.448,23.392,0,24.667,24.771,0,24.667,24.498,0,0.0
2,6.25,31.38,24.289,24.376,1,23.761,23.640,0,24.110,24.071,0,25.311,25.462,0,25.311,25.200,0,1.8
2,6.50,31.74,23.575,23.612,1,24.449,24.243,0,24.749,24.602,0,23.944,24.026,1,23.944,23.736,1,5.4
2,6.75,32.11,22.938,22.944,1,25.114,24.926,0,25.369,25.135,0,22.720,22.772,1,22.720,22.453,1,5.4
2,7.00,32.50,23.697,23.702,0,24.168,24.060,1,24.383,24.192,1,23.617,23.709,0,23.617,23.204,0,3.6
2,7.25,32.90,24.432,24.385,0,23.323,23.260,1,23.496,23.398,1,24.473,24.403,0,24.473,24.118,0,3.6
2,7.50,33.32,25.144,25.265,0,22.573,22.495,1,22.704,22.604,1,25.293,25.273,0,25.293,24.999,0,3.6
2,7.75,33.75,24.511,24.711,1,23.501,23.439,0,23.589,23.517,0,24.093,24.000,1,24.093,23.811,1,5.4
2,8.00,34.19,23.954,24.303,1,24.393,24.312,0,24.442,24.358,0,23.029,22.898,1,23.029,22.857,1,5.4
2,8.25,34.63,23.466,23.665,1,25.251,25.290,0,25.266,25.084,0,22.089,21.869,1,22.089,21.956,1,5.4
2,8.50,35.09,23.045,23.241,1,24.489,24.560,1,24.473,24.430,1,23.251,23.014,0,23.251,23.178,0,5.4
2,8.75,35.54,22.685,22.738,1,23.818,24.035,1,23.770,23.803,1,24.355,24.193,0,24.355,24.309,0,5.4
2,9.00,36.00,23.707,23.649,0,23.231,23.387,1,23.150,23.237,1,25.406,25.258,0,25.406,25.377,0,3.6
2,9.25,36.46,24.689,24.454,0,22.723,22.886,1,22.609,22.608,1,24.420,24.183,1,24.420,24.378,1,7.2
2,9.50,36.91,25.635,25.172,0,23.878,24.109,0,23.729,23.825,0,23.553,23.335,1,23.553,23.411,1,3.6
2,9.75,37.37,25.221,24.677,1,24.979,25.169,0,24.800,24.612,0,22.795,22.616,1,22.795,22.737,1,5.4
2,10.00,37.81,24.867,24.335,1,26.032,26.142,0,25.827,25.678,0,24.124,23.997,0,24.124,24.186,0,1.8
2,10.25,38.25,24.569,24.093,1,25.448,25.463,1,25.222,25.035,1,25.380,25.282,0,25.380,25.598,0,5.4
2,10.50,38.68,24.322,23.850,1,24.940,24.826,1,24.691,24.424,1,24.579,24.291,1,24.579,24.811,1,9.0
2,10.75,39.10,24.121,23.512,1,24.502,24.248,1,24.228,23.764,1,23.879,23.512,1,23.879,24.147,1,9.0
2,11.00,39.50,23.963,23.238,1,24.127,23.685,1,23.827,23.430,1,23.271,22.908,1,23.271,23.557,1,9.0
2,11.25,39.89,23.842,23.290,1,23.809,23.410,1,23.484,22.979,1,22.744,22.406,1,22.744,23.054,1,9.0
2,11.50,40.26,23.757,23.181,1,23.543,23.009,1,23.192,22.863,1,24.279,23.935,0,24.279,24.515,0,5.4
2,11.75,40.62,23.702,23.186,1,23.323,22.968,1,22.946,22.680,1,25.717,25.375,0,25.717,26.001,0,5.4
2,12.00,40.95,23.674,23.500,1,23.145,22.995,1,24.333,24.169,0,25.076,24.661,1,25.076,25.724,1,7.2
2,12.25,41.26,23.670,23.351,1,23.004,22.824,1,25.642,25.415,0,24.514,24.296,1,24.514,25.141,1,7.2
2,12.50,41.55,23.687,23.207,1,22.895,22.765,1,25.287,25.145,1,24.022,23.796,1,24.022,24.459,1,9.0
2,12.75,41.82,23.722,23.192,1,24.405,24.235,0,24.978,24.853,1,23.593,23.339,1,23.593,24.063,1,7.2
2,13.00,42.06,23.770,23.165,1,25.819,25.455,0,24.708,24.511,1,23.219,23.120,1,23.219,23.582,1,7.2
2,13.25,42.28,23.831,23.602,1,25.553,25.285,1,24.473,24.164,1,22.894,22.725,1,22.894,23.246,1,9.0
2,13.50,42.47,23.900,23.536,1,25.322,25.371,1,24.268,23.878,1,24.599,24.512,0,24.599,25.069,0,5.4
2,13.75,42.63,23.976,23.633,1,25.120,25.042,1,24.090,23.708,1,26.176,26.133,0,26.176,26.691,0,5.4
2,14.00,42.76,24.056,23.755,1,24.943,24.702,1,23.935,23.596,1,25.647,25.543,1,25.647,25.882,1,9.0
2,14.25,42.87,24.138,23.773,1,24.787,24.396,1,23.798,23.559,1,25.170,25.263,1,25.170,25.576,1,9.0
2,14.50,42.94,24.219,23.813,1,24.649,24.239,1,23.676,23.539,1,24.739,24.924,1,24.739,25.060,1,9.0
2,14.75,42.99,24.298,23.913,1,24.524,24.425,1,23.566,23.431,1,24.347,24.467,1,24.347,24.648,1,9.0
2,15.00,43.00,24.372,24.104,1,24.410,24.196,1,23.465,23.316,1,23.988,23.984,1,23.988,24.230,1,9.0
2,15.25,42.99,24.440,24.452,1,24.303,24.201,1,23.371,23.225,1,23.658,23.565,1,23.658,23.843,1,9.0
2,15.50,42.94,24.500,24.653,1,24.201,24.040,1,23.280,23.313,1,23.351,23.136,1,23.351,23.488,1,9.0
2,15.75,42.87,24.550,24.924,1,24.100,23.711,1,23.190,23.355,1,23.063,22.692,1,23.063,23.177,1,9.0
2,16.00,42.76,24.590,24.903,1,24.000,23.750,1,23.099,22.890,1,22.791,22.273,1,22.791,22.834,1,9.0
2,16.25,42.63,24.618,24.904,1,23.897,23.563,1,23.005,22.792,1,24.518,23.938,0,24.518,24.514,0,5.4
2,16.50,42.47,24.632,24.776,1,23.790,23.519,1,22.906,22.780,1,26.088,25.704,0,26.088,26.017,0,5.4
2,16.75,42.28,24.633,24.719,1,23.677,23.439,1,24.391,24.244,0,25.527,25.176,1,25.527,25.299,1,7.2
2,17.00,42.06,24.618,24.745,1,23.555,23.230,1,25.754,25.513,0,24.993,24.525,1,24.993,24.910,1,7.2
2,17.25,41.82,24.587,24.683,1,23.425,23.272,1,25.410,25.225,1,24.484,23.899,1,24.484,24.295,1,9.0
2,17.50,41.55,24.539,24.728,1,23.285,23.054,1,25.073,24.782,1,23.995,23.451,1,23.995,23.806,1,9.0
2,17.75,41.26,24.475,24.508,1,23.133,22.886,1,24.738,24.423,1,23.522,22.784,1,23.522,23.405,1,9.0
2,18.00,40.95,24.393,24.314,1,22.970,22.906,1,24.406,23.991,1,23.062,22.247,1,23.062,23.081,1,9.0
2,18.25,40.62,24.294,24.008,1,24.383,24.248,0,24.073,23.767,1,22.613,21.848,1,22.613,22.457,1,7.2
2,18.50,40.26,24.177,23.945,1,25.664,25.519,0,23.738,23.609,1,24.159,23.527,0,24.159,24.336,0,3.6
2,18.75,39.89,24.041,23.610,1,25.231,25.097,1,23.401,23.164,1,25.547,25.088,0,25.547,25.792,0,5.4
2,19.00,39.50,23.889,23.602,1,24.801,24.586,1,23.060,22.762,1,24.800,24.193,1,24.800,25.200,1,9.0
2,19.25,39.10,23.718,23.529,1,24.373,24.148,1,22.715,22.552,1,24.082,23.608,1,24.082,24.544,1,9.0
2,19.50,38.68,23.530,23.141,1,23.946,23.656,1,23.954,23.830,0,23.389,22.996,1,23.389,23.905,1,7.2
2,19.75,38.25,23.326,22.839,1,23.519,23.273,1,25.074,25.212,0,22.717,22.430,1,22.717,23.273,1,7.2
2,20.00,37.81,23.105,22.664,1,23.091,22.964,1,24.491,24.820,1,24.053,23.804,0,24.053,24.680,0,5.4
2,20.25,37.37,22.868,22.353,1,22.661,22.619,1,23.918,24.316,1,25.241,24.945,0,25.241,25.921,0,5.4
2,20.50,36.91,23.941,23.387,0,23.820,23.684,0,23.353,23.712,1,24.306,24.226,1,24.306,24.951,1,5.4
2,20.75,36.46,24.907,24.535,0,24.858,24.646,0,22.797,23.128,1,23.411,23.226,1,23.411,23.932,1,5.4
2,21.00,36.00,25.774,25.551,0,25.784,25.588,0,23.838,24.300,0,22.553,22.366,1,22.553,23.000,1,3.6
2,21.25,35.54,25.223,25.195,1,25.016,24.760,1,24.770,25.015,0,23.714,23.671,0,23.714,24.160,0,3.6
2,21.50,35.09,24.678,24.361,1,24.271,24.047,1,25.603,25.777,0,24.742,24.871,0,24.742,25.067,0,3.6
2,21.75,34.63,24.140,23.776,1,23.548,23.235,1,24.753,24.790,1,25.648,25.697,0,25.648,25.791,0,5.4
2,22.00,34.19,23.608,23.141,1,22.846,22.368,1,23.933,23.796,1,24.456,24.350,1,24.456,24.529,1,9.0
2,22.25,33.75,23.083,22.570,1,23.754,23.174,0,23.139,23.071,1,23.325,23.225,1,23.325,23.346,1,7.2
2,22.50,33.32,22.565,22.041,1,24.562,24.234,0,22.373,22.338,1,22.252,22.208,1,22.252,22.000,1,7.2
2,22.75,32.90,23.379,22.819,0,25.277,24.718,0,23.221,23.142,0,23.221,23.217,0,23.221,22.924,0,0.0
2,23.00,32.50,24.107,23.673,0,24.319,23.691,1,23.979,23.973,0,24.076,23.924,0,24.076,23.782,0,1.8
2,23.25,32.11,24.757,24.424,0,23.403,22.903,1,24.654,24.635,0,24.829,24.878,0,24.829,24.521,0,1.8
2,23.50,31.74,25.336,24.975,0,22.528,21.742,1,25.254,25.437,0,25.489,25.498,0,25.489,25.088,0,1.8
2,23.75,31.38,24.525,24.378,1,23.283,22.725,0,24.196,24.372,1,24.078,23.948,1,24.078,23.761,1,7.2
3,0.00,31.05,23.746,23.530,1,23.955,23.311,0,23.189,23.467,1,22.756,22.434,1,22.756,22.530,1,7.2
3,0.25,30.74,23.001,22.868,1,24.554,24.224,0,22.233,22.519,1,23.504,23.017,0,23.504,23.214,0,3.6
3,0.50,30.45,22.287,22.176,1,25.086,24.832,0,22.914,23.283,0,24.167,23.541,0,24.167,23.871,0,1.8
3,0.75,30.18,22.929,22.961,0,23.968,23.928,1,23.527,24.070,0,24.753,24.152,0,24.753,24.601,0,1.8
3,1.00,29.94,23.510,23.770,0,22.916,23.026,1,24.079,24.649,0,25.271,24.809,0,25.271,25.052,0,1.8
3,1.25,29.72,24.035,24.073,0,23.516,23.736,0,24.575,25.049,0,23.740,23.323,1,23.740,23.483,1,3.6
3,1.50,29.53,24.510,24.491,0,24.057,24.283,0,25.022,25.333,0,22.321,21.951,1,22.321,22.115,1,3.6
3,1.75,29.37,24.940,24.913,0,24.546,24.658,0,23.835,24.204,1,22.993,22.840,0,22.993,22.744,0,1.8
3,2.00,29.24,25.331,25.473,0,24.988,25.198,0,22.724,22.756,1,23.598,23.387,0,23.598,23.308,0,1.8
3,2.25,29.13,24.362,24.596,1,25.389,25.601,0,23.276,23.358,0,24.145,24.016,0,24.145,23.789,0,1.8
3,2.50,29.06,23.456,23.565,1,24.164,24.206,1,23.782,23.837,0,24.640,24.513,0,24.640,24.338,0,3.6
3,2.75,29.01,22.610,22.610,1,23.028,23.176,1,24.249,24.402,0,25.091,25.125,0,25.091,24.894,0,3.6
3,3.00,29.00,23.147,23.173,0,21.976,22.191,1,24.681,24.888,0,23.516,23.484,1,23.516,23.473,1,5.4
3,3.25,29.01,23.648,23.903,0,22.594,23.029,0,25.083,25.273,0,22.072,22.074,1,22.072,22.077,1,3.6
3,3.50,29.06,24.117,24.346,0,23.169,23.636,0,23.869,24.027,1,22.739,22.722,0,22.739,22.927,0,1.8
3,3.75,29.13,24.558,24.787,0,23.706,24.135,0,22.749,22.990,1,23.356,23.356,0,23.356,23.557,0,1.8
3,4.00,29.24,24.976,25.173,0,24.211,24.448,0,23.306,23.520,0,23.932,23.822,0,23.932,24.134,0,0.0
3,4.25,29.37,25.374,25.391,0,24.688,25.013,0,23.833,24.110,0,24.470,24.399,0,24.470,24.642,0,0.0
3,4.50,29.53,24.430,24.502,1,25.142,25.194,0,24.333,24.458,0,24.978,24.899,0,24.978,25.169,0,1.8
3,4.75,29.72,23.565,23.619,1,23.985,23.910,1,24.811,24.939,0,25.459,25.345,0,25.459,25.519,0,3.6
3,5.00,29.94,22.776,22.870,1,22.931,22.838,1,25.270,25.521,0,23.931,23.892,1,23.931,24.062,1,7.2
3,5.25,30.18,23.384,23.512,0,23.565,23.378,0,24.124,24.243,1,22.549,22.373,1,22.549,22.968,1,5.4
3,5.50,30.45,23.969,23.938,0,24.171,23.977,0,23.079,23.146,1,23.291,23.105,0,23.291,23.607,0,1.8
3,5.75,30.74,24.533,24.252,0,24.754,24.457,0,22.130,22.033,1,23.995,23.816,0,23.995,24.208,0,1.8
3,6.00,31.05,25.079,24.734,0,25.316,25.075,0,22.862,22.709,0,24.667,24.595,0,24.667,24.818,0,0.0
3,6.25,31.38,24.285,24.005,1,24.271,23.893,1,23.566,23.502,0,25.311,25.208,0,25.311,25.490,0,3.6
3,6.50,31.74,23.572,23.364,1,23.331,22.970,1,24.245,24.212,0,23.944,23.814,1,23.944,24.246,1,7.2
3,6.75,32.11,22.935,22.874,1,22.490,22.223,1,24.901,24.738,0,22.720,22.498,1,22.720,22.922,1,7.2
3,7.00,32.50,23.694,23.607,0,23.330,23.145,0,25.538,25.289,0,23.617,23.530,0,23.617,23.799,0,0.0
3,7.25,32.90,24.429,24.078,0,24.138,23.914,0,24.568,24.052,1,24.473,24.323,0,24.473,24.580,0,1.8
3,7.50,33.32,25.141,24.743,0,24.917,24.675,0,23.699,23.189,1,25.293,25.101,0,25.293,25.546,0,1.8
3,7.75,33.75,24.509,24.315,1,25.670,25.313,0,22.922,22.606,1,24.094,23.765,1,24.094,24.236,1,7.2
3,8.00,34.19,23.952,23.983,1,24.808,24.214,1,23.823,23.604,0,23.029,22.613,1,23.029,23.142,1,7.2
3,8.25,34.63,23.464,23.468,1,24.045,23.717,1,24.692,24.402,0,22.089,21.708,1,22.089,22.256,1,7.2
3,8.50,35.09,23.043,23.012,1,23.373,22.978,1,25.530,25.263,0,23.251,22.917,0,23.251,23.494,0,3.6
3,8.75,35.54,22.683,22.528,1,22.786,22.375,1,24.751,24.547,1,24.355,24.038,0,24.355,24.555,0,5.4
3,9.00,36.00,23.705,23.563,0,23.867,23.412,0,24.061,23.787,1,25.406,25.163,0,25.406,25.471,0,1.8
3,9.25,36.46,24.688,24.718,0,24.901,24.519,0,23.454,23.062,1,24.420,24.229,1,24.420,24.496,1,5.4
3,9.50,36.91,25.634,25.763,0,25.892,25.689,0,22.923,22.529,1,23.553,23.313,1,23.553,23.558,1,5.4
3,9.75,37.37,25.220,25.204,1,25.253,24.979,1,24.053,23.730,0,22.795,22.581,1,22.795,22.748,1,7.2
3,10.00,37.81,24.866,24.752,1,24.695,24.491,1,25.133,24.786,0,24.124,23.831,0,24.124,24.066,0,3.6
3,10.25,38.25,24.568,24.430,1,24.211,23.897,1,24.578,24.359,1,25.380,25.197,0,25.380,25.332,0,5.4
3,10.50,38.68,24.321,24.214,1,23.796,23.578,1,24.093,23.893,1,24.579,24.500,1,24.579,24.709,1,9.0
3,10.75,39.10,24.120,24.035,1,23.444,23.301,1,23.673,23.592,1,23.879,23.776,1,23.879,23.878,1,9.0
3,11.00,39.50,23.962,24.007,1,23.148,22.828,1,23.313,23.442,1,23.271,23.261,1,23.271,23.289,1,9.0
3,11.25,39.89,23.842,23.890,1,22.904,22.829,1,23.006,23.016,1,22.744,22.624,1,22.744,22.698,1,9.0
3,11.50,40.26,23.756,23.764,1,24.296,24.106,0,22.749,22.775,1,24.279,24.184,0,24.279,24.153,0,3.6
3,11.75,40.62,23.701,23.925,1,25.610,25.269,0,24.125,24.004,0,25.717,25.668,0,25.717,25.582,0,1.8
3,12.00,40.95,23.674,23.931,1,25.260,24.878,1,25.426,25.200,0,25.076,24.970,1,25.076,24.883,1,7.2
3,12.25,41.26,23.670,23.973,1,24.960,24.558,1,25.067,24.949,1,24.514,24.475,1,24.514,24.449,1,9.0
3,12.50,41.55,23.687,24.081,1,24.705,24.438,1,24.754,24.735,1,24.022,23.938,1,24.022,23.936,1,9.0
3,12.75,41.82,23.721,23.829,1,24.488,24.284,1,24.482,24.390,1,23.593,23.555,1,23.593,23.571,1,9.0
3,13.00,42.06,23.770,23.684,1,24.306,23.999,1,24.248,24.125,1,23.219,23.136,1,23.219,23.217,1,9.0
3,13.25,42.28,23.830,23.597,1,24.154,23.883,1,24.046,23.744,1,22.894,22.612,1,22.894,22.967,1,9.0
3,13.50,42.47,23.900,23.514,1,24.028,23.716,1,23.873,23.440,1,24.599,24.210,0,24.599,24.623,0,5.4
3,13.75,42.63,23.976,23.573,1,23.923,23.762,1,23.723,23.385,1,26.176,25.801,0,26.176,26.277,0,5.4
3,14.00,42.76,24.056,23.844,1,23.836,23.741,1,23.594,23.243,1,25.647,25.407,1,25.647,25.923,1,9.0
3,14.25,42.87,24.138,24.036,1,23.763,23.894,1,23.481,23.271,1,25.170,25.036,1,25.170,25.304,1,9.0
3,14.50,42.94,24.219,23.977,1,23.701,23.813,1,23.382,23.004,1,24.739,24.561,1,24.739,24.950,1,9.0
3,14.75,42.99,24.297,23.990,1,23.648,23.813,1,23.294,22.800,1,24.347,24.139,1,24.347,24.644,1,9.0
3,15.00,43.00,24.372,24.123,1,23.599,23.783,1,23.213,22.961,1,23.988,23.926,1,23.988,24.164,1,9.0
3,15.25,42.99,24.440,24.394,1,23.553,23.644,1,23.136,22.908,1,23.658,23.603,1,23.658,23.928,1,9.0
3,15.50,42.94,24.500,24.306,1,23.507,23.644,1,23.062,22.916,1,23.351,23.380,1,23.351,23.572,1,9.0
3,15.75,42.87,24.550,24.511,1,23.459,23.495,1,22.988,22.987,1,23.063,23.123,1,23.063,23.116,1,9.0
3,16.00,42.76,24.590,24.610,1,23.407,23.461,1,24.502,24.460,0,22.791,22.774,1,22.791,22.813,1,7.2
3,16.25,42.63,24.618,24.441,1,23.348,23.604,1,25.897,25.732,0,24.518,24.439,0,24.518,24.658,0,3.6
3,16.50,42.47,24.632,24.552,1,23.282,23.600,1,25.590,25.613,1,26.088,25.988,0,26.088,26.105,0,5.4
3,16.75,42.28,24.632,24.675,1,23.207,23.590,1,25.291,25.275,1,25.527,25.315,1,25.527,25.671,1,9.0
3,17.00,42.06,24.617,24.733,1,23.121,23.298,1,24.999,25.073,1,24.993,24.664,1,24.993,25.073,1,9.0
3,17.25,41.82,24.587,24.539,1,23.023,23.105,1,24.710,24.682,1,24.484,24.129,1,24.484,24.631,1,9.0
3,17.50,41.55,24.539,24.536,1,22.913,23.063,1,24.423,24.521,1,23.995,23.640,1,23.995,24.136,1,9.0
3,17.75,41.26,24.475,24.545,1,24.379,24.723,0,24.135,24.326,1,23.522,23.335,1,23.522,23.755,1,7.2
3,18.00,40.95,24.393,24.599,1,25.712,25.804,0,23.846,24.117,1,23.062,22.914,1,23.062,23.278,1,7.2
3,18.25,40.62,24.294,24.408,1,25.330,25.360,1,23.553,23.845,1,22.613,22.560,1,22.613,22.650,1,9.0
3,18.50,40.26,24.177,24.309,1,24.950,24.909,1,23.256,23.411,1,24.159,24.149,0,24.159,24.158,0,5.4
3,18.75,39.89,24.041,24.071,1,24.570,24.439,1,22.954,23.125,1,25.547,25.537,0,25.547,25.432,0,5.4
3,19.00,39.50,23.888,23.802,1,24.190,24.050,1,24.235,24.435,0,24.800,24.691,1,24.800,24.748,1,7.2
3,19.25,39.10,23.718,23.529,1,23.808,24.015,1,25.395,25.468,0,24.082,23.908,1,24.082,24.055,1,7.2
3,19.50,38.68,23.530,23.238,1,23.423,23.710,1,24.852,25.122,1,23.389,23.195,1,23.389,23.383,1,9.0
3,19.75,38.25,23.326,22.992,1,23.035,23.294,1,24.316,24.722,1,22.717,22.629,1,22.717,22.617,1,9.0
3,20.00,37.81,23.105,23.014,1,22.643,23.018,1,23.788,24.208,1,24.053,23.909,0,24.053,23.970,0,5.4
3,20.25,37.37,22.868,22.679,1,23.838,24.232,0,23.266,23.608,1,25.241,24.898,0,25.241,25.263,0,3.6
3,20.50,36.91,23.941,23.797,0,24.908,25.395,0,22.748,23.041,1,24.306,24.016,1,24.306,24.443,1,5.4
3,20.75,36.46,24.907,24.830,0,25.865,26.337,0,23.825,24.453,0,23.411,23.134,1,23.411,23.552,1,3.6
3,21.00,36.00,25.774,25.938,0,25.125,25.452,1,24.792,25.239,0,22.553,22.165,1,22.553,22.735,1,5.4
3,21.25,35.54,25.223,25.455,1,24.406,24.791,1,25.656,25.905,0,23.714,23.462,0,23.714,24.004,0,3.6
3,21.50,35.09,24.678,24.874,1,23.707,24.058,1,24.835,25.135,1,24.742,24.551,0,24.742,25.070,0,5.4
3,21.75,34.63,24.140,24.170,1,23.027,23.321,1,24.040,24.173,1,25.648,25.536,0,25.648,25.999,0,5.4
3,22.00,34.19,23.608,23.622,1,22.364,22.665,1,23.271,23.214,1,24.456,24.437,1,24.456,24.722,1,9.0
3,22.25,33.75,23.083,23.113,1,23.308,23.715,0,22.526,22.389,1,23.325,23.423,1,23.325,23.578,1,7.2
3,22.50,33.32,22.565,22.595,1,24.149,24.583,0,23.393,23.128,0,22.252,22.397,1,22.252,22.486,1,5.4
3,22.75,32.90,23.379,23.546,0,24.895,25.260,0,24.168,23.888,0,23.221,23.387,0,23.221,23.425,0,0.0
3,23.00,32.50,24.107,24.099,0,25.556,25.860,0,24.858,24.750,0,24.076,24.217,0,24.076,24.169,0,0.0
3,23.25,32.11,24.757,24.847,0,24.547,24.595,1,25.470,25.133,0,24.829,24.955,0,24.829,24.932,0,1.8
3,23.50,31.74,25.336,25.446,0,23.587,23.521,1,24.421,24.101,1,25.489,25.469,0,25.489,25.604,0,3.6
3,23.75,31.38,24.525,24.406,1,22.672,22.594,1,23.423,23.164,1,24.078,23.891,1,24.078,24.127,1,9.0
4,0.00,31.05,23.746,23.746,1,23.390,23.509,0,22.472,22.068,1,22.756,22.620,1,22.756,22.671,1,7.2
4,0.25,30.74,23.001,22.818,1,24.031,24.333,0,23.157,22.870,0,23.504,23.305,0,23.504,23.450,0,1.8
4,0.50,30.45,22.287,22.210,1,24.602,24.896,0,23.772,23.768,0,24.167,24.046,0,24.167,23.805,0,1.8
4,0.75,30.18,22.929,22.821,0,25.110,25.285,0,24.323,24.296,0,24.753,24.645,0,24.753,24.360,0,0.0
4,1.00,29.94,23.510,23.265,0,23.973,24.296,1,24.817,24.861,0,25.271,25.109,0,25.271,24.988,0,1.8
4,1.25,29.72,24.035,23.906,0,22.904,23.350,1,25.260,25.180,0,23.740,23.670,1,23.740,23.422,1,5.4
4,1.50,29.53,24.510,24.550,0,23.491,23.869,0,24.068,23.738,1,22.321,22.261,1,22.321,21.848,1,5.4
4,1.75,29.37,24.940,24.947,0,24.022,24.355,0,22.950,22.608,1,22.993,22.796,0,22.993,22.450,0,1.8
4,2.00,29.24,25.331,25.223,0,24.503,24.773,0,23.493,23.331,0,23.598,23.489,0,23.598,23.060,0,0.0
4,2.25,29.13,24.362,24.437,1,24.941,25.016,0,23.989,23.921,0,24.145,24.030,0,24.145,23.685,0,1.8
4,2.50,29.06,23.456,23.610,1,25.339,25.324,0,24.444,24.474,0,24.640,24.536,0,24.640,24.479,0,1.8
4,2.75,29.01,22.610,22.707,1,24.115,24.257,1,24.863,24.963,0,25.091,24.885,0,25.091,25.089,0,3.6
4,3.00,29.00,23.147,23.092,0,22.982,22.836,1,25.251,25.438,0,23.516,23.433,1,23.516,23.519,1,5.4
4,3.25,29.01,23.648,23.563,0,23.524,23.587,0,24.022,24.271,1,22.072,21.934,1,22.072,22.152,1,5.4
4,3.50,29.06,24.117,23.872,0,24.029,24.017,0,22.885,22.989,1,22.739,22.404,0,22.739,22.687,0,1.8
4,3.75,29.13,24.558,24.503,0,24.502,24.357,0,23.425,23.457,0,23.356,22.943,0,23.356,23.400,0,0.0
4,4.00,29.24,24.976,24.926,0,24.947,24.877,0,23.933,23.950,0,23.932,23.448,0,23.932,23.869,0,0.0
4,4.25,29.37,25.374,25.442,0,25.369,25.299,0,24.415,24.518,0,24.470,23.732,0,24.470,24.530,0,0.0
4,4.50,29.53,24.430,24.425,1,24.181,24.383,1,24.873,24.908,0,24.978,24.316,0,24.978,25.101,0,3.6
4,4.75,29.72,23.565,23.442,1,23.097,23.385,1,25.312,25.270,0,25.459,24.987,0,25.459,25.653,0,3.6
4,5.00,29.94,22.776,22.733,1,22.110,22.281,1,24.145,24.084,1,23.931,23.535,1,23.931,23.893,1,9.0
4,5.25,30.18,23.384,23.271,0,22.805,23.074,0,23.080,22.881,1,22.549,22.315,1,22.549,22.449,1,5.4
4,5.50,30.45,23.969,23.910,0,23.468,23.570,0,22.110,21.986,1,23.291,23.125,0,23.291,23.320,0,1.8
4,5.75,30.74,24.533,24.663,0,24.104,24.348,0,22.821,22.733,0,23.995,23.728,0,23.995,24.160,0,0.0
4,6.00,31.05,25.079,25.020,0,24.715,24.881,0,23.504,23.508,0,24.667,24.469,0,24.667,24.982,0,0.0
4,6.25,31.38,24.285,24.231,1,25.305,25.248,0,24.161,24.134,0,25.311,25.150,0,25.311,25.558,0,1.8
4,6.50,31.74,23.572,23.714,1,24.287,24.206,1,24.797,24.609,0,23.944,23.844,1,23.944,24.046,1,7.2
4,6.75,32.11,22.935,23.293,1,23.374,23.334,1,25.414,25.086,0,22.720,22.733,1,22.720,23.060,1,7.2
4,7.00,32.50,23.694,23.746,0,22.559,22.633,1,24.424,24.184,1,23.617,23.646,0,23.617,23.959,0,3.6
4,7.25,32.90,24.429,24.542,0,23.424,23.407,0,23.534,23.478,1,24.473,24.370,0,24.473,24.986,0,1.8
4,7.50,33.32,25.141,25.449,0,24.257,24.096,0,22.739,22.688,1,25.293,25.336,0,25.293,25.703,0,1.8
4,7.75,33.75,24.509,24.764,1,25.059,24.865,0,23.622,23.708,0,24.094,24.074,1,24.094,24.461,1,5.4
4,8.00,34.19,23.952,24.254,1,24.243,24.044,1,24.473,24.452,0,23.029,22.882,1,23.029,23.201,1,7.2
4,8.25,34.63,23.464,23.577,1,23.523,23.133,1,25.294,25.193,0,22.089,21.986,1,22.089,22.249,1,7.2
4,8.50,35.09,23.043,23.033,1,22.890,22.415,1,24.499,24.296,1,23.251,23.025,0,23.251,23.266,0,5.4
4,8.75,35.54,22.683,22.770,1,23.929,23.330,0,23.794,23.613,1,24.355,24.093,0,24.355,24.623,0,3.6
4,9.00,36.00,23.705,23.541,0,24.924,24.409,0,23.173,22.972,1,25.406,25.096,0,25.406,25.680,0,1.8
4,9.25,36.46,24.688,24.561,0,25.879,25.285,0,22.630,22.497,1,24.420,24.178,1,24.420,24.804,1,5.4
4,9.50,36.91,25.634,25.437,0,25.207,24.851,1,23.748,23.607,0,23.553,23.146,1,23.553,23.953,1,5.4
4,9.75,37.37,25.220,25.032,1,24.619,24.191,1,24.819,24.797,0,22.795,22.384,1,22.795,23.262,1,7.2
4,10.00,37.81,24.866,24.686,1,24.108,23.815,1,25.844,25.902,0,24.124,23.799,0,24.124,24.436,0,3.6
4,10.25,38.25,24.568,24.530,1,23.669,23.408,1,25.237,25.516,1,25.380,25.133,0,25.380,25.739,0,5.4
4,10.50,38.68,24.321,24.183,1,23.295,23.010,1,24.705,24.967,1,24.579,24.245,1,24.579,24.780,1,9.0
4,10.75,39.10,24.120,23.982,1,22.980,22.714,1,24.241,24.500,1,23.879,23.686,1,23.879,24.018,1,9.0
4,11.00,39.50,23.962,23.929,1,24.309,24.052,0,23.840,24.051,1,23.271,23.121,1,23.271,23.179,1,7.2
4,11.25,39.89,23.842,23.821,1,25.567,25.258,0,23.495,23.580,1,22.744,22.428,1,22.744,22.615,1,7.2
4,11.50,40.26,23.756,23.484,1,25.169,24.997,1,23.203,23.251,1,24.279,23.834,0,24.279,24.093,0,5.4
4,11.75,40.62,23.701,23.558,1,24.828,24.600,1,22.956,22.968,1,25.717,25.281,0,25.717,25.536,0,5.4
4,12.00,40.95,23.674,23.315,1,24.537,24.327,1,24.342,24.289,0,25.076,24.967,1,25.076,24.891,1,7.2
4,12.25,41.26,23.670,23.286,1,24.291,24.223,1,25.650,25.585,0,24.514,24.440,1,24.514,24.256,1,7.2
4,12.50,41.55,23.687,23.551,1,24.086,23.948,1,25.295,25.279,1,24.022,24.064,1,24.022,23.758,1,9.0
4,12.75,41.82,23.721,23.599,1,23.916,23.863,1,24.985,25.048,1,23.593,23.526,1,23.593,23.374,1,9.0
4,13.00,42.06,23.770,23.532,1,23.777,23.638,1,24.715,24.698,1,23.219,23.276,1,23.219,23.190,1,9.0
4,13.25,42.28,23.830,23.969,1,23.665,23.533,1,24.479,24.369,1,22.894,22.852,1,22.894,23.036,1,9.0
4,13.50,42.47,23.900,23.817,1,23.575,23.418,1,24.274,24.111,1,24.599,24.729,0,24.599,24.620,0,5.4
4,13.75,42.63,23.976,24.050,1,23.504,23.523,1,24.096,23.930,1,26.176,26.338,0,26.176,26.034,0,5.4
4,14.00,42.76,24.056,24.111,1,23.448,23.439,1,23.940,23.498,1,25.647,25.832,1,25.647,25.557,1,9.0
4,14.25,42.87,24.138,23.958,1,23.404,23.224,1,23.802,23.320,1,25.170,25.286,1,25.170,25.057,1,9.0
4,14.50,42.94,24.219,23.928,1,23.370,23.084,1,23.680,23.281,1,24.739,24.797,1,24.739,24.625,1,9.0
4,14.75,42.99,24.297,24.004,1,23.341,23.140,1,23.570,23.193,1,24.347,24.482,1,24.347,24.255,1,9.0
4,15.00,43.00,24.372,24.228,1,23.315,23.286,1,23.469,22.964,1,23.988,24.198,1,23.988,24.092,1,9.0
4,15.25,42.99,24.440,24.179,1,23.290,23.261,1,23.374,22.879,1,23.658,23.889,1,23.658,23.806,1,9.0
4,15.50,42.94,24.500,24.175,1,23.264,23.397,1,23.283,22.741,1,23.351,23.546,1,23.351,23.592,1,9.0
4,15.75,42.87,24.550,24.522,1,23.234,23.292,1,23.193,22.793,1,23.063,23.260,1,23.063,23.114,1,9.0
4,16.00,42.76,24.590,24.435,1,23.199,23.103,1,23.102,22.685,1,22.791,22.928,1,22.791,22.840,1,9.0
4,16.25,42.63,24.618,24.651,1,23.156,23.122,1,23.008,22.933,1,24.518,24.618,0,24.518,24.644,0,5.4
4,16.50,42.47,24.632,24.718,1,23.104,23.257,1,22.909,22.799,1,26.088,26.260,0,26.088,26.373,0,5.4
4,16.75,42.28,24.632,24.612,1,23.042,23.171,1,24.393,24.352,0,25.527,25.639,1,25.527,25.691,1,7.2
4,17.00,42.06,24.617,24.847,1,22.969,23.057,1,25.756,25.915,0,24.993,25.046,1,24.993,25.119,1,7.2
4,17.25,41.82,24.587,24.901,1,24.473,24.527,0,25.412,25.454,1,24.484,24.462,1,24.484,24.626,1,7.2
4,17.50,41.55,24.539,24.732,1,25.844,25.903,0,25.074,24.856,1,23.995,23.921,1,23.995,24.104,1,7.2
4,17.75,41.26,24.475,24.579,1,25.500,25.432,1,24.740,24.443,1,23.522,23.463,1,23.522,23.776,1,9.0
4,18.00,40.95,24.393,24.298,1,25.159,25.064,1,24.407,24.251,1,23.062,23.041,1,23.062,23.281,1,9.0
4,18.25,40.62,24.294,24.147,1,24.818,24.734,1,24.074,23.922,1,22.613,22.384,1,22.613,22.735,1,9.0
4,18.50,40.26,24.177,23.781,1,24.476,24.559,1,23.740,23.696,1,24.159,23.877,0,24.159,24.353,0,5.4
4,18.75,39.89,24.041,24.017,1,24.132,24.130,1,23.402,23.510,1,25.547,25.328,0,25.547,25.696,0,5.4
4,19.00,39.50,23.888,23.717,1,23.785,23.715,1,23.061,23.114,1,24.800,24.381,1,24.800,24.990,1,9.0
4,19.25,39.10,23.718,23.520,1,23.433,23.427,1,22.716,22.715,1,24.082,23.993,1,24.082,24.080,1,9.0
4,19.50,38.68,23.530,23.226,1,23.077,23.157,1,23.955,24.222,0,23.389,23.213,1,23.389,23.578,1,7.2
4,19.75,38.25,23.326,22.928,1,22.715,22.945,1,25.074,25.323,0,22.717,22.773,1,22.717,23.074,1,7.2
4,20.00,37.81,23.105,22.659,1,23.937,24.502,0,24.492,24.588,1,24.053,24.073,0,24.053,24.563,0,3.6
4,20.25,37.37,22.868,22.368,1,25.034,25.464,0,23.918,24.020,1,25.241,25.303,0,25.241,25.741,0,3.6
4,20.50,36.91,23.941,23.390,0,24.425,24.836,1,23.354,23.518,1,24.306,24.506,1,24.306,24.791,1,7.2
4,20.75,36.46,24.907,24.242,0,23.828,24.201,1,22.798,22.875,1,23.411,23.718,1,23.411,23.672,1,7.2
4,21.00,36.00,25.774,25.251,0,23.240,23.447,1,23.838,24.052,0,22.553,22.902,1,22.553,22.810,1,5.4
4,21.25,35.54,25.223,24.820,1,22.663,22.808,1,24.771,25.040,0,23.714,24.024,0,23.714,24.022,0,3.6
4,21.50,35.09,24.678,24.324,1,23.685,23.512,0,25.604,25.787,0,24.742,25.167,0,24.742,25.172,0,1.8
4,21.75,34.63,24.140,23.835,1,24.596,24.425,0,24.754,24.881,1,25.648,26.091,0,25.648,26.095,0,3.6
4,22.00,34.19,23.608,23.202,1,25.405,25.332,0,23.933,24.187,1,24.456,24.762,1,24.456,24.838,1,7.2
4,22.25,33.75,23.083,22.780,1,24.531,24.554,1,23.140,23.321,1,23.325,23.550,1,23.325,23.621,1,9.0
4,22.50,33.32,22.565,22.344,1,23.691,23.763,1,22.373,22.534,1,22.252,22.324,1,22.252,22.404,1,9.0
4,22.75,32.90,23.379,23.266,0,22.882,22.798,1,23.221,23.392,0,23.221,23.251,0,23.221,23.295,0,1.8
4,23.00,32.50,24.107,24.009,0,23.693,23.822,0,23.979,24.165,0,24.076,24.075,0,24.076,23.989,0,0.0
4,23.25,32.11,24.757,24.739,0,24.414,24.669,0,24.655,24.891,0,24.829,24.940,0,24.829,24.800,0,0.0
4,23.50,31.74,25.336,25.143,0,25.054,25.278,0,25.255,25.527,0,25.489,25.658,0,25.489,25.412,0,0.0
4,23.75,31.38,24.525,24.342,1,24.028,24.275,1,24.196,24.585,1,24.078,24.326,1,24.078,24.076,1,9.0
5,0.00,31.05,23.746,23.636,1,23.055,23.152,1,23.190,23.415,1,22.756,22.970,1,22.756,22.863,1,9.0
5,0.25,30.74,23.001,22.955,1,22.131,22.287,1,22.233,22.266,1,23.504,23.557,0,23.504,23.718,0,5.4
5,0.50,30.45,22.287,22.241,1,22.845,22.824,0,22.914,23.044,0,24.167,24.239,0,24.167,24.668,0,1.8
5,0.75,30.18,22.929,23.057,0,23.485,23.509,0,23.528,23.627,0,24.753,24.841,0,24.753,25.193,0,0.0
5,1.00,29.94,23.510,23.430,0,24.059,24.194,0,24.079,24.200,0,25.271,25.085,0,25.271,25.600,0,0.0
5,1.25,29.72,24.035,23.851,0,24.574,24.815,0,24.575,24.679,0,23.740,23.716,1,23.740,23.871,1,3.6
5,1.50,29.53,24.510,24.199,0,25.036,25.383,0,25.022,25.041,0,22.321,22.198,1,22.321,22.383,1,3.6
5,1.75,29.37,24.940,24.558,0,23.861,24.239,1,23.835,23.979,1,22.993,22.729,0,22.993,23.018,0,3.6
5,2.00,29.24,25.331,24.989,0,22.764,23.115,1,22.724,22.948,1,23.598,23.372,0,23.598,23.560,0,3.6
5,2.25,29.13,24.362,23.904,1,23.332,23.425,0,23.276,23.435,0,24.145,23.943,0,24.145,24.207,0,1.8
5,2.50,29.06,23.456,22.993,1,23.852,24.219,0,23.782,23.917,0,24.640,24.412,0,24.640,24.736,0,1.8
5,2.75,29.01,22.610,22.062,1,24.329,24.685,0,24.249,24.136,0,25.091,24.951,0,25.091,25.184,0,1.8
5,3.00,29.00,23.147,22.682,0,24.769,25.108,0,24.681,24.435,0,23.516,23.304,1,23.516,23.764,1,3.6
5,3.25,29.01,23.648,23.296,0,25.178,25.410,0,25.083,24.910,0,22.072,21.920,1,22.072,22.500,1,3.6
5,3.50,29.06,24.117,23.951,0,23.969,24.228,1,23.870,23.663,1,22.739,22.773,0,22.739,23.113,0,3.6
5,3.75,29.13,24.558,24.291,0,22.856,22.941,1,22.749,22.465,1,23.356,23.352,0,23.356,23.773,0,3.6
5,4.00,29.24,24.976,24.859,0,23.425,23.641,0,23.306,23.068,0,23.932,24.008,0,23.932,24.543,0,0.0
5,4.25,29.37,25.374,25.391,0,23.961,24.351,0,23.833,23.447,0,24.470,24.468,0,24.470,24.942,0,0.0
5,4.50,29.53,24.430,24.084,1,24.469,24.829,0,24.333,24.144,0,24.978,24.924,0,24.978,25.423,0,1.8
5,4.75,29.72,23.565,23.138,1,24.953,25.217,0,24.811,24.673,0,25.459,25.296,0,25.459,25.983,0,1.8
5,5.00,29.94,22.776,22.133,1,25.417,25.694,0,25.270,25.090,0,23.931,23.927,1,23.931,24.482,1,5.4
5,5.25,30.18,23.384,22.524,0,24.274,24.228,1,24.124,23.848,1,22.549,22.498,1,22.549,23.025,1,7.2
5,5.50,30.45,23.969,23.198,0,23.237,23.277,1,23.079,22.676,1,23.291,23.072,0,23.291,23.746,0,3.6
5,5.75,30.74,24.533,23.790,0,22.299,22.323,1,22.130,21.695,1,23.995,23.781,0,23.995,24.560,0,3.6
5,6.00,31.05,25.079,24.191,0,23.046,22.918,0,22.863,22.544,0,24.667,24.625,0,24.667,25.154,0,0.0
5,6.25,31.38,24.285,23.316,1,23.761,23.402,0,23.566,23.309,0,25.311,25.154,0,25.311,25.977,0,1.8
5,6.50,31.74,23.572,23.016,1,24.449,24.154,0,24.245,24.068,0,23.944,23.791,1,23.944,24.663,1,5.4
5,6.75,32.11,22.935,22.434,1,25.114,24.855,0,24.901,24.896,0,22.720,22.643,1,22.720,23.590,1,5.4
5,7.00,32.50,23.694,23.022,0,24.168,23.867,1,25.538,25.431,0,23.617,23.628,0,23.617,24.348,0,1.8
5,7.25,32.90,24.429,23.906,0,23.323,22.910,1,24.568,24.462,1,24.473,24.703,0,24.473,25.303,0,3.6
5,7.50,33.32,25.141,24.417,0,22.573,22.246,1,23.699,23.696,1,25.293,25.453,0,25.293,25.924,0,3.6
5,7.75,33.75,24.509,23.946,1,23.501,23.219,0,22.922,22.983,1,24.094,24.222,1,24.094,24.905,1,7.2
5,8.00,34.19,23.952,23.321,1,24.393,24.078,0,23.823,23.936,0,23.029,23.215,1,23.029,23.615,1,5.4
5,8.25,34.63,23.464,23.073,1,25.251,24.790,0,24.692,24.794,0,22.089,22.227,1,22.089,22.543,1,5.4
5,8.50,35.09,23.043,22.843,1,24.489,23.787,1,25.530,25.539,0,23.251,23.288,0,23.251,23.751,0,3.6
5,8.75,35.54,22.683,22.713,1,23.818,23.281,1,24.751,24.917,1,24.355,24.175,0,24.355,24.822,0,5.4
5,9.00,36.00,23.705,23.545,0,23.231,22.703,1,24.061,24.238,1,25.406,25.253,0,25.406,25.970,0,3.6
5,9.25,36.46,24.688,24.276,0,22.723,22.145,1,23.454,23.445,1,24.420,24.126,1,24.420,25.033,1,7.2
5,9.50,36.91,25.634,25.288,0,23.878,23.547,0,22.923,23.050,1,23.553,23.295,1,23.553,24.004,1,5.4
5,9.75,37.37,25.220,25.043,1,24.979,24.598,0,24.053,24.031,0,22.795,22.452,1,22.795,23.213,1,5.4
5,10.00,37.81,24.866,24.878,1,26.032,25.695,0,25.133,25.253,0,24.124,23.824,0,24.124,24.456,0,1.8
5,10.25,38.25,24.568,24.946,1,25.448,25.367,1,24.578,24.707,1,25.380,25.030,0,25.380,25.510,0,5.4
5,10.50,38.68,24.321,24.716,1,24.940,24.836,1,24.093,24.263,1,24.579,24.295,1,24.579,24.742,1,9.0
5,10.75,39.10,24.120,24.630,1,24.502,24.447,1,23.673,23.744,1,23.879,23.550,1,23.879,24.087,1,9.0
5,11.00,39.50,23.962,24.275,1,24.127,24.165,1,23.313,23.457,1,23.271,22.970,1,23.271,23.376,1,9.0
5,11.25,39.89,23.842,23.884,1,23.809,23.706,1,23.006,22.952,1,22.744,22.476,1,22.744,22.792,1,9.0
5,11.50,40.26,23.756,23.670,1,23.543,23.557,1,22.749,22.714,1,24.279,24.043,0,24.279,24.381,0,5.4
5,11.75,40.62,23.701,23.764,1,23.323,23.140,1,24.125,24.174,0,25.717,25.331,0,25.717,25.726,0,3.6
5,12.00,40.95,23.674,23.866,1,23.145,23.065,1,25.426,25.546,0,25.076,24.746,1,25.076,25.232,1,7.2
5,12.25,41.26,23.670,23.635,1,23.004,22.894,1,25.067,25.180,1,24.514,24.412,1,24.514,24.761,1,9.0
5,12.50,41.55,23.687,23.796,1,22.895,22.704,1,24.754,25.110,1,24.022,23.976,1,24.022,24.140,1,9.0
5,12.75,41.82,23.721,24.136,1,24.405,24.058,0,24.482,24.705,1,23.593,23.529,1,23.593,23.596,1,7.2
5,13.00,42.06,23.770,24.215,1,25.819,25.541,0,24.248,24.461,1,23.219,23.343,1,23.219,23.051,1,7.2
5,13.25,42.28,23.830,24.416,1,25.553,25.202,1,24.046,24.404,1,22.894,23.188,1,22.894,22.984,1,9.0
5,13.50,42.47,23.900,24.401,1,25.322,24.864,1,23.873,24.232,1,24.599,24.858,0,24.599,24.495,0,5.4
5,13.75,42.63,23.976,24.526,1,25.120,24.595,1,23.723,24.210,1,26.176,26.502,0,26.176,26.053,0,5.4
5,14.00,42.76,24.056,24.556,1,24.943,24.441,1,23.594,23.980,1,25.647,26.238,1,25.647,25.439,1,9.0
5,14.25,42.87,24.138,24.595,1,24.787,24.457,1,23.481,23.785,1,25.170,25.641,1,25.170,24.843,1,9.0
5,14.50,42.94,24.219,24.792,1,24.649,24.438,1,23.382,23.709,1,24.739,25.018,1,24.739,24.497,1,9.0
5,14.75,42.99,24.297,24.852,1,24.524,24.293,1,23.294,23.432,1,24.347,24.593,1,24.347,24.038,1,9.0
5,15.00,43.00,24.372,24.881,1,24.410,24.210,1,23.213,23.299,1,23.988,24.294,1,23.988,23.703,1,9.0
5,15.25,42.99,24.440,24.970,1,24.303,24.174,1,23.136,23.328,1,23.658,23.841,1,23.658,23.366,1,9.0
5,15.50,42.94,24.500,25.101,1,24.201,24.103,1,23.062,23.362,1,23.351,23.587,1,23.351,23.042,1,9.0
5,15.75,42.87,24.550,25.211,1,24.100,23.981,1,22.988,23.366,1,23.063,23.454,1,23.063,22.899,1,9.0
5,16.00,42.76,24.590,25.494,1,24.000,23.704,1,24.502,24.780,0,22.791,23.117,1,22.791,22.601,1,7.2
5,16.25,42.63,24.618,25.481,1,23.897,23.585,1,25.897,26.273,0,24.518,24.905,0,24.518,24.390,0,3.6
5,16.50,42.47,24.632,25.273,1,23.790,23.576,1,25.590,26.005,1,26.088,26.471,0,26.088,25.977,0,5.4
5,16.75,42.28,24.632,25.398,1,23.677,23.417,1,25.291,25.623,1,25.527,25.935,1,25.527,25.482,1,9.0
5,17.00,42.06,24.617,25.422,1,23.555,23.287,1,24.999,25.148,1,24.993,25.242,1,24.993,24.908,1,9.0
5,17.25,41.82,24.587,25.418,1,23.425,23.281,1,24.710,24.639,1,24.484,24.759,1,24.484,24.398,1,9.0
5,17.50,41.55,24.539,25.146,1,23.285,23.422,1,24.423,24.389,1,23.995,24.322,1,23.995,24.186,1,9.0
5,17.75,41.26,24.475,24.943,1,23.133,23.208,1,24.135,24.273,1,23.522,23.691,1,23.522,23.701,1,9.0
5,18.00,40.95,24.393,24.821,1,22.970,23.156,1,23.846,24.016,1,23.062,23.127,1,23.062,23.326,1,9.0
5,18.25,40.62,24.294,24.793,1,24.383,24.422,0,23.553,23.629,1,22.613,22.620,1,22.613,22.730,1,7.2
5,18.50,40.26,24.177,24.769,1,25.664,25.660,0,23.256,23.292,1,24.159,24.066,0,24.159,24.223,0,3.6
5,18.75,39.89,24.041,24.776,1,25.231,25.318,1,22.954,22.803,1,25.547,25.368,0,25.547,25.670,0,5.4
5,19.00,39.50,23.888,24.482,1,24.801,24.812,1,24.235,24.002,0,24.800,24.512,1,24.800,24.922,1,7.2
5,19.25,39.10,23.718,24.201,1,24.373,24.522,1,25.395,25.178,0,24.082,23.730,1,24.082,24.264,1,7.2
5,19.50,38.68,23.530,24.147,1,23.946,23.991,1,24.852,24.463,1,23.389,23.026,1,23.389,23.411,1,9.0
5,19.75,38.25,23.326,24.102,1,23.519,23.389,1,24.316,23.929,1,22.717,22.532,1,22.717,22.829,1,9.0
5,20.00,37.81,23.105,23.734,1,23.091,22.879,1,23.788,23.419,1,24.053,23.863,0,24.053,24.309,0,5.4
5,20.25,37.37,22.868,23.414,1,22.661,22.306,1,23.266,23.045,1,25.241,25.170,0,25.241,25.448,0,5.4
5,20.50,36.91,23.941,24.537,0,23.820,23.507,0,22.748,22.413,1,24.306,24.235,1,24.306,24.373,1,5.4
5,20.75,36.46,24.907,25.357,0,24.858,24.461,0,23.825,23.562,0,23.411,23.365,1,23.411,23.334,1,3.6
5,21.00,36.00,25.774,26.055,0,25.784,25.426,0,24.792,24.607,0,22.553,22.517,1,22.553,22.252,1,3.6
5,21.25,35.54,25.223,25.649,1,25.016,24.910,1,25.656,25.669,0,23.714,23.735,0,23.714,23.514,0,3.6
5,21.50,35.09,24.678,24.974,1,24.271,24.199,1,24.835,24.719,1,24.742,24.773,0,24.742,24.412,0,5.4
5,21.75,34.63,24.140,24.485,1,23.548,23.440,1,24.040,24.023,1,25.648,25.693,0,25.648,25.303,0,5.4
5,22.00,34.19,23.608,24.033,1,22.846,22.606,1,23.271,23.225,1,24.456,24.444,1,24.456,24.223,1,9.0
5,22.25,33.75,23.083,23.455,1,23.754,23.571,0,22.526,22.544,1,23.325,23.090,1,23.325,23.018,1,7.2
5,22.50,33.32,22.565,22.915,1,24.562,24.520,0,23.393,23.474,0,22.252,22.166,1,22.252,21.953,1,5.4
5,22.75,32.90,23.379,23.708,0,25.277,25.179,0,24.168,24.191,0,23.221,23.064,0,23.221,22.895,0,0.0
5,23.00,32.50,24.107,24.377,0,24.319,24.151,1,24.858,24.882,0,24.076,23.761,0,24.076,23.828,0,1.8
5,23.25,32.11,24.757,25.025,0,23.403,23.307,1,25.470,25.439,0,24.829,24.496,0,24.829,24.708,0,1.8
5,23.50,31.74,25.336,25.556,0,22.528,22.684,1,24.421,24.234,1,25.489,25.166,0,25.489,25.262,0,3.6
5,23.75,31.38,24.525,24.616,1,23.283,23.326,0,23.423,23.200,1,24.078,23.862,1,24.078,23.754,1,7.2
6,0.00,31.05,23.746,23.911,1,23.955,23.818,0,22.472,22.225,1,22.756,22.688,1,22.756,22.513,1,7.2
6,0.25,30.74,23.001,23.186,1,24.554,24.508,0,23.157,23.000,0,23.504,23.503,0,23.504,23.432,0,1.8
6,0.50,30.45,22.287,22.313,1,25.086,25.036,0,23.772,23.703,0,24.167,24.238,0,24.167,24.161,0,1.8
6,0.75,30.18,22.929,23.129,0,23.968,23.862,1,24.323,24.108,0,24.753,24.939,0,24.753,24.747,0,1.8
6,1.00,29.94,23.510,23.616,0,22.916,22.824,1,24.817,24.575,0,25.271,25.535,0,25.271,25.359,0,1.8
6,1.25,29.72,24.035,24.172,0,23.516,23.500,0,25.260,25.046,0,23.740,24.077,1,23.740,23.572,1,3.6
6,1.50,29.53,24.510,24.476,0,24.057,24.038,0,24.068,23.828,1,22.321,22.532,1,22.321,22.234,1,5.4
6,1.75,29.37,24.940,24.777,0,24.546,24.555,0,22.950,22.748,1,22.993,23.188,0,22.993,22.828,0,1.8
6,2.00,29.24,25.331,25.158,0,24.988,25.146,0,23.493,23.373,0,23.598,23.866,0,23.598,23.441,0,0.0
6,2.25,29.13,24.362,23.977,1,25.389,25.474,0,23.989,23.864,0,24.145,24.511,0,24.145,24.123,0,1.8
6,2.50,29.06,23.456,23.166,1,24.164,24.136,1,24.444,24.346,0,24.640,24.945,0,24.640,24.595,0,3.6
6,2.75,29.01,22.610,22.183,1,23.028,23.059,1,24.863,24.772,0,25.091,25.442,0,25.091,24.897,0,3.6
6,3.00,29.00,23.147,22.611,0,21.976,22.449,1,25.251,25.069,0,23.516,23.860,1,23.516,23.388,1,5.4
6,3.25,29.01,23.648,23.032,0,22.594,23.231,0,24.022,23.851,1,22.072,22.396,1,22.072,22.147,1,5.4
6,3.50,29.06,24.117,23.456,0,23.169,23.682,0,22.885,22.691,1,22.739,22.898,0,22.739,22.835,0,1.8
6,3.75,29.13,24.558,24.027,0,23.706,24.191,0,23.425,23.325,0,23.356,23.583,0,23.356,23.478,0,0.0
6,4.00,29.24,24.976,24.465,0,24.211,24.796,0,23.933,23.765,0,23.932,24.270,0,23.932,24.021,0,0.0
6,4.25,29.37,25.374,25.017,0,24.688,25.438,0,24.415,24.006,0,24.470,24.756,0,24.470,24.509,0,0.0
6,4.50,29.53,24.430,24.340,1,25.142,25.766,0,24.873,24.815,0,24.978,25.089,0,24.978,25.049,0,1.8
6,4.75,29.72,23.565,23.432,1,23.985,24.609,1,25.312,25.196,0,25.459,25.516,0,25.459,25.333,0,3.6
6,5.00,29.94,22.776,22.671,1,22.931,23.310,1,24.145,23.892,1,23.931,23.990,1,23.931,23.805,1,9.0
6,5.25,30.18,23.384,23.429,0,23.565,23.741,0,23.080,22.900,1,22.549,22.633,1,22.549,22.404,1,5.4
6,5.50,30.45,23.969,23.900,0,24.171,24.320,0,22.110,22.048,1,23.291,23.331,0,23.291,23.248,0,1.8
6,5.75,30.74,24.533,24.434,0,24.754,25.098,0,22.821,22.769,0,23.995,24.014,0,23.995,23.788,0,0.0
6,6.00,31.05,25.079,24.797,0,25.316,25.672,0,23.504,23.431,0,24.667,24.711,0,24.667,24.409,0,0.0
6,6.25,31.38,24.285,24.011,1,24.271,24.516,1,24.161,24.129,0,25.311,25.330,0,25.311,25.275,0,3.6
6,6.50,31.74,23.572,23.232,1,23.331,23.688,1,24.797,24.648,0,23.944,23.916,1,23.944,23.823,1,7.2
6,6.75,32.11,22.935,22.799,1,22.490,22.864,1,25.414,25.295,0,22.720,22.718,1,22.720,22.498,1,7.2
6,7.00,32.50,23.694,23.762,0,23.330,23.837,0,24.424,24.313,1,23.617,23.616,0,23.617,23.485,0,1.8
6,7.25,32.90,24.429,24.466,0,24.138,24.570,0,23.534,23.379,1,24.473,24.439,0,24.473,24.304,0,1.8
6,7.50,33.32,25.141,25.274,0,24.917,25.265,0,22.739,22.551,1,25.293,25.203,0,25.293,24.984,0,1.8
6,7.75,33.75,24.509,24.839,1,25.670,26.045,0,23.622,23.551,0,24.094,23.961,1,24.094,23.968,1,5.4
6,8.00,34.19,23.952,24.268,1,24.808,25.324,1,24.473,24.407,0,23.029,22.905,1,23.029,22.861,1,7.2
6,8.25,34.63,23.464,23.760,1,24.045,24.537,1,25.294,25.404,0,22.089,22.125,1,22.089,21.947,1,7.2
6,8.50,35.09,23.043,23.473,1,23.373,23.484,1,24.499,24.545,1,23.251,23.308,0,23.251,23.216,0,5.4
6,8.75,35.54,22.683,23.127,1,22.786,22.879,1,23.794,23.783,1,24.355,24.330,0,24.355,24.523,0,5.4
6,9.00,36.00,23.705,24.257,0,23.867,24.110,0,23.173,23.164,1,25.406,25.332,0,25.406,25.615,0,1.8
6,9.25,36.46,24.688,25.181,0,24.901,25.104,0,22.630,22.619,1,24.420,24.293,1,24.420,24.517,1,5.4
6,9.50,36.91,25.634,26.045,0,25.892,25.906,0,23.748,23.806,0,23.553,23.519,1,23.553,23.560,1,3.6
6,9.75,37.37,25.220,25.343,1,25.253,25.313,1,24.819,24.898,0,22.795,22.766,1,22.795,22.662,1,7.2
6,10.00,37.81,24.866,24.718,1,24.695,24.958,1,25.844,25.891,0,24.124,24.146,0,24.124,23.996,0,3.6
6,10.25,38.25,24.568,24.490,1,24.211,24.292,1,25.237,25.229,1,25.380,25.270,0,25.380,25.151,0,5.4
6,10.50,38.68,24.321,24.155,1,23.796,23.649,1,24.705,24.645,1,24.579,24.412,1,24.579,24.249,1,9.0
6,10.75,39.10,24.120,23.953,1,23.444,23.310,1,24.241,24.093,1,23.879,23.922,1,23.879,23.658,1,9.0
6,11.00,39.50,23.962,23.963,1,23.148,22.987,1,23.840,23.807,1,23.271,23.382,1,23.271,22.964,1,9.0
6,11.25,39.89,23.842,23.751,1,22.904,23.115,1,23.495,23.420,1,22.744,22.891,1,22.744,22.446,1,9.0
6,11.50,40.26,23.756,23.786,1,24.296,24.364,0,23.203,23.020,1,24.279,24.521,0,24.279,24.032,0,3.6
6,11.75,40.62,23.701,23.394,1,25.610,25.674,0,22.956,22.772,1,25.717,26.002,0,25.717,25.528,0,3.6
6,12.00,40.95,23.674,23.443,1,25.260,25.329,1,24.342,24.209,0,25.076,25.222,1,25.076,24.821,1,7.2
6,12.25,41.26,23.670,23.347,1,24.960,24.858,1,25.650,25.620,0,24.514,24.749,1,24.514,24.348,1,7.2
6,12.50,41.55,23.687,23.315,1,24.705,24.547,1,25.295,25.218,1,24.022,24.341,1,24.022,23.928,1,9.0
6,12.75,41.82,23.721,23.622,1,24.488,24.229,1,24.985,24.890,1,23.593,23.759,1,23.593,23.360,1,9.0
6,13.00,42.06,23.770,23.659,1,24.306,24.032,1,24.715,24.571,1,23.219,23.221,1,23.219,23.030,1,9.0
6,13.25,42.28,23.830,23.693,1,24.154,24.019,1,24.479,24.412,1,22.894,22.770,1,22.894,22.766,1,9.0
6,13.50,42.47,23.900,23.695,1,24.028,24.093,1,24.274,24.211,1,24.599,24.439,0,24.599,24.441,0,5.4
6,13.75,42.63,23.976,23.589,1,23.923,24.137,1,24.096,24.279,1,26.176,25.866,0,26.176,26.008,0,5.4
6,14.00,42.76,24.056,23.693,1,23.836,23.956,1,23.940,24.242,1,25.647,25.488,1,25.647,25.470,1,9.0
6,14.25,42.87,24.138,24.090,1,23.763,23.875,1,23.802,24.047,1,25.170,25.054,1,25.170,24.932,1,9.0
6,14.50,42.94,24.219,24.373,1,23.701,23.877,1,23.680,23.860,1,24.739,24.616,1,24.739,24.430,1,9.0
6,14.75,42.99,24.297,24.471,1,23.648,23.648,1,23.570,23.733,1,24.347,24.187,1,24.347,24.128,1,9.0
6,15.00,43.00,24.372,24.669,1,23.599,23.696,1,23.469,23.602,1,23.988,23.776,1,23.988,23.760,1,9.0
6,15.25,42.99,24.440,24.705,1,23.553,23.699,1,23.374,23.429,1,23.658,23.374,1,23.658,23.470,1,9.0
6,15.50,42.94,24.500,24.922,1,23.507,23.867,1,23.283,23.422,1,23.351,23.001,1,23.351,23.330,1,9.0
6,15.75,42.87,24.550,24.816,1,23.459,23.689,1,23.193,23.367,1,23.063,22.616,1,23.063,23.128,1,9.0
6,16.00,42.76,24.590,24.822,1,23.407,23.662,1,23.102,23.165,1,22.791,22.469,1,22.791,22.903,1,9.0
6,16.25,42.63,24.618,24.778,1,23.348,23.694,1,23.008,22.763,1,24.518,24.263,0,24.518,24.607,0,5.4
6,16.50,42.47,24.632,24.669,1,23.282,23.615,1,22.909,22.745,1,26.088,25.789,0,26.088,26.157,0,5.4
6,16.75,42.28,24.632,24.660,1,23.207,23.554,1,24.393,24.385,0,25.527,25.212,1,25.527,25.726,1,7.2
6,17.00,42.06,24.617,24.466,1,23.121,23.470,1,25.756,25.553,0,24.993,24.717,1,24.993,25.248,1,7.2
6,17.25,41.82,24.587,24.723,1,23.023,23.344,1,25.412,25.145,1,24.484,24.334,1,24.484,24.718,1,9.0
6,17.50,41.55,24.539,24.676,1,22.913,23.314,1,25.074,24.958,1,23.995,23.694,1,23.995,24.210,1,9.0
6,17.75,41.26,24.475,24.596,1,24.379,24.609,0,24.740,24.451,1,23.522,23.244,1,23.522,23.667,1,7.2
6,18.00,40.95,24.393,24.404,1,25.712,25.902,0,24.407,24.107,1,23.062,22.814,1,23.062,23.358,1,7.2
6,18.25,40.62,24.294,24.299,1,25.330,25.730,1,24.074,23.945,1,22.613,22.482,1,22.613,22.803,1,9.0
6,18.50,40.26,24.177,24.142,1,24.950,25.198,1,23.740,23.671,1,24.159,24.035,0,24.159,24.376,0,5.4
6,18.75,39.89,24.041,24.051,1,24.570,24.814,1,23.402,23.300,1,25.547,25.342,0,25.547,25.696,0,5.4
6,19.00,39.50,23.888,23.994,1,24.190,24.389,1,23.061,22.963,1,24.800,24.699,1,24.800,24.986,1,9.0
6,19.25,39.10,23.718,23.614,1,23.808,23.978,1,22.716,22.528,1,24.082,23.986,1,24.082,24.290,1,9.0
6,19.50,38.68,23.530,23.505,1,23.423,23.779,1,23.955,23.729,0,23.389,23.274,1,23.389,23.636,1,7.2
6,19.75,38.25,23.326,23.433,1,23.035,23.230,1,25.074,24.949,0,22.717,22.678,1,22.717,22.924,1,7.2
6,20.00,37.81,23.105,23.163,1,22.643,22.908,1,24.492,24.427,1,24.053,24.056,0,24.053,24.162,0,5.4
6,20.25,37.37,22.868,22.688,1,23.838,24.064,0,23.918,23.830,1,25.241,25.288,0,25.241,25.259,0,3.6
6,20.50,36.91,23.941,23.865,0,24.908,25.162,0,23.354,23.190,1,24.306,24.439,1,24.306,24.287,1,5.4
6,20.75,36.46,24.907,24.745,0,25.865,26.124,0,22.798,22.649,1,23.411,23.444,1,23.411,23.459,1,5.4
6,21.00,36.00,25.774,25.626,0,25.125,25.265,1,23.838,23.505,0,22.553,22.623,1,22.553,22.606,1,5.4
6,21.25,35.54,25.223,25.106,1,24.406,24.701,1,24.771,24.189,0,23.714,23.899,0,23.714,23.905,0,3.6
6,21.50,35.09,24.678,24.441,1,23.707,24.096,1,25.604,24.988,0,24.742,24.809,0,24.742,24.903,0,3.6
6,21.75,34.63,24.140,24.173,1,23.027,23.421,1,24.754,24.205,1,25.648,25.793,0,25.648,25.728,0,5.4
6,22.00,34.19,23.608,23.841,1,22.364,22.910,1,23.933,23.488,1,24.456,24.510,1,24.456,24.639,1,9.0
6,22.25,33.75,23.083,23.332,1,23.308,23.878,0,23.140,22.868,1,23.325,23.416,1,23.325,23.396,1,7.2
6,22.50,33.32,22.565,22.990,1,24.149,24.696,0,22.373,22.165,1,22.252,22.393,1,22.252,22.349,1,7.2
6,22.75,32.90,23.379,23.863,0,24.895,25.412,0,23.221,23.014,0,23.221,23.295,0,23.221,23.254,0,0.0
6,23.00,32.50,24.107,24.504,0,25.556,26.142,0,23.979,23.755,0,24.076,24.132,0,24.076,24.096,0,0.0
6,23.25,32.11,24.757,25.186,0,24.547,25.154,1,24.655,24.676,0,24.829,24.746,0,24.829,24.823,0,1.8
6,23.50,31.74,25.336,25.800,0,23.587,23.927,1,25.255,25.472,0,25.489,25.403,0,25.489,25.400,0,1.8
6,23.75,31.38,24.525,25.073,1,22.672,22.709,1,24.196,24.415,1,24.078,23.906,1,24.078,23.997,1,9.0
7,0.00,31.05,23.746,24.290,1,23.390,23.521,0,23.190,23.434,1,22.756,22.801,1,22.756,22.689,1,7.2
7,0.25,30.74,23.001,23.444,1,24.031,24.298,0,22.233,22.445,1,23.504,23.585,0,23.504,23.032,0,3.6
7,0.50,30.45,22.287,22.747,1,24.602,24.834,0,22.914,23.056,0,24.167,24.176,0,24.167,23.837,0,1.8
7,0.75,30.18,22.929,23.068,0,25.110,25.703,0,23.528,23.786,0,24.753,24.797,0,24.753,24.655,0,0.0
7,1.00,29.94,23.510,23.672,0,23.973,24.397,1,24.079,24.428,0,25.271,25.153,0,25.271,25.245,0,1.8
7,1.25,29.72,24.035,24.342,0,22.904,23.351,1,24.575,24.725,0,23.740,23.655,1,23.740,23.704,1,5.4
7,1.50,29.53,24.510,24.686,0,23.491,23.611,0,25.022,25.022,0,22.321,22.196,1,22.321,22.406,1,3.6
7,1.75,29.37,24.940,25.471,0,24.022,24.235,0,23.835,23.746,1,22.993,22.839,0,22.993,23.182,0,1.8
7,2.00,29.24,25.331,25.892,0,24.503,24.742,0,22.724,22.671,1,23.598,23.575,0,23.598,24.003,0,1.8
7,2.25,29.13,24.362,24.868,1,24.941,25.175,0,23.276,23.285,0,24.145,24.080,0,24.145,24.280,0,1.8
7,2.50,29.06,23.456,23.978,1,25.339,25.461,0,23.782,23.940,0,24.640,24.599,0,24.640,24.918,0,1.8
7,2.75,29.01,22.610,22.964,1,24.115,24.363,1,24.249,24.206,0,25.091,25.144,0,25.091,25.317,0,3.6
7,3.00,29.00,23.147,23.593,0,22.982,23.161,1,24.681,24.720,0,23.516,23.612,1,23.516,23.759,1,5.4
7,3.25,29.01,23.648,24.109,0,23.524,23.890,0,25.083,25.054,0,22.072,22.293,1,22.072,22.254,1,3.6
7,3.50,29.06,24.117,24.695,0,24.029,24.644,0,23.870,23.753,1,22.739,22.731,0,22.739,22.919,0,1.8
7,3.75,29.13,24.558,24.985,0,24.502,24.992,0,22.749,22.606,1,23.356,23.298,0,23.356,23.669,0,1.8
7,4.00,29.24,24.976,25.512,0,24.947,25.529,0,23.306,23.440,0,23.932,23.805,0,23.932,23.951,0,0.0
7,4.25,29.37,25.374,26.129,0,25.369,25.923,0,23.833,23.947,0,24.470,24.184,0,24.470,24.347,0,0.0
7,4.50,29.53,24.430,25.203,1,24.181,24.663,1,24.333,24.192,0,24.978,24.630,0,24.978,24.977,0,3.6
7,4.75,29.72,23.565,24.434,1,23.097,23.556,1,24.811,25.005,0,25.459,25.245,0,25.459,25.648,0,3.6
7,5.00,29.94,22.776,23.738,1,22.110,22.625,1,25.270,25.293,0,23.931,23.585,1,23.931,24.023,1,7.2
7,5.25,30.18,23.384,24.285,0,22.805,23.269,0,24.124,24.187,1,22.549,22.235,1,22.549,22.682,1,5.4
7,5.50,30.45,23.969,24.913,0,23.468,23.887,0,23.079,23.103,1,23.291,22.757,0,23.291,23.501,0,1.8
7,5.75,30.74,24.533,25.278,0,24.104,24.369,0,22.130,22.250,1,23.995,23.603,0,23.995,24.256,0,1.8
7,6.00,31.05,25.079,25.878,0,24.715,24.820,0,22.863,22.945,0,24.667,24.261,0,24.667,25.083,0,0.0
7,6.25,31.38,24.285,25.122,1,25.305,25.370,0,23.566,23.735,0,25.311,24.982,0,25.311,25.673,0,1.8
7,6.50,31.74,23.572,24.388,1,24.287,24.450,1,24.245,24.381,0,23.944,23.528,1,23.944,24.307,1,7.2
7,6.75,32.11,22.935,23.633,1,23.374,23.380,1,24.901,24.936,0,22.720,22.322,1,22.720,23.050,1,7.2
7,7.00,32.50,23.694,24.399,0,22.559,22.538,1,25.538,25.621,0,23.617,23.223,0,23.617,23.971,0,1.8
7,7.25,32.90,24.429,25.118,0,23.424,23.476,0,24.568,24.806,1,24.473,24.091,0,24.473,24.625,0,1.8
7,7.50,33.32,25.141,25.751,0,24.257,24.402,0,23.699,23.915,1,25.293,24.980,0,25.293,25.249,0,1.8
7,7.75,33.75,24.509,24.945,1,25.059,25.255,0,22.922,23.205,1,24.094,23.739,1,24.094,24.092,1,7.2
7,8.00,34.19,23.952,24.247,1,24.243,24.279,1,23.823,24.086,0,23.029,22.731,1,23.029,23.069,1,7.2
7,8.25,34.63,23.464,23.829,1,23.523,23.760,1,24.692,25.036,0,22.089,21.786,1,22.089,22.223,1,7.2
7,8.50,35.09,23.043,23.173,1,22.890,23.116,1,25.530,25.959,0,23.251,23.044,0,23.251,23.459,0,3.6
7,8.75,35.54,22.683,23.058,1,23.929,24.042,0,24.751,25.227,1,24.355,24.160,0,24.355,24.659,0,3.6
7,9.00,36.00,23.705,24.059,0,24.924,25.121,0,24.061,24.665,1,25.406,25.290,0,25.406,25.657,0,1.8
7,9.25,36.46,24.688,24.956,0,25.879,25.972,0,23.454,24.115,1,24.420,24.442,1,24.420,24.621,1,5.4
7,9.50,36.91,25.634,25.631,0,25.207,25.213,1,22.923,23.567,1,23.553,23.482,1,23.553,23.529,1,7.2
7,9.75,37.37,25.220,25.157,1,24.619,24.375,1,24.053,24.669,0,22.795,22.693,1,22.795,22.780,1,7.2
7,10.00,37.81,24.866,24.985,1,24.108,23.778,1,25.133,25.445,0,24.124,24.029,0,24.124,24.159,0,3.6
7,10.25,38.25,24.568,24.482,1,23.669,23.327,1,24.578,24.819,1,25.380,25.297,0,25.380,25.347,0,5.4
7,10.50,38.68,24.321,24.603,1,23.295,22.955,1,24.093,24.331,1,24.579,24.458,1,24.579,24.273,1,9.0
7,10.75,39.10,24.120,24.561,1,22.980,22.288,1,23.673,24.041,1,23.879,23.644,1,23.879,23.462,1,9.0
7,11.00,39.50,23.962,24.344,1,24.309,23.955,0,23.313,23.680,1,23.271,23.040,1,23.271,22.814,1,7.2
7,11.25,39.89,23.842,24.273,1,25.567,25.203,0,23.006,23.418,1,22.744,22.348,1,22.744,22.389,1,7.2
7,11.50,40.26,23.756,24.187,1,25.169,24.676,1,22.749,23.002,1,24.279,23.909,0,24.279,23.909,0,5.4
7,11.75,40.62,23.701,24.129,1,24.828,24.209,1,24.125,24.253,0,25.717,25.587,0,25.717,25.295,0,3.6
7,12.00,40.95,23.674,24.001,1,24.537,23.958,1,25.426,25.510,0,25.076,25.075,1,25.076,24.637,1,7.2
7,12.25,41.26,23.670,24.080,1,24.291,23.666,1,25.067,25.229,1,24.514,24.492,1,24.514,24.100,1,9.0
7,12.50,41.55,23.687,24.044,1,24.086,23.590,1,24.754,24.765,1,24.022,23.909,1,24.022,23.863,1,9.0
7,12.75,41.82,23.721,24.111,1,23.916,23.426,1,24.482,24.565,1,23.593,23.486,1,23.593,23.214,1,9.0
7,13.00,42.06,23.770,24.142,1,23.777,23.321,1,24.248,24.362,1,23.219,23.048,1,23.219,22.855,1,9.0
7,13.25,42.28,23.830,24.320,1,23.665,23.236,1,24.046,24.100,1,22.894,22.775,1,22.894,22.525,1,9.0
7,13.50,42.47,23.900,24.485,1,23.575,23.168,1,23.873,23.963,1,24.599,24.425,0,24.599,24.136,0,5.4
7,13.75,42.63,23.976,24.600,1,23.504,23.169,1,23.723,23.876,1,26.176,26.090,0,26.176,25.606,0,5.4
7,14.00,42.76,24.056,24.634,1,23.448,22.902,1,23.594,23.791,1,25.647,25.465,1,25.647,25.183,1,9.0
7,14.25,42.87,24.138,24.756,1,23.404,22.847,1,23.481,23.656,1,25.170,25.124,1,25.170,24.580,1,9.0
7,14.50,42.94,24.219,24.862,1,23.370,22.883,1,23.382,23.647,1,24.739,24.539,1,24.739,24.207,1,9.0
7,14.75,42.99,24.297,25.025,1,23.341,23.068,1,23.294,23.445,1,24.347,24.140,1,24.347,24.061,1,9.0
7,15.00,43.00,24.372,24.835,1,23.315,23.064,1,23.213,23.368,1,23.988,23.818,1,23.988,23.633,1,9.0
7,15.25,42.99,24.440,24.987,1,23.290,23.173,1,23.136,23.482,1,23.658,23.429,1,23.658,23.288,1,9.0
7,15.50,42.94,24.500,25.140,1,23.264,23.380,1,23.062,23.372,1,23.351,22.999,1,23.351,22.996,1,9.0
7,15.75,42.87,24.550,25.257,1,23.234,23.421,1,22.988,23.393,1,23.063,22.931,1,23.063,22.699,1,9.0
7,16.00,42.76,24.590,25.104,1,23.199,23.221,1,24.502,24.853,0,22.791,22.770,1,22.791,22.643,1,7.2
7,16.25,42.63,24.618,25.110,1,23.156,23.177,1,25.897,26.198,0,24.518,24.616,0,24.518,24.305,0,3.6
7,16.50,42.47,24.632,25.061,1,23.104,23.114,1,25.590,25.858,1,26.088,26.350,0,26.088,25.804,0,5.4
7,16.75,42.28,24.632,25.350,1,23.042,22.971,1,25.291,25.439,1,25.527,25.699,1,25.527,25.338,1,9.0
7,17.00,42.06,24.617,25.262,1,22.969,23.042,1,24.999,25.039,1,24.993,24.988,1,24.993,24.785,1,9.0
7,17.25,41.82,24.587,25.204,1,24.473,24.359,0,24.710,24.734,1,24.484,24.531,1,24.484,24.212,1,7.2
7,17.50,41.55,24.539,24.984,1,25.844,25.608,0,24.423,24.428,1,23.995,24.080,1,23.995,24.038,1,7.2
7,17.75,41.26,24.475,25.032,1,25.500,25.134,1,24.135,23.966,1,23.522,23.588,1,23.522,23.725,1,9.0
7,18.00,40.95,24.393,24.984,1,25.159,24.765,1,23.846,23.807,1,23.062,23.254,1,23.062,23.398,1,9.0
7,18.25,40.62,24.294,24.681,1,24.818,24.517,1,23.553,23.373,1,22.613,22.708,1,22.613,22.781,1,9.0
7,18.50,40.26,24.177,24.490,1,24.476,24.030,1,23.256,23.182,1,24.159,24.244,0,24.159,24.220,0,5.4
7,18.75,39.89,24.041,24.389,1,24.132,23.917,1,22.954,22.926,1,25.547,25.567,0,25.547,25.572,0,5.4
7,19.00,39.50,23.888,24.187,1,23.785,23.506,1,24.235,24.016,0,24.800,24.782,1,24.800,24.953,1,7.2
7,19.25,39.10,23.718,23.875,1,23.433,22.946,1,25.395,25.188,0,24.082,24.172,1,24.082,24.039,1,7.2
7,19.50,38.68,23.530,23.697,1,23.077,22.689,1,24.852,24.726,1,23.389,23.523,1,23.389,23.414,1,9.0
7,19.75,38.25,23.326,23.262,1,22.715,22.441,1,24.316,24.359,1,22.717,22.817,1,22.717,22.779,1,9.0
7,20.00,37.81,23.105,22.910,1,23.937,23.849,0,23.788,23.757,1,24.053,24.300,0,24.053,24.068,0,3.6
7,20.25,37.37,22.868,22.785,1,25.034,24.890,0,23.266,23.450,1,25.241,25.275,0,25.241,25.294,0,3.6
7,20.50,36.91,23.941,23.585,0,24.425,24.149,1,22.748,23.129,1,24.306,24.424,1,24.306,24.144,1,7.2
7,20.75,36.46,24.907,24.586,0,23.828,23.503,1,23.825,24.232,0,23.411,23.695,1,23.411,23.333,1,5.4
7,21.00,36.00,25.774,25.543,0,23.240,23.010,1,24.792,25.034,0,22.553,22.875,1,22.553,22.578,1,5.4
7,21.25,35.54,25.223,24.932,1,22.663,22.378,1,25.656,26.038,0,23.714,24.024,0,23.714,23.619,0,3.6
7,21.50,35.09,24.678,24.360,1,23.685,23.372,0,24.835,25.172,1,24.742,25.014,0,24.742,24.630,0,3.6
7,21.75,34.63,24.140,24.080,1,24.596,24.416,0,24.040,24.512,1,25.648,25.731,0,25.648,25.559,0,3.6
7,22.00,34.19,23.608,23.713,1,25.405,25.332,0,23.271,23.618,1,24.456,24.457,1,24.456,24.476,1,7.2
7,22.25,33.75,23.083,23.149,1,24.531,24.544,1,22.526,22.856,1,23.325,23.315,1,23.325,23.355,1,9.0
7,22.50,33.32,22.565,22.512,1,23.691,23.910,1,23.393,23.752,0,22.252,22.377,1,22.252,22.224,1,7.2
7,22.75,32.90,23.379,23.258,0,22.882,23.040,1,24.168,24.393,0,23.221,23.399,0,23.221,23.270,0,1.8
7,23.00,32.50,24.107,23.929,0,23.693,23.797,0,24.858,25.103,0,24.076,24.164,0,24.076,24.078,0,0.0
7,23.25,32.11,24.757,24.808,0,24.414,24.416,0,25.470,25.633,0,24.829,25.148,0,24.829,24.608,0,0.0
7,23.50,31.74,25.336,25.221,0,25.054,25.275,0,24.421,24.521,1,25.489,25.824,0,25.489,25.512,0,1.8
7,23.75,31.38,24.525,24.324,1,24.028,24.155,1,23.423,23.559,1,24.078,24.373,1,24.078,24.044,1,9.0
8,0.00,31.05,23.746,23.548,1,23.055,23.007,1,22.472,22.647,1,22.756,23.101,1,22.756,22.708,1,9.0
8,0.25,30.74,23.001,22.792,1,22.131,22.155,1,23.157,23.254,0,23.504,23.785,0,23.504,23.454,0,3.6
8,0.50,30.45,22.287,22.298,1,22.845,22.860,0,23.772,23.846,0,24.167,24.404,0,24.167,24.082,0,1.8
8,0.75,30.18,22.929,22.809,0,23.485,23.387,0,24.323,24.488,0,24.753,24.912,0,24.753,24.686,0,0.0
8,1.00,29.94,23.510,23.337,0,24.059,23.809,0,24.817,24.913,0,25.271,25.548,0,25.271,25.167,0,0.0
8,1.25,29.72,24.035,23.788,0,24.574,24.296,0,25.260,25.308,0,23.740,24.012,1,23.740,23.604,1,3.6
8,1.50,29.53,24.510,24.274,0,25.036,24.726,0,24.068,24.152,1,22.321,22.595,1,22.321,22.220,1,5.4
8,1.75,29.37,24.940,24.814,0,23.861,23.570,1,22.950,23.163,1,22.993,23.284,0,22.993,23.058,0,3.6
8,2.00,29.24,25.331,25.207,0,22.764,22.536,1,23.493,23.607,0,23.598,23.861,0,23.598,23.742,0,1.8
8,2.25,29.13,24.362,24.201,1,23.332,23.308,0,23.989,24.095,0,24.145,24.534,0,24.145,24.165,0,1.8
8,2.50,29.06,23.456,23.273,1,23.852,23.770,0,24.444,24.654,0,24.640,25.052,0,24.640,24.650,0,1.8
8,2.75,29.01,22.610,22.384,1,24.329,24.252,0,24.863,25.134,0,25.091,25.542,0,25.091,25.094,0,1.8
8,3.00,29.00,23.147,22.884,0,24.769,24.712,0,25.251,25.509,0,23.516,23.946,1,23.516,23.471,1,3.6
8,3.25,29.01,23.648,23.646,0,25.178,25.050,0,24.022,24.426,1,22.072,22.593,1,22.072,22.131,1,5.4
8,3.50,29.06,24.117,24.368,0,23.969,23.922,1,22.885,23.212,1,22.739,23.157,0,22.739,22.721,0,3.6
8,3.75,29.13,24.558,24.897,0,22.856,22.633,1,23.425,23.558,0,23.356,23.880,0,23.356,23.447,0,1.8
8,4.00,29.24,24.976,25.337,0,23.425,23.337,0,23.933,24.141,0,23.932,24.385,0,23.932,23.859,0,0.0
8,4.25,29.37,25.374,25.872,0,23.961,23.936,0,24.415,24.446,0,24.470,24.892,0,24.470,24.356,0,0.0
8,4.50,29.53,24.430,24.863,1,24.469,24.406,0,24.873,24.964,0,24.978,25.337,0,24.978,24.754,0,1.8
8,4.75,29.72,23.565,24.046,1,24.953,24.956,0,25.312,25.232,0,25.459,25.822,0,25.459,25.351,0,1.8
8,5.00,29.94,22.776,23.188,1,25.417,25.442,0,24.145,23.987,1,23.931,24.090,1,23.931,23.888,1,7.2
8,5.25,30.18,23.384,23.743,0,24.274,24.349,1,23.080,22.911,1,22.549,22.667,1,22.549,22.528,1,7.2
8,5.50,30.45,23.969,24.283,0,23.237,23.411,1,22.110,21.910,1,23.291,23.258,0,23.291,23.286,0,3.6
8,5.75,30.74,24.533,24.640,0,22.299,22.146,1,22.821,22.517,0,23.995,23.924,0,23.995,23.908,0,1.8
8,6.00,31.05,25.079,24.967,0,23.046,22.881,0,23.504,23.368,0,24.667,24.683,0,24.667,24.590,0,0.0
8,6.25,31.38,24.285,24.309,1,23.761,23.559,0,24.161,23.939,0,25.311,25.390,0,25.311,25.128,0,1.8
8,6.50,31.74,23.572,23.639,1,24.449,24.264,0,24.797,24.555,0,23.944,23.971,1,23.944,23.898,1,5.4
8,6.75,32.11,22.935,22.780,1,25.114,24.980,0,25.414,25.163,0,22.720,22.674,1,22.720,22.683,1,5.4
8,7.00,32.50,23.694,23.598,0,24.168,24.040,1,24.424,24.226,1,23.617,23.711,0,23.617,23.521,0,3.6
8,7.25,32.90,24.429,24.399,0,23.323,22.996,1,23.534,23.409,1,24.473,24.379,0,24.473,24.453,0,3.6
8,7.50,33.32,25.141,25.050,0,22.573,22.299,1,22.739,22.461,1,25.293,25.210,0,25.293,25.361,0,3.6
8,7.75,33.75,24.509,24.510,1,23.501,23.252,0,23.622,23.371,0,24.094,24.129,1,24.094,24.231,1,5.4
8,8.00,34.19,23.952,23.868,1,24.393,24.098,0,24.473,24.170,0,23.029,23.057,1,23.029,23.031,1,5.4
8,8.25,34.63,23.464,23.098,1,25.251,24.959,0,25.294,25.050,0,22.089,22.132,1,22.089,22.205,1,5.4
8,8.50,35.09,23.043,22.538,1,24.489,24.163,1,24.499,24.116,1,23.251,23.314,0,23.251,23.344,0,5.4
8,8.75,35.54,22.683,22.164,1,23.818,23.530,1,23.794,23.369,1,24.355,24.313,0,24.355,24.604,0,5.4
8,9.00,36.00,23.705,23.347,0,23.231,22.950,1,23.173,22.616,1,25.406,25.348,0,25.406,25.690,0,3.6
8,9.25,36.46,24.688,24.389,0,22.723,22.593,1,22.630,22.267,1,24.420,24.360,1,24.420,24.627,1,7.2
8,9.50,36.91,25.634,25.298,0,23.878,23.710,0,23.748,23.524,0,23.553,23.458,1,23.553,23.564,1,3.6
8,9.75,37.37,25.220,24.980,1,24.979,24.816,0,24.819,24.564,0,22.795,22.521,1,22.795,22.927,1,5.4
8,10.00,37.81,24.866,24.745,1,26.032,25.746,0,25.844,25.632,0,24.124,23.774,0,24.124,24.101,0,1.8
8,10.25,38.25,24.568,24.175,1,25.448,25.286,1,25.237,25.147,1,25.380,25.035,0,25.380,25.352,0,5.4
8,10.50,38.68,24.321,24.204,1,24.940,24.702,1,24.705,24.489,1,24.579,24.281,1,24.579,24.612,1,9.0
8,10.75,39.10,24.120,23.975,1,24.502,24.114,1,24.241,23.960,1,23.879,23.677,1,23.879,23.984,1,9.0
8,11.00,39.50,23.962,23.606,1,24.127,23.628,1,23.840,23.475,1,23.271,23.086,1,23.271,23.595,1,9.0
8,11.25,39.89,23.842,23.482,1,23.809,23.368,1,23.495,23.077,1,22.744,22.826,1,22.744,22.973,1,9.0
8,11.50,40.26,23.756,23.364,1,23.543,23.165,1,23.203,22.676,1,24.279,24.430,0,24.279,24.485,0,5.4
8,11.75,40.62,23.701,23.234,1,23.323,22.911,1,22.956,22.267,1,25.717,25.800,0,25.717,25.664,0,5.4
8,12.00,40.95,23.674,23.192,1,23.145,22.713,1,24.342,23.655,0,25.076,25.095,1,25.076,24.940,1,7.2
8,12.25,41.26,23.670,23.403,1,23.004,22.791,1,25.650,25.013,0,24.514,24.640,1,24.514,24.360,1,7.2
8,12.50,41.55,23.687,23.406,1,22.895,22.602,1,25.295,24.801,1,24.022,24.195,1,24.022,23.748,1,9.0
8,12.75,41.82,23.721,23.490,1,24.405,24.078,0,24.985,24.438,1,23.593,23.746,1,23.593,23.146,1,7.2
8,13.00,42.06,23.770,23.503,1,25.819,25.756,0,24.715,24.271,1,23.219,23.248,1,23.219,22.875,1,7.2
8,13.25,42.28,23.830,23.603,1,25.553,25.457,1,24.479,24.014,1,22.894,22.920,1,22.894,22.522,1,9.0
8,13.50,42.47,23.900,23.672,1,25.322,25.326,1,24.274,23.948,1,24.599,24.498,0,24.599,24.215,0,5.4
8,13.75,42.63,23.976,23.988,1,25.120,25.342,1,24.096,23.844,1,26.176,26.240,0,26.176,25.957,0,5.4
8,14.00,42.76,24.056,24.049,1,24.943,24.900,1,23.940,23.706,1,25.647,25.581,1,25.647,25.464,1,9.0
8,14.25,42.87,24.138,24.367,1,24.787,24.779,1,23.802,23.503,1,25.170,24.999,1,25.170,24.800,1,9.0
8,14.50,42.94,24.219,24.168,1,24.649,24.839,1,23.680,23.508,1,24.739,24.572,1,24.739,24.390,1,9.0
8,14.75,42.99,24.297,24.244,1,24.524,24.694,1,23.570,23.573,1,24.347,24.234,1,24.347,23.825,1,9.0
8,15.00,43.00,24.372,24.467,1,24.410,24.327,1,23.469,23.426,1,23.988,23.754,1,23.988,23.523,1,9.0
8,15.25,42.99,24.440,24.356,1,24.303,24.061,1,23.374,23.217,1,23.658,23.525,1,23.658,23.220,1,9.0
8,15.50,42.94,24.500,24.514,1,24.201,24.149,1,23.283,23.168,1,23.351,23.286,1,23.351,22.855,1,9.0
8,15.75,42.87,24.550,24.552,1,24.100,23.913,1,23.193,23.152,1,23.063,23.092,1,23.063,22.718,1,9.0
8,16.00,42.76,24.590,24.588,1,24.000,23.941,1,23.102,23.049,1,22.791,22.763,1,22.791,22.533,1,9.0
8,16.25,42.63,24.618,24.714,1,23.897,24.113,1,23.008,23.043,1,24.518,24.387,0,24.518,24.183,0,5.4
8,16.50,42.47,24.632,24.543,1,23.790,23.994,1,22.909,22.816,1,26.088,26.101,0,26.088,25.757,0,5.4
8,16.75,42.28,24.632,24.639,1,23.677,23.878,1,24.393,24.348,0,25.527,25.439,1,25.527,25.225,1,7.2
8,17.00,42.06,24.617,24.565,1,23.555,23.725,1,25.756,25.729,0,24.993,24.980,1,24.993,24.673,1,7.2
8,17.25,41.82,24.587,24.651,1,23.425,23.618,1,25.412,25.574,1,24.484,24.154,1,24.484,24.128,1,9.0
8,17.50,41.55,24.539,24.767,1,23.285,23.151,1,25.074,25.388,1,23.995,23.706,1,23.995,23.461,1,9.0
8,17.75,41.26,24.475,24.778,1,23.133,22.884,1,24.740,24.919,1,23.522,23.402,1,23.522,23.001,1,9.0
8,18.00,40.95,24.393,24.537,1,22.970,22.990,1,24.407,24.674,1,23.062,22.922,1,23.062,22.511,1,9.0
8,18.25,40.62,24.294,24.395,1,24.383,24.594,0,24.074,24.203,1,22.613,22.365,1,22.613,22.250,1,7.2
8,18.50,40.26,24.177,24.230,1,25.664,25.866,0,23.740,23.915,1,24.159,23.898,0,24.159,23.579,0,3.6
8,18.75,39.89,24.041,24.061,1,25.231,25.564,1,23.402,23.806,1,25.547,25.301,0,25.547,25.021,0,5.4
8,19.00,39.50,23.888,24.090,1,24.801,25.174,1,23.061,23.458,1,24.800,24.389,1,24.800,24.284,1,9.0
8,19.25,39.10,23.718,23.929,1,24.373,24.524,1,22.716,23.032,1,24.082,23.876,1,24.082,23.591,1,9.0
8,19.50,38.68,23.530,23.526,1,23.946,23.851,1,23.955,24.238,0,23.389,23.148,1,23.389,22.856,1,7.2
8,19.75,38.25,23.326,23.353,1,23.519,23.468,1,25.074,25.349,0,22.717,22.534,1,22.717,22.109,1,7.2
8,20.00,37.81,23.105,23.042,1,23.091,23.006,1,24.492,24.732,1,24.053,23.983,0,24.053,23.429,0,5.4
8,20.25,37.37,22.868,22.707,1,22.661,22.766,1,23.918,24.153,1,25.241,25.044,0,25.241,24.647,0,5.4
8,20.50,36.91,23.941,23.629,0,23.820,23.776,0,23.354,23.414,1,24.306,24.053,1,24.306,23.987,1,5.4
8,20.75,36.46,24.907,24.763,0,24.858,24.987,0,22.798,22.975,1,23.411,23.170,1,23.411,23.167,1,5.4
8,21.00,36.00,25.774,25.658,0,25.784,25.769,0,23.838,23.866,0,22.553,22.422,1,22.553,22.205,1,3.6
8,21.25,35.54,25.223,25.145,1,25.016,25.082,1,24.771,24.881,0,23.714,23.632,0,23.714,23.275,0,3.6
8,21.50,35.09,24.678,24.682,1,24.271,24.314,1,25.604,25.592,0,24.742,24.478,0,24.742,24.395,0,3.6
8,21.75,34.63,24.140,23.933,1,23.548,23.378,1,24.754,24.942,1,25.648,25.295,0,25.648,25.292,0,5.4
8,22.00,34.19,23.608,23.432,1,22.846,22.702,1,23.933,23.987,1,24.456,24.069,1,24.456,24.219,1,9.0
8,22.25,33.75,23.083,22.887,1,23.754,23.621,0,23.140,22.943,1,23.325,22.922,1,23.325,23.201,1,7.2
8,22.50,33.32,22.565,22.290,1,24.562,24.326,0,22.373,22.238,1,22.252,21.947,1,22.252,22.176,1,7.2
8,22.75,32.90,23.379,23.054,0,25.277,25.157,0,23.221,23.284,0,23.221,23.059,0,23.221,22.989,0,0.0
8,23.00,32.50,24.107,24.211,0,24.319,24.049,1,23.979,23.897,0,24.076,23.960,0,24.076,23.858,0,1.8
8,23.25,32.11,24.757,24.900,0,23.403,23.320,1,24.655,24.686,0,24.829,24.638,0,24.829,24.640,0,1.8
8,23.50,31.74,25.336,25.601,0,22.528,22.582,1,25.255,25.411,0,25.489,25.396,0,25.489,25.393,0,1.8
8,23.75,31.38,24.525,24.693,1,23.283,23.170,0,24.196,24.384,1,24.078,23.951,1,24.078,24.122,1,7.2
9,0.00,31.05,23.746,23.780,1,23.955,23.807,0,23.190,23.311,1,22.756,22.734,1,22.756,22.873,1,7.2
9,0.25,30.74,23.001,23.035,1,24.554,24.457,0,22.233,22.525,1,23.504,23.315,0,23.504,23.688,0,3.6
9,0.50,30.45,22.287,22.463,1,25.086,25.146,0,22.914,23.268,0,24.167,23.923,0,24.167,24.276,0,1.8
9,0.75,30.18,22.929,23.178,0,23.968,23.950,1,23.528,23.823,0,24.753,24.389,0,24.753,24.727,0,1.8
9,1.00,29.94,23.510,23.780,0,22.916,22.848,1,24.079,24.259,0,25.271,24.925,0,25.271,25.279,0,1.8
9,1.25,29.72,24.035,24.243,0,23.516,23.476,0,24.575,24.748,0,23.740,23.405,1,23.740,23.746,1,3.6
9,1.50,29.53,24.510,24.577,0,24.057,23.960,0,25.022,24.969,0,22.321,21.907,1,22.321,22.202,1,3.6
9,1.75,29.37,24.940,24.947,0,24.546,24.597,0,23.835,23.786,1,22.993,22.635,0,22.993,22.787,0,1.8
9,2.00,29.24,25.331,25.376,0,24.988,25.240,0,22.724,22.671,1,23.598,23.197,0,23.598,23.291,0,1.8
9,2.25,29.13,24.362,24.438,1,25.389,25.501,0,23.276,23.308,0,24.145,23.687,0,24.145,23.695,0,1.8
9,2.50,29.06,23.456,23.589,1,24.164,24.107,1,23.782,23.880,0,24.640,24.327,0,24.640,24.174,0,3.6
9,2.75,29.01,22.610,22.758,1,23.028,23.147,1,24.249,24.284,0,25.091,24.963,0,25.091,24.637,0,3.6
9,3.00,29.00,23.147,23.154,0,21.976,22.095,1,24.681,24.739,0,23.516,23.509,1,23.516,23.200,1,5.4
9,3.25,29.01,23.648,23.704,0,22.594,22.781,0,25.083,25.155,0,22.072,22.142,1,22.072,21.733,1,3.6
9,3.50,29.06,24.117,24.021,0,23.169,23.363,0,23.870,24.239,1,22.739,22.879,0,22.739,22.361,0,1.8
9,3.75,29.13,24.558,24.660,0,23.706,23.653,0,22.749,23.053,1,23.356,23.521,0,23.356,22.946,0,1.8
9,4.00,29.24,24.976,24.987,0,24.211,24.143,0,23.306,23.518,0,23.932,24.004,0,23.932,23.449,0,0.0
9,4.25,29.37,25.374,25.173,0,24.688,24.508,0,23.833,24.012,0,24.470,24.633,0,24.470,23.966,0,0.0
9,4.50,29.53,24.430,24.086,1,25.142,25.176,0,24.333,24.365,0,24.978,25.133,0,24.978,24.426,0,1.8
9,4.75,29.72,23.565,23.158,1,23.985,24.063,1,24.811,24.892,0,25.459,25.721,0,25.459,25.033,0,3.6
9,5.00,29.94,22.776,22.431,1,22.931,23.078,1,25.270,25.226,0,23.931,24.283,1,23.931,23.603,1,7.2
9,5.25,30.18,23.384,23.140,0,23.565,23.770,0,24.124,23.917,1,22.549,22.757,1,22.549,22.268,1,5.4
9,5.50,30.45,23.969,23.768,0,24.171,24.426,0,23.079,22.905,1,23.291,23.460,0,23.291,23.169,0,1.8
9,5.75,30.74,24.533,24.399,0,24.754,25.074,0,22.130,22.109,1,23.995,24.269,0,23.995,23.919,0,1.8
9,6.00,31.05,25.079,25.057,0,25.316,25.637,0,22.863,22.965,0,24.667,25.132,0,24.667,24.489,0,0.0
9,6.25,31.38,24.285,24.164,1,24.271,24.753,1,23.566,23.679,0,25.311,25.688,0,25.311,25.079,0,3.6
9,6.50,31.74,23.572,23.589,1,23.331,23.833,1,24.245,24.574,0,23.944,24.275,1,23.944,23.829,1,7.2
9,6.75,32.11,22.935,23.174,1,22.490,22.766,1,24.901,25.078,0,22.720,23.044,1,22.720,22.557,1,7.2
9,7.00,32.50,23.694,23.853,0,23.330,23.499,0,25.538,25.681,0,23.617,23.822,0,23.617,23.336,0,0.0
9,7.25,32.90,24.429,24.623,0,24.138,24.305,0,24.568,24.808,1,24.473,24.707,0,24.473,24.265,0,1.8
9,7.50,33.32,25.141,25.418,0,24.917,24.956,0,23.699,23.857,1,25.293,25.530,0,25.293,25.203,0,1.8
9,7.75,33.75,24.509,24.845,1,25.670,25.678,0,22.922,23.044,1,24.094,24.331,1,24.094,23.892,1,7.2
9,8.00,34.19,23.952,24.369,1,24.808,24.911,1,23.823,24.038,0,23.029,23.338,1,23.029,22.951,1,7.2
9,8.25,34.63,23.464,23.585,1,24.045,24.165,1,24.692,24.723,0,22.089,22.275,1,22.089,22.005,1,7.2
9,8.50,35.09,23.043,23.312,1,23.373,23.521,1,25.530,25.585,0,23.251,23.590,0,23.251,23.201,0,3.6
9,8.75,35.54,22.683,22.797,1,22.786,22.749,1,24.751,24.701,1,24.355,24.671,0,24.355,24.149,0,5.4
9,9.00,36.00,23.705,23.867,0,23.867,23.872,0,24.061,23.935,1,25.406,25.700,0,25.406,25.274,0,1.8
9,9.25,36.46,24.688,24.748,0,24.901,24.995,0,23.454,23.259,1,24.420,24.741,1,24.420,24.454,1,5.4
9,9.50,36.91,25.634,25.731,0,25.892,25.821,0,22.923,22.757,1,23.553,23.850,1,23.553,23.494,1,5.4
9,9.75,37.37,25.220,25.137,1,25.253,25.142,1,24.053,24.002,0,22.795,23.141,1,22.795,22.867,1,7.2
9,10.00,37.81,24.866,24.786,1,24.695,24.835,1,25.133,24.992,0,24.124,24.478,0,24.124,24.164,0,3.6
9,10.25,38.25,24.568,24.697,1,24.211,24.341,1,24.578,24.333,1,25.380,25.721,0,25.380,25.298,0,5.4
9,10.50,38.68,24.321,24.319,1,23.796,24.027,1,24.093,23.871,1,24.579,24.968,1,24.579,24.414,1,9.0
9,10.75,39.10,24.120,24.294,1,23.444,23.630,1,23.673,23.251,1,23.879,24.144,1,23.879,23.585,1,9.0
9,11.00,39.50,23.962,23.920,1,23.148,23.378,1,23.313,22.975,1,23.271,23.565,1,23.271,22.928,1,9.0
9,11.25,39.89,23.842,23.876,1,22.904,22.931,1,23.006,22.647,1,22.744,22.994,1,22.744,22.376,1,9.0
9,11.50,40.26,23.756,23.801,1,24.296,24.317,0,22.749,22.479,1,24.279,24.533,0,24.279,24.048,0,3.6
9,11.75,40.62,23.701,23.677,1,25.610,25.709,0,24.125,23.914,0,25.717,25.969,0,25.717,25.523,0,1.8
9,12.00,40.95,23.674,23.360,1,25.260,25.583,1,25.426,25.132,0,25.076,25.227,1,25.076,24.868,1,7.2
9,12.25,41.26,23.670,23.211,1,24.960,25.464,1,25.067,24.732,1,24.514,24.584,1,24.514,24.240,1,9.0
9,12.50,41.55,23.687,23.332,1,24.705,25.329,1,24.754,24.483,1,24.022,24.011,1,24.022,23.914,1,9.0
9,12.75,41.82,23.721,23.441,1,24.488,24.962,1,24.482,24.231,1,23.593,23.595,1,23.593,23.520,1,9.0
9,13.00,42.06,23.770,23.518,1,24.306,24.735,1,24.248,24.233,1,23.219,23.493,1,23.219,23.172,1,9.0
9,13.25,42.28,23.830,23.480,1,24.154,24.412,1,24.046,24.125,1,22.894,22.985,1,22.894,22.833,1,9.0
9,13.50,42.47,23.900,23.638,1,24.028,24.282,1,23.873,23.897,1,24.599,24.857,0,24.599,24.627,0,5.4
9,13.75,42.63,23.976,23.676,1,23.923,24.247,1,23.723,23.724,1,26.176,26.359,0,26.176,26.159,0,5.4
9,14.00,42.76,24.056,23.946,1,23.836,24.060,1,23.594,23.587,1,25.647,25.909,1,25.647,25.663,1,9.0
9,14.25,42.87,24.138,24.071,1,23.763,23.883,1,23.481,23.739,1,25.170,25.485,1,25.170,24.937,1,9.0
9,14.50,42.94,24.219,24.335,1,23.701,23.652,1,23.382,23.459,1,24.739,24.955,1,24.739,24.660,1,9.0
9,14.75,42.99,24.297,24.365,1,23.648,23.629,1,23.294,23.174,1,24.347,24.644,1,24.347,24.248,1,9.0
9,15.00,43.00,24.372,24.259,1,23.599,23.622,1,23.213,23.160,1,23.988,24.264,1,23.988,24.034,1,9.0
9,15.25,42.99,24.440,24.417,1,23.553,23.757,1,23.136,23.083,1,23.658,23.917,1,23.658,23.790,1,9.0
9,15.50,42.94,24.500,24.636,1,23.507,23.650,1,23.062,23.228,1,23.351,23.595,1,23.351,23.470,1,9.0
9,15.75,42.87,24.550,24.732,1,23.459,23.483,1,22.988,22.950,1,23.063,23.480,1,23.063,23.282,1,9.0
9,16.00,42.76,24.590,24.629,1,23.407,23.445,1,24.502,24.538,0,22.791,23.119,1,22.791,23.138,1,7.2
9,16.25,42.63,24.618,24.586,1,23.348,23.504,1,25.897,25.858,0,24.518,24.862,0,24.518,24.992,0,3.6
9,16.50,42.47,24.632,24.668,1,23.282,23.363,1,25.590,25.581,1,26.088,26.468,0,26.088,26.471,0,5.4
9,16.75,42.28,24.632,24.611,1,23.207,23.495,1,25.291,25.441,1,25.527,25.804,1,25.527,25.733,1,9.0
9,17.00,42.06,24.617,24.425,1,23.121,23.244,1,24.999,25.102,1,24.993,25.236,1,24.993,25.034,1,9.0
9,17.25,41.82,24.587,24.434,1,23.023,22.780,1,24.710,24.818,1,24.484,24.857,1,24.484,24.393,1,9.0
9,17.50,41.55,24.539,24.013,1,22.913,22.714,1,24.423,24.600,1,23.995,24.291,1,23.995,23.937,1,9.0
9,17.75,41.26,24.475,24.176,1,24.379,24.406,0,24.135,24.362,1,23.522,23.670,1,23.522,23.488,1,7.2
9,18.00,40.95,24.393,23.989,1,25.712,25.735,0,23.846,24.023,1,23.062,23.141,1,23.062,23.192,1,7.2
9,18.25,40.62,24.294,23.899,1,25.330,25.169,1,23.553,23.756,1,22.613,22.749,1,22.613,22.735,1,9.0
9,18.50,40.26,24.177,23.716,1,24.950,24.753,1,23.256,23.372,1,24.159,24.233,0,24.159,24.195,0,5.4
9,18.75,39.89,24.041,23.597,1,24.570,24.227,1,22.954,23.086,1,25.547,25.538,0,25.547,25.671,0,5.4
9,19.00,39.50,23.888,23.540,1,24.190,24.065,1,24.235,24.199,0,24.800,24.928,1,24.800,24.900,1,7.2
9,19.25,39.10,23.718,23.488,1,23.808,23.804,1,25.395,25.472,0,24.082,24.203,1,24.082,24.219,1,7.2
9,19.50,38.68,23.530,23.311,1,23.423,23.509,1,24.852,24.819,1,23.389,23.537,1,23.389,23.674,1,9.0
9,19.75,38.25,23.326,23.400,1,23.035,23.242,1,24.316,24.453,1,22.717,22.901,1,22.717,23.084,1,9.0
9,20.00,37.81,23.105,23.434,1,22.643,22.823,1,23.788,23.731,1,24.053,24.201,0,24.053,24.402,0,5.4
9,20.25,37.37,22.868,23.053,1,23.838,23.853,0,23.266,23.158,1,25.241,25.257,0,25.241,25.651,0,3.6
9,20.50,36.91,23.941,24.338,0,24.908,25.005,0,22.748,22.494,1,24.306,24.341,1,24.306,24.586,1,5.4
9,20.75,36.46,24.907,25.302,0,25.865,25.851,0,23.825,23.708,0,23.411,23.509,1,23.411,23.629,1,3.6
9,21.00,36.00,25.774,26.198,0,25.125,25.120,1,24.792,24.882,0,22.553,22.458,1,22.553,22.792,1,5.4
9,21.25,35.54,25.223,25.772,1,24.406,24.357,1,25.656,25.680,0,23.714,23.646,0,23.714,23.833,0,3.6
9,21.50,35.09,24.678,25.100,1,23.707,23.538,1,24.835,24.837,1,24.742,24.481,0,24.742,24.786,0,5.4
9,21.75,34.63,24.140,24.595,1,23.027,22.828,1,24.040,23.995,1,25.648,25.499,0,25.648,25.853,0,5.4
9,22.00,34.19,23.608,23.918,1,22.364,22.332,1,23.271,23.032,1,24.456,24.240,1,24.456,24.696,1,9.0
9,22.25,33.75,23.083,23.397,1,23.308,23.294,0,22.526,22.409,1,23.325,23.111,1,23.325,23.621,1,7.2
9,22.50,33.32,22.565,22.781,1,24.149,24.060,0,23.393,23.075,0,22.252,22.125,1,22.252,22.428,1,5.4
9,22.75,32.90,23.379,23.710,0,24.895,24.939,0,24.168,23.856,0,23.221,23.115,0,23.221,23.399,0,0.0
9,23.00,32.50,24.107,24.377,0,25.556,25.417,0,24.858,24.741,0,24.076,23.926,0,24.076,24.293,0,0.0
9,23.25,32.11,24.757,25.040,0,24.547,24.457,1,25.470,25.390,0,24.829,24.782,0,24.829,24.933,0,1.8
9,23.50,31.74,25.336,25.724,0,23.587,23.526,1,24.421,24.354,1,25.489,25.407,0,25.489,25.578,0,3.6
9,23.75,31.38,24.525,24.952,1,22.672,22.474,1,23.423,23.167,1,24.078,23.977,1,24.078,24.231,1,9.0
10,0.00,31.05,23.746,24.091,1,23.390,23.379,0,22.472,22.389,1,22.756,22.800,1,22.756,23.045,1,7.2
10,0.25,30.74,23.001,23.346,1,24.031,24.091,0,23.157,23.005,0,23.504,23.286,0,23.504,23.807,0,1.8
10,0.50,30.45,22.287,22.494,1,24.602,24.631,0,23.772,23.353,0,24.167,24.057,0,24.167,24.419,0,1.8
10,0.75,30.18,22.929,23.036,0,25.110,24.996,0,24.323,23.854,0,24.753,24.573,0,24.753,24.878,0,0.0
10,1.00,29.94,23.510,23.415,0,23.973,23.844,1,24.817,24.357,0,25.271,25.191,0,25.271,25.200,0,1.8
10,1.25,29.72,24.035,23.889,0,22.904,22.679,1,25.260,24.885,0,23.740,23.664,1,23.740,23.766,1,5.4
10,1.50,29.53,24.510,24.627,0,23.491,23.289,0,24.068,23.790,1,22.321,22.180,1,22.321,22.330,1,5.4
10,1.75,29.37,24.940,25.049,0,24.022,24.101,0,22.950,22.571,1,22.993,22.853,0,22.993,23.003,0,1.8
10,2.00,29.24,25.331,25.327,0,24.503,24.617,0,23.493,23.153,0,23.598,23.483,0,23.598,23.532,0,0.0
10,2.25,29.13,24.362,24.458,1,24.941,24.930,0,23.989,23.641,0,24.145,24.123,0,24.145,24.231,0,1.8
10,2.50,29.06,23.456,23.441,1,25.339,25.406,0,24.444,24.121,0,24.640,24.721,0,24.640,24.730,0,1.8
10,2.75,29.01,22.610,22.826,1,24.115,24.362,1,24.863,24.462,0,25.091,25.132,0,25.091,25.093,0,3.6
10,3.00,29.00,23.147,23.330,0,22.982,22.982,1,25.251,24.701,0,23.516,23.651,1,23.516,23.554,1,5.4
10,3.25,29.01,23.648,23.915,0,23.524,23.414,0,24.022,23.407,1,22.072,22.175,1,22.072,22.251,1,5.4
10,3.50,29.06,24.117,24.367,0,24.029,23.952,0,22.885,22.465,1,22.739,22.868,0,22.739,22.918,0,1.8
10,3.75,29.13,24.558,24.841,0,24.502,24.410,0,23.425,23.225,0,23.356,23.462,0,23.356,23.443,0,0.0
10,4.00,29.24,24.976,25.322,0,24.947,24.980,0,23.933,23.700,0,23.932,24.096,0,23.932,24.122,0,0.0
10,4.25,29.37,25.374,25.233,0,25.369,25.188,0,24.415,24.251,0,24.470,24.530,0,24.470,24.818,0,0.0
10,4.50,29.53,24.430,24.347,1,24.181,24.006,1,24.873,24.733,0,24.978,24.995,0,24.978,25.224,0,3.6
10,4.75,29.72,23.565,23.507,1,23.097,23.061,1,25.312,25.010,0,25.459,25.498,0,25.459,25.634,0,3.6
10,5.00,29.94,22.776,22.735,1,22.110,21.986,1,24.145,23.890,1,23.931,23.863,1,23.931,24.086,1,9.0
10,5.25,30.18,23.384,23.313,0,22.805,22.491,0,23.080,22.897,1,22.549,22.218,1,22.549,22.649,1,5.4
10,5.50,30.45,23.969,23.703,0,23.468,23.216,0,22.110,21.908,1,23.291,23.071,0,23.291,23.360,0,1.8
10,5.75,30.74,24.533,24.264,0,24.104,24.014,0,22.821,22.587,0,23.995,23.795,0,23.995,24.206,0,0.0
10,6.00,31.05,25.079,24.927,0,24.715,24.876,0,23.504,23.345,0,24.667,24.436,0,24.667,24.970,0,0.0
10,6.25,31.38,24.285,24.273,1,25.305,25.416,0,24.161,24.079,0,25.311,25.095,0,25.311,25.636,0,1.8
10,6.50,31.74,23.572,23.565,1,24.287,24.372,1,24.797,24.914,0,23.944,23.793,1,23.944,24.097,1,7.2
10,6.75,32.11,22.935,22.957,1,23.374,23.414,1,25.414,25.555,0,22.720,22.608,1,22.720,22.896,1,7.2
10,7.00,32.50,23.694,23.485,0,22.559,22.403,1,24.424,24.710,1,23.617,23.513,0,23.617,23.915,0,3.6
10,7.25,32.90,24.429,24.312,0,23.424,23.219,0,23.534,23.600,1,24.473,24.429,0,24.473,24.796,0,1.8
10,7.50,33.32,25.141,25.273,0,24.257,24.047,0,22.739,22.807,1,25.293,25.080,0,25.293,25.520,0,1.8
10,7.75,33.75,24.509,24.660,1,25.059,24.827,0,23.622,23.584,0,24.094,24.037,1,24.094,24.465,1,5.4
10,8.00,34.19,23.952,23.943,1,24.243,24.047,1,24.473,24.390,0,23.029,23.121,1,23.029,23.388,1,7.2
10,8.25,34.63,23.464,23.538,1,23.523,23.232,1,25.294,25.370,0,22.089,22.143,1,22.089,22.607,1,7.2
10,8.50,35.09,23.043,23.256,1,22.890,22.549,1,24.499,24.627,1,23.251,23.323,0,23.251,23.694,0,5.4
10,8.75,35.54,22.683,22.976,1,23.929,23.619,0,23.794,23.913,1,24.355,24.359,0,24.355,24.676,0,3.6
10,9.00,36.00,23.705,23.980,0,24.924,24.667,0,23.173,23.402,1,25.406,25.280,0,25.406,25.707,0,1.8
10,9.25,36.46,24.688,25.150,0,25.879,25.565,0,22.630,22.717,1,24.420,24.218,1,24.420,24.774,1,5.4
10,9.50,36.91,25.634,25.879,0,25.207,24.926,1,23.748,23.751,0,23.553,23.316,1,23.553,23.839,1,5.4
10,9.75,37.37,25.220,25.390,1,24.619,24.322,1,24.819,24.815,0,22.795,22.608,1,22.795,23.005,1,7.2
10,10.00,37.81,24.866,25.083,1,24.108,23.782,1,25.844,25.789,0,24.124,23.959,0,24.124,24.134,0,3.6
10,10.25,38.25,24.568,24.652,1,23.669,23.294,1,25.237,25.072,1,25.380,25.209,0,25.380,25.311,0,5.4
10,10.50,38.68,24.321,24.273,1,23.295,23.081,1,24.705,24.793,1,24.579,24.521,1,24.579,24.549,1,9.0
10,10.75,39.10,24.120,24.229,1,22.980,22.826,1,24.241,24.290,1,23.879,23.838,1,23.879,23.817,1,9.0
10,11.00,39.50,23.962,23.762,1,24.309,24.068,0,23.840,23.790,1,23.271,23.279,1,23.271,23.164,1,7.2
10,11.25,39.89,23.842,23.419,1,25.567,25.347,0,23.495,23.483,1,22.744,22.826,1,22.744,22.686,1,7.2
10,11.50,40.26,23.756,23.698,1,25.169,24.865,1,23.203,23.341,1,24.279,24.441,0,24.279,24.161,0,5.4
10,11.75,40.62,23.701,23.632,1,24.828,24.463,1,22.956,23.067,1,25.717,25.820,0,25.717,25.564,0,5.4
10,12.00,40.95,23.674,23.611,1,24.537,24.082,1,24.342,24.569,0,25.076,25.253,1,25.076,24.866,1,7.2
10,12.25,41.26,23.670,23.730,1,24.291,23.754,1,25.650,25.652,0,24.514,24.704,1,24.514,24.382,1,7.2
10,12.50,41.55,23.687,23.641,1,24.086,23.666,1,25.295,25.519,1,24.022,24.482,1,24.022,23.812,1,9.0
10,12.75,41.82,23.721,23.724,1,23.916,23.388,1,24.985,25.507,1,23.593,23.965,1,23.593,23.494,1,9.0
10,13.00,42.06,23.770,23.785,1,23.777,23.173,1,24.715,25.161,1,23.219,23.424,1,23.219,23.063,1,9.0
10,13.25,42.28,23.830,23.808,1,23.665,23.149,1,24.479,24.624,1,22.894,23.072,1,22.894,23.021,1,9.0
10,13.50,42.47,23.900,23.751,1,23.575,23.150,1,24.274,24.356,1,24.599,24.489,0,24.599,24.609,0,5.4
10,13.75,42.63,23.976,23.750,1,23.504,23.225,1,24.096,24.166,1,26.176,26.056,0,26.176,26.255,0,5.4
10,14.00,42.76,24.056,23.870,1,23.448,23.177,1,23.940,24.078,1,25.647,25.407,1,25.647,25.697,1,9.0
10,14.25,42.87,24.138,24.139,1,23.404,22.899,1,23.802,23.838,1,25.170,24.969,1,25.170,25.239,1,9.0
10,14.50,42.94,24.219,24.175,1,23.370,22.967,1,23.680,23.612,1,24.739,24.651,1,24.739,24.821,1,9.0
10,14.75,42.99,24.297,24.503,1,23.341,23.082,1,23.570,23.571,1,24.347,24.404,1,24.347,24.336,1,9.0
10,15.00,43.00,24.372,24.517,1,23.315,22.869,1,23.469,23.568,1,23.988,24.198,1,23.988,23.928,1,9.0
10,15.25,42.99,24.440,24.406,1,23.290,23.026,1,23.374,23.380,1,23.658,23.798,1,23.658,23.765,1,9.0
10,15.50,42.94,24.500,24.421,1,23.264,23.003,1,23.283,23.471,1,23.351,23.534,1,23.351,23.336,1,9.0
10,15.75,42.87,24.550,24.683,1,23.234,22.787,1,23.193,23.476,1,23.063,23.275,1,23.063,22.995,1,9.0
10,16.00,42.76,24.590,24.604,1,23.199,22.661,1,23.102,23.553,1,22.791,22.994,1,22.791,22.664,1,9.0
10,16.25,42.63,24.618,24.708,1,23.156,22.819,1,23.008,23.450,1,24.518,24.767,0,24.518,24.503,0,5.4
10,16.50,42.47,24.632,24.721,1,23.104,22.839,1,22.909,23.294,1,26.088,26.218,0,26.088,25.943,0,5.4
10,16.75,42.28,24.632,24.774,1,23.042,22.717,1,24.393,24.737,0,25.527,25.619,1,25.527,25.497,1,7.2
10,17.00,42.06,24.617,24.782,1,22.969,22.714,1,25.756,26.033,0,24.993,25.063,1,24.993,24.931,1,7.2
10,17.25,41.82,24.587,24.769,1,24.473,24.033,0,25.412,25.659,1,24.484,24.582,1,24.484,24.469,1,7.2
10,17.50,41.55,24.539,24.558,1,25.844,25.396,0,25.074,25.254,1,23.995,24.031,1,23.995,23.854,1,7.2
10,17.75,41.26,24.475,24.345,1,25.500,25.099,1,24.740,24.945,1,23.522,23.569,1,23.522,23.304,1,9.0
10,18.00,40.95,24.393,24.328,1,25.159,24.773,1,24.407,24.535,1,23.062,23.016,1,23.062,22.813,1,9.0
10,18.25,40.62,24.294,24.332,1,24.818,24.449,1,24.074,24.176,1,22.613,22.475,1,22.613,22.680,1,9.0
10,18.50,40.26,24.177,23.905,1,24.476,23.896,1,23.740,23.771,1,24.159,24.054,0,24.159,24.405,0,5.4
10,18.75,39.89,24.041,23.866,1,24.132,23.647,1,23.402,23.535,1,25.547,25.461,0,25.547,25.564,0,5.4
10,19.00,39.50,23.888,23.765,1,23.785,23.375,1,23.061,23.427,1,24.800,24.654,1,24.800,24.947,1,9.0
10,19.25,39.10,23.718,23.423,1,23.433,23.251,1,22.716,23.060,1,24.082,24.031,1,24.082,24.288,1,9.0
10,19.50,38.68,23.530,23.357,1,23.077,22.925,1,23.955,24.190,0,23.389,23.328,1,23.389,23.494,1,7.2
10,19.75,38.25,23.326,23.154,1,22.715,22.381,1,25.074,25.306,0,22.717,22.756,1,22.717,22.938,1,7.2
10,20.00,37.81,23.105,23.128,1,23.937,23.656,0,24.492,24.682,1,24.053,24.063,0,24.053,24.292,0,3.6
10,20.25,37.37,22.868,22.986,1,25.034,24.822,0,23.918,23.938,1,25.241,25.382,0,25.241,25.506,0,3.6
10,20.50,36.91,23.941,24.181,0,24.425,24.241,1,23.354,23.342,1,24.306,24.620,1,24.306,24.433,1,7.2
10,20.75,36.46,24.907,24.895,0,23.828,23.905,1,22.798,22.814,1,23.411,23.652,1,23.411,23.465,1,7.2
10,21.00,36.00,25.774,25.492,0,23.240,23.538,1,23.838,23.933,0,22.553,22.818,1,22.553,22.687,1,5.4
10,21.25,35.54,25.223,24.845,1,22.663,22.987,1,24.771,24.979,0,23.714,23.742,0,23.714,23.897,0,3.6
10,21.50,35.09,24.678,24.439,1,23.685,23.989,0,25.604,25.690,0,24.742,24.751,0,24.742,24.859,0,1.8
10,21.75,34.63,24.140,23.974,1,24.596,24.805,0,24.754,24.919,1,25.648,25.607,0,25.648,25.699,0,3.6
10,22.00,34.19,23.608,23.617,1,25.405,25.574,0,23.933,24.142,1,24.456,24.294,1,24.456,24.660,1,7.2
10,22.25,33.75,23.083,22.895,1,24.531,24.694,1,23.140,23.302,1,23.325,23.106,1,23.325,23.480,1,9.0
10,22.50,33.32,22.565,22.562,1,23.691,24.050,1,22.373,22.492,1,22.252,22.021,1,22.252,22.196,1,9.0
10,22.75,32.90,23.379,23.608,0,22.882,23.075,1,23.221,23.225,0,23.221,23.023,0,23.221,23.247,0,1.8
10,23.00,32.50,24.107,24.519,0,23.693,24.132,0,23.979,24.068,0,24.076,23.852,0,24.076,24.031,0,0.0
10,23.25,32.11,24.757,25.104,0,24.414,24.908,0,24.655,24.843,0,24.829,24.686,0,24.829,24.590,0,0.0
10,23.50,31.74,25.336,25.572,0,25.054,25.675,0,25.255,25.364,0,25.489,25.353,0,25.489,25.559,0,0.0
10,23.75,31.38,24.525,24.727,1,24.028,24.762,1,24.196,24.503,1,24.078,24.028,1,24.078,24.096,1,9.0
11,0.00,31.05,23.746,23.620,1,23.055,23.610,1,23.190,23.539,1,22.756,22.768,1,22.756,22.894,1,9.0
11,0.25,30.74,23.001,22.738,1,22.131,22.655,1,22.233,22.315,1,23.504,23.430,0,23.504,23.684,0,5.4
11,0.50,30.45,22.287,21.755,1,22.845,23.416,0,22.914,23.195,0,24.167,23.963,0,24.167,24.302,0,1.8
11,0.75,30.18,22.929,22.683,0,23.485,24.060,0,23.528,23.825,0,24.753,24.579,0,24.753,24.731,0,0.0
11,1.00,29.94,23.510,23.270,0,24.059,24.734,0,24.079,24.357,0,25.271,25.184,0,25.271,25.213,0,0.0
11,1.25,29.72,24.035,23.701,0,24.574,25.128,0,24.575,24.706,0,23.740,23.532,1,23.740,23.687,1,3.6
11,1.50,29.53,24.510,24.178,0,25.036,25.420,0,25.022,25.219,0,22.321,22.044,1,22.321,22.317,1,3.6
11,1.75,29.37,24.940,24.709,0,23.861,24.410,1,23.835,24.051,1,22.993,22.819,0,22.993,22.997,0,3.6
11,2.00,29.24,25.331,24.933,0,22.764,23.363,1,22.724,23.109,1,23.598,23.429,0,23.598,23.821,0,3.6
11,2.25,29.13,24.362,24.129,1,23.332,24.115,0,23.276,23.601,0,24.145,23.908,0,24.145,24.351,0,1.8
11,2.50,29.06,23.456,23.148,1,23.852,24.581,0,23.782,24.048,0,24.640,24.443,0,24.640,24.816,0,1.8
11,2.75,29.01,22.610,22.201,1,24.329,24.920,0,24.249,24.632,0,25.091,24.908,0,25.091,25.109,0,1.8
11,3.00,29.00,23.147,22.507,0,24.769,25.262,0,24.681,25.057,0,23.516,23.238,1,23.516,23.346,1,3.6
11,3.25,29.01,23.648,23.147,0,25.178,26.011,0,25.083,25.521,0,22.072,21.726,1,22.072,21.907,1,3.6
11,3.50,29.06,24.117,23.650,0,23.969,24.564,1,23.870,24.104,1,22.739,22.414,0,22.739,22.672,0,3.6
11,3.75,29.13,24.558,24.172,0,22.856,23.308,1,22.749,23.017,1,23.356,23.114,0,23.356,23.194,0,3.6
11,4.00,29.24,24.976,24.464,0,23.425,23.910,0,23.306,23.677,0,23.932,23.752,0,23.932,23.909,0,0.0
11,4.25,29.37,25.374,25.111,0,23.961,24.211,0,23.833,24.220,0,24.470,24.435,0,24.470,24.568,0,0.0
11,4.50,29.53,24.430,24.386,1,24.469,24.623,0,24.333,24.759,0,24.978,25.021,0,24.978,25.004,0,1.8
11,4.75,29.72,23.565,23.552,1,24.953,24.929,0,24.811,25.099,0,25.459,25.529,0,25.459,25.592,0,1.8
11,5.00,29.94,22.776,22.764,1,25.417,25.582,0,25.270,25.698,0,23.931,23.900,1,23.931,24.040,1,5.4
11,5.25,30.18,23.384,23.306,0,24.274,24.523,1,24.124,24.590,1,22.549,22.445,1,22.549,22.744,1,7.2
11,5.50,30.45,23.969,23.719,0,23.237,23.605,1,23.079,23.222,1,23.291,23.180,0,23.291,23.392,0,3.6
11,5.75,30.74,24.533,24.399,0,22.299,22.662,1,22.130,22.011,1,23.995,23.766,0,23.995,24.025,0,3.6
11,6.00,31.05,25.079,25.119,0,23.046,23.571,0,22.863,22.832,0,24.667,24.598,0,24.667,24.615,0,0.0
11,6.25,31.38,24.285,24.378,1,23.761,24.249,0,23.566,23.416,0,25.311,25.215,0,25.311,25.227,0,1.8
11,6.50,31.74,23.572,23.717,1,24.449,24.949,0,24.245,24.048,0,23.944,23.806,1,23.944,23.670,1,5.4
11,6.75,32.11,22.935,23.133,1,25.114,25.551,0,24.901,24.720,0,22.720,22.649,1,22.720,22.422,1,5.4
11,7.00,32.50,23.694,23.743,0,24.168,24.488,1,25.538,25.337,0,23.617,23.574,0,23.617,23.285,0,1.8
11,7.25,32.90,24.429,24.413,0,23.323,23.449,1,24.568,24.341,1,24.473,24.267,0,24.473,24.105,0,3.6
11,7.50,33.32,25.141,25.200,0,22.573,22.707,1,23.699,23.476,1,25.293,25.086,0,25.293,25.056,0,3.6
11,7.75,33.75,24.509,24.403,1,23.501,23.676,0,22.922,22.641,1,24.094,23.933,1,24.094,23.864,1,7.2
11,8.00,34.19,23.952,23.782,1,24.393,24.588,0,23.823,23.497,0,23.029,22.768,1,23.029,22.772,1,5.4
11,8.25,34.63,23.464,23.143,1,25.251,25.444,0,24.692,24.329,0,22.089,21.733,1,22.089,21.896,1,5.4
11,8.50,35.09,23.043,22.808,1,24.489,24.640,1,25.530,25.171,0,23.251,23.019,0,23.251,23.049,0,3.6
11,8.75,35.54,22.683,22.506,1,23.818,23.816,1,24.751,24.491,1,24.355,24.132,0,24.355,24.227,0,5.4
11,9.00,36.00,23.705,23.509,0,23.231,23.137,1,24.061,23.690,1,25.406,25.185,0,25.406,25.243,0,3.6
11,9.25,36.46,24.688,24.336,0,22.723,22.792,1,23.454,23.236,1,24.420,24.027,1,24.420,24.050,1,7.2
11,9.50,36.91,25.634,25.112,0,23.878,23.958,0,22.923,23.031,1,23.553,23.086,1,23.553,23.187,1,5.4
11,9.75,37.37,25.220,24.930,1,24.979,24.991,0,24.053,24.276,0,22.795,22.464,1,22.795,22.462,1,5.4
11,10.00,37.81,24.866,24.725,1,26.032,26.157,0,25.133,25.176,0,24.124,23.809,0,24.124,23.759,0,1.8
11,10.25,38.25,24.568,24.445,1,25.448,25.412,1,24.578,24.503,1,25.380,25.102,0,25.380,25.050,0,5.4
11,10.50,38.68,24.321,24.397,1,24.940,24.934,1,24.093,24.188,1,24.579,24.455,1,24.579,24.401,1,9.0
11,10.75,39.10,24.120,23.711,1,24.502,24.402,1,23.673,23.811,1,23.879,23.640,1,23.879,23.664,1,9.0
11,11.00,39.50,23.962,23.684,1,24.127,24.043,1,23.313,23.397,1,23.271,23.222,1,23.271,23.033,1,9.0
11,11.25,39.89,23.842,23.742,1,23.809,23.727,1,23.006,23.094,1,22.744,22.666,1,22.744,22.442,1,9.0
11,11.50,40.26,23.756,23.636,1,23.543,23.303,1,22.749,22.897,1,24.279,24.220,0,24.279,23.961,0,5.4
11,11.75,40.62,23.701,23.701,1,23.323,22.980,1,24.125,24.035,0,25.717,25.704,0,25.717,25.287,0,3.6
11,12.00,40.95,23.674,23.485,1,23.145,22.856,1,25.426,25.455,0,25.076,24.990,1,25.076,24.596,1,7.2
11,12.25,41.26,23.670,23.703,1,23.004,22.571,1,25.067,25.189,1,24.514,24.477,1,24.514,24.006,1,9.0
11,12.50,41.55,23.687,23.698,1,22.895,22.401,1,24.754,24.788,1,24.022,23.975,1,24.022,23.491,1,9.0
11,12.75,41.82,23.721,23.509,1,24.405,24.047,0,24.482,24.445,1,23.593,23.627,1,23.593,23.099,1,7.2
11,13.00,42.06,23.770,23.959,1,25.819,25.565,0,24.248,24.062,1,23.219,23.118,1,23.219,22.681,1,7.2
11,13.25,42.28,23.830,23.943,1,25.553,25.123,1,24.046,23.751,1,22.894,22.804,1,22.894,22.246,1,9.0
11,13.50,42.47,23.900,23.988,1,25.322,24.963,1,23.873,23.493,1,24.599,24.576,0,24.599,24.024,0,5.4
11,13.75,42.63,23.976,24.203,1,25.120,24.878,1,23.723,23.357,1,26.176,26.141,0,26.176,25.708,0,5.4
11,14.00,42.76,24.056,24.311,1,24.943,24.519,1,23.594,23.370,1,25.647,25.561,1,25.647,25.344,1,9.0
11,14.25,42.87,24.138,24.391,1,24.787,24.326,1,23.481,23.279,1,25.170,25.231,1,25.170,24.819,1,9.0
11,14.50,42.94,24.219,24.216,1,24.649,24.202,1,23.382,23.343,1,24.739,24.946,1,24.739,24.530,1,9.0
11,14.75,42.99,24.297,24.009,1,24.524,24.093,1,23.294,23.205,1,24.347,24.516,1,24.347,24.045,1,9.0
11,15.00,43.00,24.372,24.074,1,24.410,23.878,1,23.213,23.395,1,23.988,24.146,1,23.988,23.662,1,9.0
11,15.25,42.99,24.440,24.005,1,24.303,23.941,1,23.136,23.367,1,23.658,23.911,1,23.658,23.401,1,9.0
11,15.50,42.94,24.500,24.045,1,24.201,23.786,1,23.062,23.183,1,23.351,23.541,1,23.351,23.191,1,9.0
11,15.75,42.87,24.550,24.066,1,24.100,23.762,1,22.988,23.182,1,23.063,23.190,1,23.063,23.022,1,9.0
11,16.00,42.76,24.590,24.211,1,24.000,23.742,1,24.502,24.673,0,22.791,22.922,1,22.791,22.664,1,7.2
11,16.25,42.63,24.618,24.164,1,23.897,23.696,1,25.897,26.153,0,24.518,24.613,0,24.518,24.456,0,3.6
11,16.50,42.47,24.632,24.192,1,23.790,23.513,1,25.590,25.822,1,26.088,26.212,0,26.088,25.961,0,5.4
11,16.75,42.28,24.632,24.156,1,23.677,23.367,1,25.291,25.521,1,25.527,25.496,1,25.527,25.440,1,9.0
11,17.00,42.06,24.617,24.224,1,23.555,23.302,1,24.999,25.142,1,24.993,24.993,1,24.993,24.800,1,9.0
11,17.25,41.82,24.587,24.130,1,23.425,23.295,1,24.710,24.688,1,24.484,24.422,1,24.484,24.250,1,9.0
11,17.50,41.55,24.539,24.216,1,23.285,22.992,1,24.423,24.336,1,23.995,23.834,1,23.995,23.957,1,9.0
11,17.75,41.26,24.475,24.147,1,23.133,22.806,1,24.135,24.070,1,23.522,23.460,1,23.522,23.271,1,9.0
11,18.00,40.95,24.393,23.952,1,22.970,22.701,1,23.846,23.716,1,23.062,22.869,1,23.062,22.762,1,9.0
11,18.25,40.62,24.294,23.918,1,24.383,24.181,0,23.553,23.658,1,22.613,22.281,1,22.613,22.188,1,7.2
11,18.50,40.26,24.177,23.675,1,25.664,25.601,0,23.256,23.249,1,24.159,23.715,0,24.159,23.862,0,3.6
11,18.75,39.89,24.041,23.490,1,25.231,25.310,1,22.954,22.972,1,25.547,25.084,0,25.547,25.373,0,5.4
11,19.00,39.50,23.888,23.502,1,24.801,25.056,1,24.235,24.205,0,24.800,24.353,1,24.800,24.798,1,7.2
11,19.25,39.10,23.718,23.521,1,24.373,24.634,1,25.395,25.271,0,24.082,23.579,1,24.082,23.930,1,7.2
11,19.50,38.68,23.530,23.219,1,23.946,24.156,1,24.852,24.605,1,23.389,23.005,1,23.389,22.982,1,9.0
11,19.75,38.25,23.326,22.937,1,23.519,23.624,1,24.316,24.163,1,22.717,22.422,1,22.717,22.223,1,9.0
11,20.00,37.81,23.105,22.786,1,23.091,23.058,1,23.788,23.683,1,24.053,23.670,0,24.053,23.621,0,5.4
11,20.25,37.37,22.868,22.779,1,22.661,22.881,1,23.266,23.295,1,25.241,24.798,0,25.241,24.798,0,5.4
11,20.50,36.91,23.941,23.735,0,23.820,23.944,0,22.748,22.576,1,24.306,23.847,1,24.306,24.025,1,5.4
11,20.75,36.46,24.907,25.024,0,24.858,25.022,0,23.825,23.694,0,23.411,23.063,1,23.411,22.993,1,3.6
11,21.00,36.00,25.774,25.765,0,25.784,26.030,0,24.792,24.647,0,22.553,22.203,1,22.553,22.265,1,3.6
11,21.25,35.54,25.223,24.957,1,25.016,25.379,1,25.656,25.433,0,23.714,23.454,0,23.714,23.455,0,3.6
11,21.50,35.09,24.678,24.537,1,24.271,24.720,1,24.835,24.520,1,24.742,24.588,0,24.742,24.562,0,5.4
11,21.75,34.63,24.140,24.206,1,23.548,23.887,1,24.040,23.892,1,25.648,25.580,0,25.648,25.440,0,5.4
11,22.00,34.19,23.608,23.803,1,22.846,23.106,1,23.271,23.241,1,24.456,24.384,1,24.456,24.279,1,9.0
11,22.25,33.75,23.083,23.267,1,23.754,24.112,0,22.526,22.488,1,23.325,23.316,1,23.325,23.229,1,7.2
11,22.50,33.32,22.565,22.615,1,24.562,24.996,0,23.393,23.526,0,22.252,22.293,1,22.252,22.208,1,5.4
11,22.75,32.90,23.379,23.308,0,25.277,25.826,0,24.168,24.114,0,23.221,23.272,0,23.221,23.344,0,0.0
11,23.00,32.50,24.107,23.951,0,24.319,24.878,1,24.858,24.727,0,24.076,24.185,0,24.076,24.039,0,1.8
11,23.25,32.11,24.757,24.561,0,23.403,23.829,1,25.470,25.364,0,24.829,24.764,0,24.829,24.953,0,1.8
11,23.50,31.74,25.336,25.201,0,22.528,22.852,1,24.421,24.494,1,25.489,25.428,0,25.489,25.628,0,3.6
11,23.75,31.38,24.525,24.442,1,23.283,23.768,0,23.423,23.506,1,24.078,23.921,1,24.078,24.212,1,7.2
12,0.00,31.05,23.746,23.729,1,23.955,24.389,0,22.472,22.474,1,22.756,22.537,1,22.756,22.699,1,7.2
12,0.25,30.74,23.001,23.050,1,24.554,24.842,0,23.157,23.086,0,23.504,23.356,0,23.504,23.566,0,1.8
12,0.50,30.45,22.287,22.191,1,25.086,25.303,0,23.772,23.663,0,24.167,24.082,0,24.167,24.114,0,1.8
12,0.75,30.18,22.929,22.735,0,23.968,24.214,1,24.323,24.157,0,24.753,24.578,0,24.753,24.704,0,1.8
12,1.00,29.94,23.510,23.211,0,22.916,23.104,1,24.817,24.813,0,25.271,25.096,0,25.271,25.212,0,1.8
12,1.25,29.72,24.035,23.702,0,23.516,23.500,0,25.260,25.277,0,23.740,23.681,1,23.740,23.820,1,3.6
12,1.50,29.53,24.510,24.596,0,24.057,24.007,0,24.068,24.106,1,22.321,22.162,1,22.321,22.586,1,5.4
12,1.75,29.37,24.940,25.152,0,24.546,24.618,0,22.950,23.051,1,22.993,22.837,0,22.993,22.966,0,1.8
12,2.00,29.24,25.331,25.690,0,24.988,25.134,0,23.493,23.613,0,23.598,23.378,0,23.598,23.664,0,0.0
12,2.25,29.13,24.362,24.726,1,25.389,25.545,0,23.989,23.972,0,24.145,23.839,0,24.145,24.195,0,1.8
12,2.50,29.06,23.456,23.769,1,24.164,24.178,1,24.444,24.625,0,24.640,24.323,0,24.640,24.679,0,3.6
12,2.75,29.01,22.610,22.927,1,23.028,23.220,1,24.863,24.938,0,25.091,24.788,0,25.091,24.993,0,3.6
12,3.00,29.00,23.147,23.574,0,21.976,22.200,1,25.251,25.337,0,23.516,23.271,1,23.516,23.617,1,5.4
12,3.25,29.01,23.648,24.018,0,22.594,22.725,0,24.022,24.034,1,22.072,21.950,1,22.072,22.225,1,5.4
12,3.50,29.06,24.117,24.514,0,23.169,23.207,0,22.885,22.957,1,22.739,22.687,0,22.739,22.887,0,1.8
12,3.75,29.13,24.558,24.898,0,23.706,23.799,0,23.425,23.535,0,23.356,23.263,0,23.356,23.457,0,0.0
12,4.00,29.24,24.976,25.050,0,24.211,24.367,0,23.933,24.020,0,23.932,23.997,0,23.932,23.836,0,0.0
12,4.25,29.37,25.374,25.463,0,24.688,24.901,0,24.415,24.414,0,24.470,24.575,0,24.470,24.414,0,0.0
12,4.50,29.53,24.430,24.582,1,25.142,25.305,0,24.873,24.512,0,24.978,25.080,0,24.978,24.937,0,1.8
12,4.75,29.72,23.565,23.603,1,23.985,23.970,1,25.312,25.047,0,25.459,25.589,0,25.459,25.588,0,3.6
12,5.00,29.94,22.776,22.702,1,22.931,23.063,1,24.145,23.908,1,23.931,24.001,1,23.931,24.099,1,9.0
12,5.25,30.18,23.384,23.436,0,23.565,23.619,0,23.080,23.045,1,22.549,22.614,1,22.549,22.571,1,5.4
12,5.50,30.45,23.969,23.861,0,24.171,24.351,0,22.110,22.016,1,23.291,23.357,0,23.291,23.322,0,1.8
12,5.75,30.74,24.533,24.420,0,24.754,25.035,0,22.821,22.682,0,23.995,23.948,0,23.995,23.782,0,0.0
12,6.00,31.05,25.079,24.962,0,25.316,25.537,0,23.504,23.519,0,24.667,24.558,0,24.667,24.583,0,0.0
12,6.25,31.38,24.285,24.141,1,24.271,24.680,1,24.161,24.064,0,25.311,25.174,0,25.311,25.306,0,3.6
12,6.50,31.74,23.572,23.603,1,23.331,23.802,1,24.797,24.558,0,23.944,23.925,1,23.944,23.938,1,7.2
12,6.75,32.11,22.935,22.742,1,22.490,22.845,1,25.414,25.159,0,22.720,22.627,1,22.720,22.852,1,7.2
12,7.00,32.50,23.694,23.594,0,23.330,23.789,0,24.424,24.095,1,23.617,23.373,0,23.617,23.783,0,1.8
12,7.25,32.90,24.429,24.343,0,24.138,24.657,0,23.534,23.313,1,24.473,24.268,0,24.473,24.706,0,1.8
12,7.50,33.32,25.141,25.074,0,24.917,25.409,0,22.739,22.764,1,25.293,25.232,0,25.293,25.393,0,1.8
12,7.75,33.75,24.509,24.235,1,25.670,26.278,0,23.622,23.595,0,24.094,24.026,1,24.094,24.132,1,5.4
12,8.00,34.19,23.952,23.749,1,24.808,25.305,1,24.473,24.314,0,23.029,22.797,1,23.029,22.813,1,7.2
12,8.25,34.63,23.464,23.140,1,24.045,24.642,1,25.294,25.045,0,22.089,21.878,1,22.089,22.012,1,7.2
12,8.50,35.09,23.043,22.928,1,23.373,23.842,1,24.499,24.355,1,23.251,23.025,0,23.251,22.979,0,5.4
12,8.75,35.54,22.683,22.709,1,22.786,23.222,1,23.794,23.566,1,24.355,24.172,0,24.355,24.145,0,5.4
12,9.00,36.00,23.705,23.751,0,23.867,24.141,0,23.173,22.947,1,25.406,25.270,0,25.406,25.296,0,1.8
12,9.25,36.46,24.688,24.700,0,24.901,25.016,0,22.630,22.475,1,24.420,24.416,1,24.420,24.259,1,5.4
12,9.50,36.91,25.634,25.713,0,25.892,26.123,0,23.748,23.729,0,23.553,23.679,1,23.553,23.438,1,3.6
12,9.75,37.37,25.220,25.481,1,25.253,25.626,1,24.819,24.707,0,22.795,22.938,1,22.795,22.716,1,7.2
12,10.00,37.81,24.866,25.009,1,24.695,24.990,1,25.844,25.516,0,24.124,24.321,0,24.124,24.142,0,3.6
12,10.25,38.25,24.568,24.852,1,24.211,24.642,1,25.237,24.874,1,25.380,25.541,0,25.380,25.557,0,5.4
12,10.50,38.68,24.321,24.723,1,23.796,24.094,1,24.705,24.110,1,24.579,24.703,1,24.579,24.627,1,9.0
12,10.75,39.10,24.120,24.490,1,23.444,23.830,1,24.241,23.542,1,23.879,24.017,1,23.879,23.795,1,9.0
12,11.00,39.50,23.962,24.630,1,23.148,23.502,1,23.840,23.264,1,23.271,23.294,1,23.271,22.972,1,9.0
12,11.25,39.89,23.842,24.314,1,22.904,23.105,1,23.495,23.110,1,22.744,22.655,1,22.744,22.562,1,9.0
12,11.50,40.26,23.756,24.238,1,24.296,24.463,0,23.203,22.574,1,24.279,24.147,0,24.279,24.217,0,3.6
12,11.75,40.62,23.701,24.207,1,25.610,25.779,0,22.956,22.228,1,25.717,25.610,0,25.717,25.687,0,3.6
12,12.00,40.95,23.674,24.063,1,25.260,25.465,1,24.342,23.606,0,25.076,24.787,1,25.076,24.982,1,7.2
12,12.25,41.26,23.670,23.927,1,24.960,25.294,1,25.650,25.069,0,24.514,24.249,1,24.514,24.372,1,7.2
12,12.50,41.55,23.687,23.994,1,24.705,25.187,1,25.295,24.663,1,24.022,23.723,1,24.022,24.015,1,9.0
12,12.75,41.82,23.721,24.063,1,24.488,24.869,1,24.985,24.547,1,23.593,23.376,1,23.593,23.488,1,9.0
12,13.00,42.06,23.770,24.114,1,24.306,24.648,1,24.715,24.507,1,23.219,23.082,1,23.219,23.175,1,9.0
12,13.25,42.28,23.830,24.159,1,24.154,24.526,1,24.479,24.135,1,22.894,22.631,1,22.894,22.895,1,9.0
12,13.50,42.47,23.900,24.249,1,24.028,24.313,1,24.274,23.738,1,24.599,24.258,0,24.599,24.656,0,5.4
12,13.75,42.63,23.976,24.308,1,23.923,24.101,1,24.096,23.508,1,26.176,25.895,0,26.176,26.212,0,5.4
12,14.00,42.76,24.056,24.333,1,23.836,23.934,1,23.940,23.428,1,25.647,25.421,1,25.647,25.614,1,9.0
12,14.25,42.87,24.138,24.611,1,23.763,23.780,1,23.802,23.361,1,25.170,24.818,1,25.170,25.036,1,9.0
12,14.50,42.94,24.219,24.770,1,23.701,23.805,1,23.680,23.307,1,24.739,24.357,1,24.739,24.655,1,9.0
12,14.75,42.99,24.297,24.659,1,23.648,23.872,1,23.570,22.936,1,24.347,23.966,1,24.347,24.187,1,9.0
12,15.00,43.00,24.372,24.872,1,23.599,23.777,1,23.469,23.039,1,23.988,23.784,1,23.988,23.892,1,9.0
12,15.25,42.99,24.440,24.669,1,23.553,23.621,1,23.374,22.930,1,23.658,23.513,1,23.658,23.611,1,9.0
12,15.50,42.94,24.500,24.526,1,23.507,23.664,1,23.283,22.769,1,23.351,23.187,1,23.351,23.336,1,9.0
12,15.75,42.87,24.550,24.556,1,23.459,23.791,1,23.193,22.859,1,23.063,22.789,1,23.063,22.932,1,9.0
12,16.00,42.76,24.590,24.751,1,23.407,23.720,1,23.102,22.873,1,22.791,22.547,1,22.791,22.802,1,9.0
12,16.25,42.63,24.618,24.867,1,23.348,23.726,1,23.008,22.725,1,24.518,24.356,0,24.518,24.359,0,5.4
12,16.50,42.47,24.632,24.824,1,23.282,23.545,1,22.909,22.566,1,26.088,25.853,0,26.088,25.736,0,5.4
12,16.75,42.28,24.632,24.972,1,23.207,23.417,1,24.393,24.065,0,25.527,25.363,1,25.527,25.320,1,7.2
12,17.00,42.06,24.617,25.104,1,23.121,23.258,1,25.756,25.481,0,24.993,24.759,1,24.993,24.884,1,7.2
12,17.25,41.82,24.587,25.027,1,23.023,23.257,1,25.412,25.259,1,24.484,24.348,1,24.484,24.442,1,9.0
12,17.50,41.55,24.539,24.948,1,22.913,22.972,1,25.074,24.974,1,23.995,24.034,1,23.995,23.912,1,9.0
12,17.75,41.26,24.475,24.751,1,24.379,24.508,0,24.740,24.839,1,23.522,23.457,1,23.522,23.194,1,7.2
12,18.00,40.95,24.393,24.559,1,25.712,25.840,0,24.407,24.480,1,23.062,22.979,1,23.062,22.715,1,7.2
12,18.25,40.62,24.294,24.355,1,25.330,25.344,1,24.074,24.181,1,22.613,22.593,1,22.613,22.134,1,9.0
12,18.50,40.26,24.177,24.446,1,24.950,25.016,1,23.740,23.898,1,24.159,24.114,0,24.159,23.755,0,5.4
12,18.75,39.89,24.041,24.132,1,24.570,24.823,1,23.402,23.706,1,25.547,25.483,0,25.547,25.045,0,5.4
12,19.00,39.50,23.888,23.928,1,24.190,24.490,1,23.061,23.290,1,24.800,24.667,1,24.800,24.366,1,9.0
12,19.25,39.10,23.718,23.636,1,23.808,24.241,1,22.716,23.028,1,24.082,24.026,1,24.082,23.617,1,9.0
12,19.50,38.68,23.530,23.484,1,23.423,23.948,1,23.955,23.999,0,23.389,23.358,1,23.389,23.117,1,7.2
12,19.75,38.25,23.326,23.529,1,23.035,23.392,1,25.074,25.145,0,22.717,22.790,1,22.717,22.599,1,7.2
12,20.00,37.81,23.105,23.039,1,22.643,22.719,1,24.492,24.573,1,24.053,24.165,0,24.053,23.933,0,5.4
12,20.25,37.37,22.868,22.765,1,23.838,24.062,0,23.918,24.159,1,25.241,25.286,0,25.241,25.150,0,3.6
12,20.50,36.91,23.941,23.692,0,24.908,25.322,0,23.354,23.412,1,24.306,24.244,1,24.306,24.132,1,5.4
12,20.75,36.46,24.907,24.541,0,25.865,26.393,0,22.798,23.112,1,23.411,23.380,1,23.411,23.219,1,5.4
12,21.00,36.00,25.774,25.542,0,25.125,25.489,1,23.838,24.273,0,22.553,22.521,1,22.553,22.423,1,5.4
12,21.25,35.54,25.223,24.920,1,24.406,24.709,1,24.771,24.979,0,23.714,23.688,0,23.714,23.691,0,3.6
12,21.50,35.09,24.678,24.156,1,23.707,23.857,1,25.604,25.737,0,24.742,24.689,0,24.742,24.712,0,3.6
12,21.75,34.63,24.140,23.664,1,23.027,23.196,1,24.754,24.870,1,25.648,25.439,0,25.648,25.654,0,5.4
12,22.00,34.19,23.608,23.343,1,22.364,22.548,1,23.933,23.836,1,24.456,24.289,1,24.456,24.510,1,9.0
12,22.25,33.75,23.083,22.710,1,23.308,23.482,0,23.140,23.197,1,23.325,23.330,1,23.325,23.387,1,7.2
12,22.50,33.32,22.565,22.298,1,24.149,24.286,0,22.373,22.378,1,22.252,22.390,1,22.252,22.409,1,7.2
12,22.75,32.90,23.379,23.222,0,24.895,24.954,0,23.221,23.392,0,23.221,23.444,0,23.221,23.227,0,0.0
12,23.00,32.50,24.107,24.113,0,25.556,25.629,0,23.979,24.165,0,24.076,24.084,0,24.076,23.929,0,0.0
12,23.25,32.11,24.757,24.896,0,24.547,24.520,1,24.655,24.914,0,24.829,24.709,0,24.829,24.542,0,1.8
12,23.50,31.74,25.336,25.719,0,23.587,23.673,1,25.255,25.473,0,25.489,25.403,0,25.489,25.157,0,1.8
12,23.75,31.38,24.525,24.918,1,22.672,22.893,1,24.196,24.346,1,24.078,24.047,1,24.078,23.602,1,9.0
13,0.00,31.05,23.746,24.343,1,23.390,23.712,0,23.190,23.321,1,22.756,22.695,1,22.756,22.475,1,7.2
13,0.25,30.74,23.001,23.470,1,24.031,24.366,0,22.233,22.316,1,23.504,23.361,0,23.504,23.360,0,3.6
13,0.50,30.45,22.287,22.654,1,24.602,24.960,0,22.914,22.949,0,24.167,24.026,0,24.167,24.019,0,1.8
13,0.75,30.18,22.929,23.171,0,25.110,25.522,0,23.528,23.549,0,24.753,24.708,0,24.753,24.698,0,0.0
13,1.00,29.94,23.510,23.892,0,23.973,24.283,1,24.079,24.174,0,25.271,25.214,0,25.271,25.219,0,1.8
13,1.25,29.72,24.035,24.283,0,22.904,23.125,1,24.575,24.732,0,23.740,23.657,1,23.740,23.618,1,5.4
13,1.50,29.53,24.510,24.847,0,23.491,23.734,0,25.022,25.025,0,22.321,22.255,1,22.321,22.328,1,3.6
13,1.75,29.37,24.940,25.392,0,24.022,24.175,0,23.835,23.712,1,22.993,22.899,0,22.993,23.140,0,1.8
13,2.00,29.24,25.331,25.838,0,24.503,24.361,0,22.724,22.711,1,23.598,23.301,0,23.598,23.933,0,1.8
13,2.25,29.13,24.362,24.933,1,24.941,24.765,0,23.276,23.276,0,24.145,23.941,0,24.145,24.394,0,1.8
13,2.50,29.06,23.456,24.032,1,25.339,25.165,0,23.782,23.754,0,24.640,24.603,0,24.640,24.652,0,1.8
13,2.75,29.01,22.610,23.135,1,24.115,23.788,1,24.249,24.203,0,25.091,24.989,0,25.091,25.368,0,3.6
13,3.00,29.00,23.147,23.550,0,22.982,22.671,1,24.681,24.569,0,23.516,23.510,1,23.516,23.712,1,5.4
13,3.25,29.01,23.648,23.922,0,23.524,23.473,0,25.083,25.071,0,22.072,22.092,1,22.072,22.501,1,3.6
13,3.50,29.06,24.117,24.278,0,24.029,23.884,0,23.870,23.769,1,22.739,22.872,0,22.739,23.060,0,1.8
13,3.75,29.13,24.558,24.864,0,24.502,24.294,0,22.749,22.452,1,23.356,23.400,0,23.356,23.675,0,1.8
13,4.00,29.24,24.976,25.412,0,24.947,24.919,0,23.306,23.081,0,23.932,24.036,0,23.932,23.942,0,0.0
13,4.25,29.37,25.374,25.802,0,25.369,25.349,0,23.833,23.595,0,24.470,24.501,0,24.470,24.572,0,0.0
13,4.50,29.53,24.430,24.969,1,24.181,24.403,1,24.333,24.097,0,24.978,24.929,0,24.978,25.266,0,3.6
13,4.75,29.72,23.565,24.007,1,23.097,23.233,1,24.811,24.441,0,25.459,25.456,0,25.459,25.782,0,3.6
13,5.00,29.94,22.776,23.288,1,22.110,22.259,1,25.270,24.999,0,23.931,23.981,1,23.931,24.276,1,7.2
13,5.25,30.18,23.384,24.004,0,22.805,23.044,0,24.124,23.901,1,22.549,22.543,1,22.549,22.943,1,5.4
13,5.50,30.45,23.969,24.449,0,23.468,23.665,0,23.079,22.797,1,23.291,23.489,0,23.291,23.544,0,1.8
13,5.75,30.74,24.533,25.054,0,24.104,24.363,0,22.130,21.976,1,23.995,24.170,0,23.995,24.232,0,1.8
13,6.00,31.05,25.079,25.522,0,24.715,24.616,0,22.863,22.637,0,24.667,24.955,0,24.667,24.795,0,0.0
13,6.25,31.38,24.285,24.702,1,25.305,25.538,0,23.566,23.254,0,25.311,25.522,0,25.311,25.400,0,1.8
13,6.50,31.74,23.572,23.677,1,24.287,24.391,1,24.245,23.801,0,23.944,24.186,1,23.944,23.998,1,7.2
13,6.75,32.11,22.935,22.741,1,23.374,23.567,1,24.901,24.612,0,22.720,22.904,1,22.720,22.868,1,7.2
13,7.00,32.50,23.694,23.599,0,22.559,22.620,1,25.538,25.310,0,23.617,23.800,0,23.617,23.662,0,1.8
13,7.25,32.90,24.429,24.205,0,23.424,23.530,0,24.568,24.625,1,24.473,24.634,0,24.473,24.536,0,1.8
13,7.50,33.32,25.141,24.797,0,24.257,24.320,0,23.699,23.726,1,25.293,25.402,0,25.293,25.281,0,1.8
13,7.75,33.75,24.509,24.193,1,25.059,25.047,0,22.922,23.088,1,24.094,24.388,1,24.094,24.003,1,7.2
13,8.00,34.19,23.952,23.618,1,24.243,24.286,1,23.823,24.039,0,23.029,23.220,1,23.029,22.888,1,7.2
13,8.25,34.63,23.464,23.243,1,23.523,23.361,1,24.692,25.137,0,22.089,22.290,1,22.089,21.930,1,7.2
13,8.50,35.09,23.043,22.824,1,22.890,22.613,1,25.530,26.135,0,23.251,23.424,0,23.251,23.063,0,3.6
13,8.75,35.54,22.683,22.723,1,23.929,23.806,0,24.751,25.273,1,24.355,24.553,0,24.355,24.151,0,3.6
13,9.00,36.00,23.705,23.692,0,24.924,24.786,0,24.061,24.565,1,25.406,25.689,0,25.406,25.429,0,1.8
13,9.25,36.46,24.688,24.383,0,25.879,26.039,0,23.454,24.023,1,24.420,24.676,1,24.420,24.396,1,5.4
13,9.50,36.91,25.634,25.106,0,25.207,25.496,1,22.923,23.311,1,23.553,23.846,1,23.553,23.488,1,7.2
13,9.75,37.37,25.220,24.526,1,24.619,24.930,1,24.053,24.457,0,22.795,22.969,1,22.795,22.826,1,7.2
13,10.00,37.81,24.866,24.486,1,24.108,24.448,1,25.133,25.546,0,24.124,24.210,0,24.124,24.043,0,3.6
13,10.25,38.25,24.568,24.171,1,23.669,23.983,1,24.578,24.951,1,25.380,25.438,0,25.380,25.568,0,5.4
13,10.50,38.68,24.321,24.040,1,23.295,23.459,1,24.093,24.293,1,24.579,24.465,1,24.579,24.643,1,9.0
13,10.75,39.10,24.120,23.946,1,22.980,23.092,1,23.673,23.774,1,23.879,23.833,1,23.879,23.994,1,9.0
13,11.00,39.50,23.962,23.855,1,24.309,24.409,0,23.313,23.400,1,23.271,23.103,1,23.271,23.181,1,7.2
13,11.25,39.89,23.842,23.637,1,25.567,25.561,0,23.006,22.992,1,22.744,22.576,1,22.744,22.614,1,7.2
13,11.50,40.26,23.756,23.395,1,25.169,25.151,1,22.749,22.774,1,24.279,24.081,0,24.279,24.248,0,5.4
13,11.75,40.62,23.701,23.419,1,24.828,24.859,1,24.125,24.105,0,25.717,25.578,0,25.717,25.760,0,3.6
13,12.00,40.95,23.674,23.159,1,24.537,24.695,1,25.426,25.351,0,25.076,25.014,1,25.076,24.874,1,7.2
13,12.25,41.26,23.670,23.148,1,24.291,24.226,1,25.067,24.982,1,24.514,24.475,1,24.514,24.374,1,9.0
13,12.50,41.55,23.687,23.220,1,24.086,23.875,1,24.754,24.825,1,24.022,23.858,1,24.022,23.861,1,9.0
13,12.75,41.82,23.721,23.196,1,23.916,23.652,1,24.482,24.387,1,23.593,23.550,1,23.593,23.526,1,9.0
13,13.00,42.06,23.770,23.307,1,23.777,23.522,1,24.248,24.054,1,23.219,23.170,1,23.219,23.064,1,9.0
13,13.25,42.28,23.830,23.426,1,23.665,23.483,1,24.046,23.843,1,22.894,22.888,1,22.894,22.816,1,9.0
13,13.50,42.47,23.900,23.644,1,23.575,23.653,1,23.873,23.528,1,24.599,24.475,0,24.599,24.401,0,5.4
13,13.75,42.63,23.976,23.719,1,23.504,23.379,1,23.723,23.353,1,26.176,26.145,0,26.176,26.074,0,5.4
13,14.00,42.76,24.056,24.046,1,23.448,23.440,1,23.594,23.376,1,25.647,25.568,1,25.647,25.518,1,9.0
13,14.25,42.87,24.138,24.248,1,23.404,23.502,1,23.481,23.068,1,25.170,24.966,1,25.170,24.952,1,9.0
13,14.50,42.94,24.219,24.202,1,23.370,23.618,1,23.382,23.215,1,24.739,24.587,1,24.739,24.578,1,9.0
13,14.75,42.99,24.297,24.544,1,23.341,23.619,1,23.294,23.206,1,24.347,24.245,1,24.347,24.241,1,9.0
13,15.00,43.00,24.372,24.776,1,23.315,23.655,1,23.213,23.144,1,23.988,23.859,1,23.988,23.920,1,9.0
13,15.25,42.99,24.440,24.579,1,23.290,23.652,1,23.136,23.088,1,23.658,23.573,1,23.658,23.475,1,9.0
13,15.50,42.94,24.500,24.688,1,23.264,23.612,1,23.062,23.018,1,23.351,23.310,1,23.351,23.100,1,9.0
13,15.75,42.87,24.550,24.523,1,23.234,23.603,1,22.988,22.699,1,23.063,23.084,1,23.063,23.054,1,9.0
13,16.00,42.76,24.590,24.616,1,23.199,23.635,1,24.502,24.426,0,22.791,22.909,1,22.791,23.021,1,7.2
13,16.25,42.63,24.618,24.523,1,23.156,23.507,1,25.897,25.884,0,24.518,24.469,0,24.518,24.724,0,3.6
13,16.50,42.47,24.632,24.556,1,23.104,23.578,1,25.590,25.699,1,26.088,26.118,0,26.088,26.347,0,5.4
13,16.75,42.28,24.632,24.572,1,23.042,23.505,1,25.291,25.476,1,25.527,25.650,1,25.527,25.684,1,9.0
13,17.00,42.06,24.617,24.624,1,22.969,23.376,1,24.999,25.195,1,24.993,25.215,1,24.993,25.109,1,9.0
13,17.25,41.82,24.587,24.468,1,24.473,24.728,0,24.710,24.821,1,24.484,24.742,1,24.484,24.571,1,7.2
13,17.50,41.55,24.539,24.352,1,25.844,26.168,0,24.423,24.541,1,23.995,24.295,1,23.995,24.302,1,7.2
13,17.75,41.26,24.475,24.560,1,25.500,25.834,1,24.135,24.280,1,23.522,23.898,1,23.522,23.932,1,9.0
13,18.00,40.95,24.393,24.422,1,25.159,25.310,1,23.846,24.074,1,23.062,23.423,1,23.062,23.495,1,9.0
13,18.25,40.62,24.294,24.393,1,24.818,24.868,1,23.553,23.701,1,22.613,23.040,1,22.613,22.986,1,9.0
13,18.50,40.26,24.177,24.160,1,24.476,24.488,1,23.256,23.434,1,24.159,24.494,0,24.159,24.676,0,5.4
13,18.75,39.89,24.041,24.136,1,24.132,23.961,1,22.954,23.140,1,25.547,25.999,0,25.547,26.357,0,5.4
13,19.00,39.50,23.888,23.910,1,23.785,23.634,1,24.235,24.249,0,24.800,25.261,1,24.800,25.580,1,7.2
13,19.25,39.10,23.718,23.776,1,23.433,23.165,1,25.395,25.496,0,24.082,24.672,1,24.082,24.926,1,7.2
13,19.50,38.68,23.530,23.631,1,23.077,22.829,1,24.852,25.044,1,23.389,23.906,1,23.389,23.884,1,9.0
13,19.75,38.25,23.326,23.185,1,22.715,22.659,1,24.316,24.640,1,22.717,23.171,1,22.717,23.079,1,9.0
13,20.00,37.81,23.105,22.937,1,23.937,23.730,0,23.788,24.051,1,24.053,24.628,0,24.053,24.313,0,3.6
13,20.25,37.37,22.868,22.610,1,25.034,24.683,0,23.266,23.526,1,25.241,25.668,0,25.241,25.543,0,3.6
13,20.50,36.91,23.941,23.667,0,24.425,24.315,1,22.748,23.049,1,24.306,24.737,1,24.306,24.431,1,7.2
13,20.75,36.46,24.907,24.664,0,23.828,23.765,1,23.825,24.135,0,23.411,23.833,1,23.411,23.537,1,5.4
13,21.00,36.00,25.774,25.397,0,23.240,22.891,1,24.792,24.944,0,22.553,23.029,1,22.553,22.749,1,5.4
13,21.25,35.54,25.223,25.038,1,22.663,22.388,1,25.656,25.819,0,23.714,24.144,0,23.714,23.712,0,3.6
13,21.50,35.09,24.678,24.536,1,23.685,23.359,0,24.835,24.912,1,24.742,25.035,0,24.742,24.734,0,3.6
13,21.75,34.63,24.140,24.136,1,24.596,24.400,0,24.040,24.000,1,25.648,25.935,0,25.648,25.633,0,3.6
13,22.00,34.19,23.608,23.333,1,25.405,25.344,0,23.271,23.161,1,24.456,24.769,1,24.456,24.359,1,7.2
13,22.25,33.75,23.083,22.940,1,24.531,24.628,1,22.526,22.457,1,23.325,23.659,1,23.325,23.169,1,9.0
13,22.50,33.32,22.565,22.393,1,23.691,23.641,1,23.393,23.450,0,22.252,22.667,1,22.252,22.062,1,7.2
13,22.75,32.90,23.379,23.229,0,22.882,22.756,1,24.168,24.071,0,23.221,23.545,0,23.221,22.924,0,1.8
13,23.00,32.50,24.107,23.711,0,23.693,23.616,0,24.858,24.658,0,24.076,24.364,0,24.076,23.531,0,0.0
13,23.25,32.11,24.757,24.413,0,24.414,24.260,0,25.470,25.219,0,24.829,25.171,0,24.829,24.326,0,0.0
13,23.50,31.74,25.336,25.066,0,25.054,24.922,0,24.421,24.250,1,25.489,25.721,0,25.489,25.035,0,1.8
13,23.75,31.38,24.525,24.250,1,24.028,23.996,1,23.423,23.203,1,24.078,24.359,1,24.078,23.725,1,9.0
14,0.00,31.05,23.746,23.421,1,23.055,23.115,1,22.472,22.229,1,22.756,22.947,1,22.756,22.354,1,9.0
14,0.25,30.74,23.001,22.562,1,22.131,22.223,1,23.157,22.916,0,23.504,23.647,0,23.504,23.232,0,3.6
14,0.50,30.45,22.287,22.012,1,22.845,22.941,0,23.772,23.336,0,24.167,24.342,0,24.167,23.717,0,1.8
14,0.75,30.18,22.929,22.561,0,23.485,23.552,0,24.323,24.105,0,24.753,24.673,0,24.753,24.188,0,0.0
14,1.00,29.94,23.510,23.082,0,24.059,24.203,0,24.817,24.436,0,25.271,25.122,0,25.271,24.889,0,0.0
14,1.25,29.72,24.035,23.769,0,24.574,24.629,0,25.260,25.032,0,23.740,23.615,1,23.740,23.302,1,3.6
14,1.50,29.53,24.510,24.174,0,25.036,25.009,0,24.068,23.740,1,22.321,22.252,1,22.321,22.032,1,5.4
14,1.75,29.37,24.940,24.443,0,23.861,23.918,1,22.950,22.536,1,22.993,22.923,0,22.993,22.764,0,3.6
14,2.00,29.24,25.331,25.021,0,22.764,22.813,1,23.493,23.149,0,23.598,23.692,0,23.598,23.561,0,1.8
14,2.25,29.13,24.362,24.225,1,23.332,23.467,0,23.989,23.737,0,24.145,24.386,0,24.145,24.189,0,1.8
14,2.50,29.06,23.456,23.241,1,23.852,23.986,0,24.444,24.264,0,24.640,24.724,0,24.640,24.620,0,1.8
14,2.75,29.01,22.610,22.648,1,24.329,24.311,0,24.863,24.759,0,25.091,25.197,0,25.091,25.173,0,1.8
14,3.00,29.00,23.147,23.076,0,24.769,24.659,0,25.251,25.163,0,23.516,23.551,1,23.516,23.752,1,3.6
14,3.25,29.01,23.648,23.609,0,25.178,25.182,0,24.022,23.830,1,22.072,22.160,1,22.072,22.545,1,5.4
14,3.50,29.06,24.117,24.074,0,23.969,23.836,1,22.885,22.841,1,22.739,22.772,0,22.739,23.030,0,3.6
14,3.75,29.13,24.558,24.367,0,22.856,22.593,1,23.425,23.445,0,23.356,23.305,0,23.356,23.527,0,1.8
14,4.00,29.24,24.976,24.754,0,23.425,23.240,0,23.933,24.052,0,23.932,24.004,0,23.932,24.051,0,0.0
14,4.25,29.37,25.374,25.311,0,23.961,23.698,0,24.415,24.716,0,24.470,24.595,0,24.470,24.605,0,0.0
14,4.50,29.53,24.430,24.159,1,24.469,24.351,0,24.873,25.091,0,24.978,25.031,0,24.978,25.014,0,1.8
14,4.75,29.72,23.565,23.239,1,24.953,24.907,0,25.312,25.557,0,25.459,25.512,0,25.459,25.687,0,1.8
14,5.00,29.94,22.776,22.314,1,25.417,25.410,0,24.145,24.215,1,23.931,24.033,1,23.931,24.197,1,7.2
14,5.25,30.18,23.384,22.987,0,24.274,24.330,1,23.080,23.209,1,22.549,22.687,1,22.549,22.643,1,7.2
14,5.50,30.45,23.969,23.730,0,23.237,23.501,1,22.110,22.353,1,23.291,23.390,0,23.291,23.581,0,3.6
14,5.75,30.74,24.533,24.351,0,22.299,22.680,1,22.821,23.118,0,23.995,24.223,0,23.995,24.090,0,1.8
14,6.00,31.05,25.079,24.808,0,23.046,23.452,0,23.504,23.743,0,24.667,24.837,0,24.667,24.910,0,0.0
14,6.25,31.38,24.285,23.966,1,23.761,24.165,0,24.161,24.420,0,25.311,25.443,0,25.311,25.288,0,1.8
14,6.50,31.74,23.572,23.033,1,24.449,24.781,0,24.797,25.279,0,23.944,23.993,1,23.944,23.920,1,5.4
14,6.75,32.11,22.935,22.730,1,25.114,25.417,0,25.414,25.905,0,22.720,22.795,1,22.720,22.611,1,5.4
14,7.00,32.50,23.694,23.394,0,24.168,24.380,1,24.424,24.865,1,23.617,23.614,0,23.617,23.467,0,3.6
14,7.25,32.90,24.429,24.194,0,23.323,23.660,1,23.534,24.199,1,24.473,24.402,0,24.473,24.368,0,3.6
14,7.50,33.32,25.141,24.797,0,22.573,22.801,1,22.739,23.142,1,25.293,25.395,0,25.293,25.154,0,3.6
14,7.75,33.75,24.509,24.329,1,23.501,23.577,0,23.622,23.719,0,24.094,24.348,1,24.094,23.799,1,5.4
14,8.00,34.19,23.952,23.650,1,24.393,24.608,0,24.473,24.570,0,23.029,23.240,1,23.029,22.904,1,5.4
14,8.25,34.63,23.464,23.155,1,25.251,25.542,0,25.294,25.242,0,22.089,22.416,1,22.089,21.918,1,5.4
14,8.50,35.09,23.043,22.788,1,24.489,24.663,1,24.499,24.360,1,23.251,23.519,0,23.251,23.193,0,5.4
14,8.75,35.54,22.683,22.421,1,23.818,23.999,1,23.794,23.616,1,24.355,24.723,0,24.355,24.150,0,5.4
14,9.00,36.00,23.705,23.243,0,23.231,23.567,1,23.173,22.767,1,25.406,25.902,0,25.406,25.219,0,3.6
14,9.25,36.46,24.688,24.330,0,22.723,23.065,1,22.630,22.190,1,24.420,24.916,1,24.420,24.465,1,7.2
14,9.50,36.91,25.634,25.477,0,23.878,24.098,0,23.748,23.493,0,23.553,23.887,1,23.553,23.571,1,3.6
14,9.75,37.37,25.220,25.098,1,24.979,25.329,0,24.819,24.432,0,22.795,23.197,1,22.795,22.768,1,5.4
14,10.00,37.81,24.866,24.535,1,26.032,26.468,0,25.844,25.449,0,24.124,24.293,0,24.124,24.183,0,1.8
14,10.25,38.25,24.568,24.043,1,25.448,25.795,1,25.237,24.754,1,25.380,25.454,0,25.380,25.547,0,5.4
14,10.50,38.68,24.321,23.934,1,24.940,25.069,1,24.705,24.244,1,24.579,24.653,1,24.579,24.872,1,9.0
14,10.75,39.10,24.120,23.834,1,24.502,24.470,1,24.241,23.680,1,23.879,24.009,1,23.879,24.222,1,9.0
14,11.00,39.50,23.962,23.623,1,24.127,24.021,1,23.840,23.393,1,23.271,23.415,1,23.271,23.304,1,9.0
14,11.25,39.89,23.842,23.500,1,23.809,23.815,1,23.495,22.925,1,22.744,22.958,1,22.744,22.644,1,9.0
14,11.50,40.26,23.756,23.480,1,23.543,23.445,1,23.203,22.506,1,24.279,24.493,0,24.279,24.178,0,5.4
14,11.75,40.62,23.701,23.658,1,23.323,23.336,1,22.956,22.149,1,25.717,25.941,0,25.717,25.729,0,5.4
14,12.00,40.95,23.674,23.750,1,23.145,23.384,1,24.342,23.837,0,25.076,25.210,1,25.076,25.127,1,7.2
14,12.25,41.26,23.670,24.063,1,23.004,23.375,1,25.650,25.120,0,24.514,24.488,1,24.514,24.397,1,7.2
14,12.50,41.55,23.687,24.129,1,22.895,23.216,1,25.295,24.797,1,24.022,23.943,1,24.022,23.827,1,9.0
14,12.75,41.82,23.721,24.202,1,24.405,24.690,0,24.985,24.586,1,23.593,23.365,1,23.593,23.605,1,7.2
14,13.00,42.06,23.770,24.362,1,25.819,26.206,0,24.715,24.121,1,23.219,23.099,1,23.219,23.080,1,7.2
14,13.25,42.28,23.830,24.422,1,25.553,26.044,1,24.479,24.067,1,22.894,22.856,1,22.894,22.963,1,9.0
14,13.50,42.47,23.900,24.455,1,25.322,25.665,1,24.274,23.843,1,24.599,24.566,0,24.599,24.748,0,5.4
14,13.75,42.63,23.976,24.331,1,25.120,25.528,1,24.096,23.705,1,26.176,26.103,0,26.176,26.213,0,5.4
14,14.00,42.76,24.056,24.312,1,24.943,25.348,1,23.940,23.566,1,25.647,25.653,1,25.647,25.512,1,9.0
14,14.25,42.87,24.138,24.170,1,24.787,25.025,1,23.802,23.592,1,25.170,25.162,1,25.170,25.052,1,9.0
14,14.50,42.94,24.219,24.328,1,24.649,24.943,1,23.680,23.430,1,24.739,24.595,1,24.739,24.595,1,9.0
14,14.75,42.99,24.297,24.189,1,24.524,24.780,1,23.570,23.258,1,24.347,24.245,1,24.347,24.238,1,9.0
14,15.00,43.00,24.372,24.225,1,24.410,24.718,1,23.469,23.510,1,23.988,23.719,1,23.988,24.144,1,9.0
14,15.25,42.99,24.440,24.176,1,24.303,24.415,1,23.374,23.302,1,23.658,23.486,1,23.658,23.821,1,9.0
14,15.50,42.94,24.500,24.178,1,24.201,24.231,1,23.283,23.132,1,23.351,23.254,1,23.351,23.629,1,9.0
14,15.75,42.87,24.550,24.227,1,24.100,24.045,1,23.193,23.014,1,23.063,22.754,1,23.063,23.308,1,9.0
14,16.00,42.76,24.590,24.351,1,24.000,23.905,1,23.102,22.884,1,22.791,22.620,1,22.791,23.044,1,9.0
14,16.25,42.63,24.618,24.455,1,23.897,23.873,1,23.008,22.828,1,24.518,24.490,0,24.518,24.602,0,5.4
14,16.50,42.47,24.632,24.481,1,23.790,23.489,1,22.909,22.699,1,26.088,26.256,0,26.088,26.030,0,5.4
14,16.75,42.28,24.632,24.347,1,23.677,23.397,1,24.393,24.303,0,25.527,25.742,1,25.527,25.417,1,7.2
14,17.00,42.06,24.617,24.590,1,23.555,23.297,1,25.756,25.803,0,24.993,25.340,1,24.993,24.792,1,7.2
14,17.25,41.82,24.587,24.360,1,23.425,23.258,1,25.412,25.476,1,24.484,24.800,1,24.484,24.331,1,9.0
14,17.50,41.55,24.539,24.322,1,23.285,23.325,1,25.074,24.791,1,23.995,24.401,1,23.995,23.884,1,9.0
14,17.75,41.26,24.475,24.262,1,23.133,23.050,1,24.740,24.624,1,23.522,23.776,1,23.522,23.433,1,9.0
14,18.00,40.95,24.393,24.355,1,22.970,22.693,1,24.407,24.339,1,23.062,23.321,1,23.062,23.027,1,9.0
14,18.25,40.62,24.294,24.197,1,24.383,24.205,0,24.074,24.130,1,22.613,22.817,1,22.613,22.799,1,7.2
14,18.50,40.26,24.177,23.936,1,25.664,25.421,0,23.740,23.926,1,24.159,24.321,0,24.159,24.229,0,3.6
14,18.75,39.89,24.041,23.764,1,25.231,25.197,1,23.402,23.660,1,25.547,25.604,0,25.547,25.413,0,5.4
14,19.00,39.50,23.888,23.841,1,24.801,24.801,1,23.061,23.246,1,24.800,24.765,1,24.800,24.464,1,9.0
14,19.25,39.10,23.718,23.497,1,24.373,24.409,1,22.716,22.826,1,24.082,24.208,1,24.082,23.875,1,9.0
14,19.50,38.68,23.530,23.251,1,23.946,23.866,1,23.955,24.200,0,23.389,23.467,1,23.389,23.479,1,7.2
14,19.75,38.25,23.326,23.087,1,23.519,23.280,1,25.074,25.064,0,22.717,22.717,1,22.717,22.950,1,7.2
14,20.00,37.81,23.105,22.857,1,23.091,22.571,1,24.492,24.411,1,24.053,24.024,0,24.053,24.405,0,5.4
14,20.25,37.37,22.868,22.703,1,22.661,22.175,1,23.918,23.880,1,25.241,25.429,0,25.241,25.669,0,5.4
14,20.50,36.91,23.941,23.693,0,23.820,23.466,0,23.354,23.448,1,24.306,24.699,1,24.306,24.722,1,5.4
14,20.75,36.46,24.907,24.640,0,24.858,24.583,0,22.798,22.828,1,23.411,23.779,1,23.411,23.701,1,5.4
14,21.00,36.00,25.774,25.536,0,25.784,25.358,0,23.838,23.961,0,22.553,22.960,1,22.553,22.640,1,3.6
14,21.25,35.54,25.223,25.110,1,25.016,24.564,1,24.771,25.042,0,23.714,24.177,0,23.714,23.907,0,3.6
14,21.50,35.09,24.678,24.657,1,24.271,23.737,1,25.604,25.612,0,24.742,25.172,0,24.742,24.783,0,3.6
14,21.75,34.63,24.140,24.146,1,23.548,22.886,1,24.754,24.850,1,25.648,26.085,0,25.648,25.551,0,5.4
14,22.00,34.19,23.608,23.484,1,22.846,22.302,1,23.933,24.120,1,24.456,24.870,1,24.456,24.295,1,9.0
14,22.25,33.75,23.083,22.993,1,23.754,23.237,0,23.140,23.247,1,23.325,23.563,1,23.325,23.185,1,7.2
14,22.50,33.32,22.565,22.373,1,24.562,24.080,0,22.373,22.242,1,22.252,22.546,1,22.252,22.067,1,7.2
14,22.75,32.90,23.379,23.217,0,25.277,25.027,0,23.221,23.279,0,23.221,23.549,0,23.221,22.948,0,0.0
14,23.00,32.50,24.107,23.949,0,24.319,24.131,1,23.979,24.062,0,24.076,24.385,0,24.076,23.916,0,1.8
14,23.25,32.11,24.757,24.704,0,23.403,23.383,1,24.655,24.822,0,24.829,25.041,0,24.829,24.652,0,1.8
14,23.50,31.74,25.336,25.287,0,22.528,22.560,1,25.255,25.350,0,25.489,25.679,0,25.489,25.295,0,1.8
14,23.75,31.38,24.525,24.408,1,23.283,23.362,0,24.196,24.385,1,24.078,24.419,1,24.078,24.010,1,7.2
15,0.00,31.05,23.746,23.588,1,23.955,24.181,0,23.190,23.197,1,22.756,23.102,1,22.756,22.636,1,7.2
15,0.25,30.74,23.001,22.784,1,24.554,24.999,0,22.233,22.192,1,23.504,23.839,0,23.504,23.458,0,3.6
15,0.50,30.45,22.287,22.088,1,25.086,25.321,0,22.914,22.915,0,24.167,24.436,0,24.167,24.115,0,1.8
15,0.75,30.18,22.929,22.748,0,23.968,24.235,1,23.528,23.575,0,24.753,24.849,0,24.753,24.729,0,1.8
15,1.00,29.94,23.510,23.585,0,22.916,22.923,1,24.079,24.016,0,25.271,25.291,0,25.271,25.041,0,1.8
15,1.25,29.72,24.035,23.855,0,23.516,23.406,0,24.575,24.649,0,23.740,23.724,1,23.740,23.436,1,3.6
15,1.50,29.53,24.510,24.325,0,24.057,24.018,0,25.022,25.144,0,22.321,22.310,1,22.321,22.324,1,3.6
15,1.75,29.37,24.940,24.810,0,24.546,24.563,0,23.835,23.885,1,22.993,22.900,0,22.993,22.873,0,1.8
15,2.00,29.24,25.331,25.039,0,24.988,25.071,0,22.724,22.787,1,23.598,23.454,0,23.598,23.454,0,1.8
15,2.25,29.13,24.362,24.243,1,25.389,25.438,0,23.276,23.336,0,24.145,24.043,0,24.145,24.067,0,1.8
15,2.50,29.06,23.456,23.246,1,24.164,23.908,1,23.782,23.616,0,24.640,24.583,0,24.640,24.510,0,3.6
15,2.75,29.01,22.610,22.375,1,23.028,22.588,1,24.249,24.008,0,25.091,25.051,0,25.091,24.978,0,3.6
15,3.00,29.00,23.147,22.790,0,21.976,21.439,1,24.681,24.683,0,23.516,23.456,1,23.516,23.403,1,5.4
15,3.25,29.01,23.648,23.145,0,22.594,22.015,0,25.083,25.053,0,22.072,21.908,1,22.072,21.980,1,3.6
15,3.50,29.06,24.117,23.508,0,23.169,22.557,0,23.870,23.752,1,22.739,22.431,0,22.739,22.490,0,1.8
15,3.75,29.13,24.558,24.027,0,23.706,23.030,0,22.749,22.622,1,23.356,23.066,0,23.356,23.168,0,1.8
15,4.00,29.24,24.976,24.607,0,24.211,23.523,0,23.306,23.061,0,23.932,23.689,0,23.932,23.851,0,0.0
15,4.25,29.37,25.374,24.995,0,24.688,24.061,0,23.833,23.590,0,24.470,24.237,0,24.470,24.464,0,0.0
15,4.50,29.53,24.430,24.034,1,25.142,24.651,0,24.333,24.162,0,24.978,24.974,0,24.978,24.897,0,1.8
15,4.75,29.72,23.565,23.365,1,23.985,23.641,1,24.811,24.519,0,25.459,25.510,0,25.459,25.451,0,3.6
15,5.00,29.94,22.776,22.514,1,22.931,22.322,1,25.270,25.091,0,23.931,23.853,1,23.931,23.905,1,7.2
15,5.25,30.18,23.384,22.908,0,23.565,23.089,0,24.124,23.755,1,22.549,22.422,1,22.549,22.467,1,5.4
15,5.50,30.45,23.969,23.539,0,24.171,23.562,0,23.079,22.799,1,23.291,23.223,0,23.291,23.179,0,1.8
15,5.75,30.74,24.533,24.108,0,24.754,23.869,0,22.130,22.060,1,23.995,23.912,0,23.995,23.962,0,1.8
15,6.00,31.05,25.079,24.721,0,25.316,24.526,0,22.863,22.878,0,24.667,24.531,0,24.667,24.744,0,0.0
15,6.25,31.38,24.285,24.176,1,24.271,23.585,1,23.566,23.562,0,25.311,25.283,0,25.311,25.424,0,3.6
15,6.50,31.74,23.572,23.423,1,23.331,22.672,1,24.245,24.255,0,23.944,23.992,1,23.944,23.993,1,7.2
15,6.75,32.11,22.935,22.907,1,22.490,22.136,1,24.901,24.977,0,22.720,22.757,1,22.720,22.824,1,7.2
15,7.00,32.50,23.694,23.610,0,23.330,22.875,0,25.538,25.521,0,23.617,23.519,0,23.617,23.811,0,0.0
15,7.25,32.90,24.429,24.289,0,24.138,23.503,0,24.568,24.611,1,24.473,24.420,0,24.473,24.679,0,1.8
15,7.50,33.32,25.141,24.834,0,24.917,24.209,0,23.699,23.937,1,25.293,25.187,0,25.293,25.526,0,1.8
15,7.75,33.75,24.509,24.249,1,25.670,24.863,0,22.922,22.969,1,24.094,24.045,1,24.094,24.271,1,7.2
15,8.00,34.19,23.952,23.679,1,24.808,24.210,1,23.823,23.682,0,23.029,22.980,1,23.029,23.311,1,7.2
15,8.25,34.63,23.464,23.333,1,24.045,23.473,1,24.692,24.618,0,22.089,22.104,1,22.089,22.251,1,7.2
15,8.50,35.09,23.043,22.725,1,23.373,22.964,1,25.530,25.469,0,23.251,23.440,0,23.251,23.330,0,3.6
15,8.75,35.54,22.683,22.532,1,22.786,22.519,1,24.751,24.752,1,24.355,24.528,0,24.355,24.327,0,5.4
15,9.00,36.00,23.705,23.529,0,23.867,23.566,0,24.061,24.065,1,25.406,25.461,0,25.406,25.406,0,1.8
15,9.25,36.46,24.688,24.770,0,24.901,24.523,0,23.454,23.517,1,24.420,24.288,1,24.420,24.473,1,5.4
15,9.50,36.91,25.634,25.743,0,25.892,25.441,0,22.923,23.042,1,23.553,23.445,1,23.553,23.790,1,5.4
15,9.75,37.37,25.220,25.334,1,25.253,24.895,1,24.053,24.144,0,22.795,22.590,1,22.795,23.281,1,7.2
15,10.00,37.81,24.866,24.994,1,24.695,24.410,1,25.133,25.225,0,24.124,23.799,0,24.124,24.419,0,3.6
15,10.25,38.25,24.568,24.456,1,24.211,24.116,1,24.578,24.717,1,25.380,25.054,0,25.380,25.495,0,5.4
15,10.50,38.68,24.321,24.108,1,23.796,23.698,1,24.093,24.079,1,24.579,24.370,1,24.579,24.599,1,9.0
15,10.75,39.10,24.120,23.891,1,23.444,23.343,1,23.673,23.412,1,23.879,23.769,1,23.879,23.901,1,9.0
15,11.00,39.50,23.962,23.456,1,23.148,23.010,1,23.313,23.040,1,23.271,23.072,1,23.271,23.327,1,9.0
15,11.25,39.89,23.842,23.549,1,22.904,22.821,1,23.006,22.601,1,22.744,22.500,1,22.744,22.588,1,9.0
15,11.50,40.26,23.756,23.520,1,24.296,24.100,0,22.749,22.415,1,24.279,24.137,0,24.279,24.230,0,3.6
15,11.75,40.62,23.701,23.517,1,25.610,25.402,0,24.125,23.641,0,25.717,25.798,0,25.717,25.904,0,1.8
15,12.00,40.95,23.674,23.495,1,25.260,25.126,1,25.426,24.860,0,25.076,25.112,1,25.076,25.247,1,7.2
15,12.25,41.26,23.670,23.429,1,24.960,25.054,1,25.067,24.592,1,24.514,24.487,1,24.514,24.625,1,9.0
15,12.50,41.55,23.687,23.503,1,24.705,24.595,1,24.754,24.382,1,24.022,23.994,1,24.022,24.217,1,9.0
15,12.75,41.82,23.721,23.604,1,24.488,24.310,1,24.482,24.072,1,23.593,23.700,1,23.593,23.813,1,9.0
15,13.00,42.06,23.770,23.745,1,24.306,24.218,1,24.248,23.868,1,23.219,23.211,1,23.219,23.605,1,9.0
15,13.25,42.28,23.830,23.782,1,24.154,24.232,1,24.046,23.694,1,22.894,22.993,1,22.894,23.151,1,9.0
15,13.50,42.47,23.900,23.678,1,24.028,24.064,1,23.873,23.501,1,24.599,24.751,0,24.599,24.866,0,5.4
15,13.75,42.63,23.976,23.568,1,23.923,23.865,1,23.723,23.230,1,26.176,26.241,0,26.176,26.407,0,5.4
15,14.00,42.76,24.056,23.605,1,23.836,23.926,1,23.594,23.198,1,25.647,25.624,1,25.647,25.989,1,9.0
15,14.25,42.87,24.138,23.854,1,23.763,23.868,1,23.481,23.084,1,25.170,25.335,1,25.170,25.562,1,9.0
15,14.50,42.94,24.219,23.819,1,23.701,23.815,1,23.382,22.930,1,24.739,24.973,1,24.739,24.983,1,9.0
15,14.75,42.99,24.297,23.851,1,23.648,23.675,1,23.294,22.941,1,24.347,24.457,1,24.347,24.568,1,9.0
15,15.00,43.00,24.372,23.679,1,23.599,23.727,1,23.213,22.591,1,23.988,24.104,1,23.988,24.213,1,9.0
15,15.25,42.99,24.440,23.749,1,23.553,23.803,1,23.136,22.705,1,23.658,23.865,1,23.658,23.979,1,9.0
15,15.50,42.94,24.500,23.922,1,23.507,23.685,1,23.062,22.703,1,23.351,23.643,1,23.351,23.635,1,9.0
15,15.75,42.87,24.550,23.706,1,23.459,23.415,1,22.988,22.869,1,23.063,23.248,1,23.063,23.255,1,9.0
15,16.00,42.76,24.590,23.958,1,23.407,23.476,1,24.502,24.458,0,22.791,22.971,1,22.791,22.741,1,7.2
15,16.25,42.63,24.618,24.349,1,23.348,23.365,1,25.897,25.981,0,24.518,24.693,0,24.518,24.417,0,3.6
15,16.50,42.47,24.632,24.354,1,23.282,23.276,1,25.590,25.853,1,26.088,26.122,0,26.088,26.039,0,5.4
15,16.75,42.28,24.632,24.626,1,23.207,23.139,1,25.291,25.532,1,25.527,25.444,1,25.527,25.654,1,9.0
15,17.00,42.06,24.617,24.459,1,23.121,23.139,1,24.999,24.993,1,24.993,24.837,1,24.993,25.132,1,9.0
15,17.25,41.82,24.587,24.293,1,23.023,23.009,1,24.710,24.553,1,24.484,24.352,1,24.484,24.485,1,9.0
15,17.50,41.55,24.539,24.132,1,22.913,22.932,1,24.423,24.065,1,23.995,23.936,1,23.995,23.910,1,9.0
15,17.75,41.26,24.475,24.324,1,24.379,24.332,0,24.135,23.714,1,23.522,23.479,1,23.522,23.550,1,7.2
15,18.00,40.95,24.393,23.928,1,25.712,25.592,0,23.846,23.609,1,23.062,22.924,1,23.062,22.960,1,7.2
15,18.25,40.62,24.294,23.660,1,25.330,25.179,1,23.553,23.198,1,22.613,22.532,1,22.613,22.364,1,9.0
15,18.50,40.26,24.177,23.542,1,24.950,24.791,1,23.256,22.867,1,24.159,24.063,0,24.159,23.834,0,5.4
15,18.75,39.89,24.041,23.350,1,24.570,24.577,1,22.954,22.652,1,25.547,25.501,0,25.547,25.364,0,5.4
15,19.00,39.50,23.888,23.321,1,24.190,24.159,1,24.235,24.029,0,24.800,24.735,1,24.800,24.819,1,7.2
15,19.25,39.10,23.718,23.235,1,23.808,23.785,1,25.395,25.387,0,24.082,24.103,1,24.082,24.025,1,7.2
15,19.50,38.68,23.530,23.161,1,23.423,23.247,1,24.852,24.816,1,23.389,23.424,1,23.389,23.352,1,9.0
15,19.75,38.25,23.326,22.971,1,23.035,22.760,1,24.316,24.329,1,22.717,22.803,1,22.717,22.614,1,9.0
15,20.00,37.81,23.105,22.782,1,22.643,22.456,1,23.788,23.856,1,24.053,24.163,0,24.053,24.009,0,5.4
15,20.25,37.37,22.868,22.659,1,23.838,23.757,0,23.266,23.378,1,25.241,25.292,0,25.241,25.237,0,3.6
15,20.50,36.91,23.941,23.663,0,24.908,24.764,0,22.748,22.888,1,24.306,24.358,1,24.306,24.232,1,5.4
15,20.75,36.46,24.907,24.733,0,25.865,25.643,0,23.825,24.004,0,23.411,23.330,1,23.411,23.483,1,3.6
15,21.00,36.00,25.774,25.683,0,25.125,24.982,1,24.792,24.954,0,22.553,22.352,1,22.553,22.442,1,5.4
15,21.25,35.54,25.223,25.151,1,24.406,24.232,1,25.656,25.839,0,23.714,23.633,0,23.714,23.658,0,3.6
15,21.50,35.09,24.678,24.483,1,23.707,23.628,1,24.835,24.931,1,24.742,24.708,0,24.742,24.755,0,5.4
15,21.75,34.63,24.140,23.895,1,23.027,23.134,1,24.040,24.088,1,25.648,25.620,0,25.648,25.793,0,5.4
15,22.00,34.19,23.608,23.413,1,22.364,22.359,1,23.271,23.274,1,24.456,24.452,1,24.456,24.539,1,9.0
15,22.25,33.75,23.083,22.839,1,23.308,23.419,0,22.526,22.507,1,23.325,23.489,1,23.325,23.383,1,7.2
15,22.50,33.32,22.565,22.207,1,24.149,24.219,0,23.393,23.481,0,22.252,22.344,1,22.252,22.421,1,5.4
15,22.75,32.90,23.379,23.057,0,24.895,25.006,0,24.168,24.165,0,23.221,23.307,0,23.221,23.372,0,0.0
15,23.00,32.50,24.107,23.960,0,25.556,25.599,0,24.858,24.678,0,24.076,24.048,0,24.076,24.142,0,0.0
15,23.25,32.11,24.757,24.711,0,24.547,24.477,1,25.470,25.197,0,24.829,24.774,0,24.829,24.886,0,1.8
15,23.50,31.74,25.336,25.282,0,23.587,23.367,1,24.421,24.140,1,25.489,25.531,0,25.489,25.582,0,3.6
15,23.75,31.38,24.525,24.528,1,22.672,22.381,1,23.423,23.138,1,24.078,23.996,1,24.078,24.221,1,9.0
16,0.00,31.05,23.746,23.863,1,23.390,23.100,0,22.472,22.173,1,22.756,22.602,1,22.756,22.872,1,7.2
16,0.25,30.74,23.001,23.331,1,24.031,23.682,0,23.157,22.913,0,23.504,23.453,0,23.504,23.598,0,1.8
16,0.50,30.45,22.287,22.407,1,24.602,24.330,0,23.772,23.725,0,24.167,24.136,0,24.167,24.248,0,1.8
16,0.75,30.18,22.929,23.031,0,25.110,24.605,0,24.323,24.317,0,24.753,24.679,0,24.753,24.730,0,0.0
16,1.00,29.94,23.510,23.768,0,23.973,23.402,1,24.817,24.823,0,25.271,25.085,0,25.271,25.285,0,1.8
16,1.25,29.72,24.035,24.077,0,22.904,22.417,1,25.260,25.279,0,23.740,23.644,1,23.740,23.618,1,5.4
16,1.50,29.53,24.510,24.488,0,23.491,22.952,0,24.068,24.166,1,22.321,22.068,1,22.321,22.169,1,5.4
16,1.75,29.37,24.940,24.987,0,24.022,23.558,0,22.950,22.864,1,22.993,22.872,0,22.993,22.862,0,1.8
16,2.00,29.24,25.331,25.508,0,24.503,24.034,0,23.493,23.419,0,23.598,23.508,0,23.598,23.435,0,0.0
16,2.25,29.13,24.362,24.820,1,24.941,24.485,0,23.989,23.961,0,24.145,24.002,0,24.145,23.940,0,1.8
16,2.50,29.06,23.456,23.848,1,25.339,24.843,0,24.444,24.312,0,24.640,24.515,0,24.640,24.412,0,1.8
16,2.75,29.01,22.610,23.251,1,24.115,23.646,1,24.863,24.669,0,25.091,25.038,0,25.091,25.069,0,3.6
16,3.00,29.00,23.147,23.507,0,22.982,22.709,1,25.251,24.956,0,23.516,23.421,1,23.516,23.351,1,5.4
16,3.25,29.01,23.648,23.908,0,23.524,23.109,0,24.022,23.688,1,22.072,21.954,1,22.072,21.908,1,5.4
16,3.50,29.06,24.117,24.386,0,24.029,23.688,0,22.885,22.575,1,22.739,22.757,0,22.739,22.608,0,1.8
16,3.75,29.13,24.558,24.963,0,24.502,24.211,0,23.425,23.074,0,23.356,23.243,0,23.356,22.947,0,0.0
16,4.00,29.24,24.976,25.282,0,24.947,24.544,0,23.933,23.615,0,23.932,23.952,0,23.932,23.327,0,0.0
16,4.25,29.37,25.374,25.740,0,25.369,24.822,0,24.415,23.918,0,24.470,24.704,0,24.470,24.005,0,0.0
16,4.50,29.53,24.430,24.357,1,24.181,23.852,1,24.873,24.400,0,24.978,25.331,0,24.978,24.463,0,3.6
16,4.75,29.72,23.565,23.527,1,23.097,22.815,1,25.312,24.652,0,25.459,25.789,0,25.459,25.079,0,3.6
16,5.00,29.94,22.776,22.612,1,22.110,21.921,1,24.145,23.626,1,23.931,24.230,1,23.931,23.707,1,9.0
16,5.25,30.18,23.384,23.324,0,22.805,22.832,0,23.080,22.642,1,22.549,22.918,1,22.549,22.333,1,5.4
16,5.50,30.45,23.969,24.005,0,23.468,23.534,0,22.110,21.766,1,23.291,23.694,0,23.291,23.063,0,1.8
16,5.75,30.74,24.533,24.522,0,24.104,23.943,0,22.821,22.537,0,23.995,24.246,0,23.995,23.709,0,0.0
16,6.00,31.05,25.079,25.018,0,24.715,24.650,0,23.504,23.313,0,24.667,24.937,0,24.667,24.391,0,0.0
16,6.25,31.38,24.285,24.268,1,25.305,25.138,0,24.161,24.164,0,25.311,25.710,0,25.311,25.000,0,1.8
16,6.50,31.74,23.572,23.389,1,24.287,23.995,1,24.797,24.694,0,23.944,24.213,1,23.944,23.696,1,7.2
16,6.75,32.11,22.935,22.794,1,23.374,23.215,1,25.414,25.342,0,22.720,22.983,1,22.720,22.465,1,7.2
16,7.00,32.50,23.694,23.779,0,22.559,22.612,1,24.424,24.269,1,23.617,23.882,0,23.617,23.361,0,3.6
16,7.25,32.90,24.429,24.470,0,23.424,23.404,0,23.534,23.265,1,24.473,24.686,0,24.473,24.341,0,1.8
16,7.50,33.32,25.141,25.364,0,24.257,24.353,0,22.739,22.513,1,25.293,25.614,0,25.293,25.166,0,1.8
16,7.75,33.75,24.509,24.693,1,25.059,24.984,0,23.622,23.553,0,24.094,24.479,1,24.094,23.879,1,5.4
16,8.00,34.19,23.952,23.947,1,24.243,24.419,1,24.473,24.436,0,23.029,23.272,1,23.029,22.804,1,7.2
16,8.25,34.63,23.464,23.538,1,23.523,23.812,1,25.294,25.353,0,22.089,22.462,1,22.089,21.962,1,7.2
16,8.50,35.09,23.043,23.170,1,22.890,23.300,1,24.499,24.495,1,23.251,23.531,0,23.251,22.989,0,5.4
16,8.75,35.54,22.683,22.901,1,23.929,24.212,0,23.794,23.820,1,24.355,24.617,0,24.355,24.084,0,3.6
16,9.00,36.00,23.705,23.847,0,24.924,25.300,0,23.173,23.380,1,25.406,25.601,0,25.406,25.080,0,1.8
16,9.25,36.46,24.688,25.076,0,25.879,26.228,0,22.630,22.753,1,24.420,24.564,1,24.420,24.217,1,5.4
16,9.50,36.91,25.634,25.971,0,25.207,25.532,1,23.748,23.713,0,23.553,23.608,1,23.553,23.487,1,5.4
16,9.75,37.37,25.220,25.580,1,24.619,25.035,1,24.819,24.594,0,22.795,22.789,1,22.795,22.768,1,7.2
16,10.00,37.81,24.866,25.281,1,24.108,24.737,1,25.844,25.664,0,24.124,24.033,0,24.124,24.020,0,3.6
16,10.25,38.25,24.568,24.761,1,23.669,24.399,1,25.237,25.058,1,25.380,25.236,0,25.380,25.406,0,5.4
16,10.50,38.68,24.321,24.676,1,23.295,23.913,1,24.705,24.485,1,24.579,24.478,1,24.579,24.426,1,9.0
16,10.75,39.10,24.120,24.507,1,22.980,23.619,1,24.241,24.064,1,23.879,23.856,1,23.879,23.743,1,9.0
16,11.00,39.50,23.962,24.334,1,24.309,25.053,0,23.840,23.693,1,23.271,23.406,1,23.271,23.238,1,7.2
16,11.25,39.89,23.842,24.141,1,25.567,26.232,0,23.495,23.287,1,22.744,22.982,1,22.744,23.005,1,7.2
16,11.50,40.26,23.756,23.991,1,25.169,25.804,1,23.203,23.070,1,24.279,24.503,0,24.279,24.497,0,5.4
16,11.75,40.62,23.701,23.998,1,24.828,25.221,1,22.956,22.738,1,25.717,25.941,0,25.717,25.920,0,5.4
16,12.00,40.95,23.674,23.968,1,24.537,24.962,1,24.342,24.281,0,25.076,25.177,1,25.076,25.187,1,7.2
16,12.25,41.26,23.670,24.080,1,24.291,24.685,1,25.650,25.617,0,24.514,24.721,1,24.514,24.422,1,7.2
16,12.50,41.55,23.687,24.257,1,24.086,24.464,1,25.295,25.121,1,24.022,24.325,1,24.022,24.128,1,9.0
16,12.75,41.82,23.721,24.438,1,23.916,24.226,1,24.985,24.907,1,23.593,23.917,1,23.593,23.545,1,9.0
16,13.00,42.06,23.770,24.762,1,23.777,23.935,1,24.715,24.878,1,23.219,23.508,1,23.219,23.204,1,9.0
16,13.25,42.28,23.830,24.689,1,23.665,23.977,1,24.479,24.829,1,22.894,23.171,1,22.894,22.815,1,9.0
16,13.50,42.47,23.900,24.578,1,23.575,23.938,1,24.274,24.337,1,24.599,24.694,0,24.599,24.528,0,5.4
16,13.75,42.63,23.976,24.628,1,23.504,23.772,1,24.096,24.103,1,26.176,26.097,0,26.176,26.072,0,5.4
16,14.00,42.76,24.056,24.622,1,23.448,23.725,1,23.940,24.012,1,25.647,25.389,1,25.647,25.717,1,9.0
16,14.25,42.87,24.138,24.361,1,23.404,23.717,1,23.802,23.816,1,25.170,25.032,1,25.170,25.291,1,9.0
16,14.50,42.94,24.219,24.395,1,23.370,23.612,1,23.680,23.504,1,24.739,24.606,1,24.739,24.771,1,9.0
16,14.75,42.99,24.297,24.328,1,23.341,23.423,1,23.570,23.413,1,24.347,24.186,1,24.347,24.466,1,9.0
16,15.00,43.00,24.372,24.326,1,23.315,23.207,1,23.469,23.238,1,23.988,23.846,1,23.988,23.904,1,9.0
16,15.25,42.99,24.440,24.576,1,23.290,23.164,1,23.374,23.150,1,23.658,23.542,1,23.658,23.652,1,9.0
16,15.50,42.94,24.500,24.711,1,23.264,23.058,1,23.283,23.000,1,23.351,23.436,1,23.351,23.125,1,9.0
16,15.75,42.87,24.550,24.603,1,23.234,22.940,1,23.193,23.040,1,23.063,23.167,1,23.063,22.893,1,9.0
16,16.00,42.76,24.590,24.520,1,23.199,22.973,1,23.102,22.855,1,22.791,22.830,1,22.791,22.557,1,9.0
16,16.25,42.63,24.618,24.456,1,23.156,22.830,1,23.008,22.809,1,24.518,24.581,0,24.518,24.221,0,5.4
16,16.50,42.47,24.632,24.424,1,23.104,22.863,1,22.909,22.746,1,26.088,26.283,0,26.088,25.794,0,5.4
16,16.75,42.28,24.632,24.488,1,23.042,22.905,1,24.393,24.134,0,25.527,25.597,1,25.527,25.118,1,7.2
16,17.00,42.06,24.617,24.543,1,22.969,22.821,1,25.756,25.550,0,24.993,25.068,1,24.993,24.647,1,7.2
16,17.25,41.82,24.587,24.605,1,24.473,24.290,0,25.412,25.312,1,24.484,24.610,1,24.484,24.027,1,7.2
16,17.50,41.55,24.539,24.523,1,25.844,25.868,0,25.074,25.391,1,23.995,24.104,1,23.995,23.586,1,7.2
16,17.75,41.26,24.475,24.239,1,25.500,25.536,1,24.740,25.017,1,23.522,23.565,1,23.522,23.339,1,9.0
16,18.00,40.95,24.393,24.209,1,25.159,25.069,1,24.407,24.533,1,23.062,23.172,1,23.062,22.831,1,9.0
16,18.25,40.62,24.294,24.002,1,24.818,24.532,1,24.074,24.172,1,22.613,22.768,1,22.613,22.490,1,9.0
16,18.50,40.26,24.177,23.946,1,24.476,24.419,1,23.740,23.693,1,24.159,24.317,0,24.159,24.088,0,5.4
16,18.75,39.89,24.041,23.612,1,24.132,24.058,1,23.402,23.236,1,25.547,25.711,0,25.547,25.395,0,5.4
16,19.00,39.50,23.888,23.590,1,23.785,23.911,1,23.061,22.887,1,24.800,24.886,1,24.800,24.537,1,9.0
16,19.25,39.10,23.718,23.503,1,23.433,23.434,1,22.716,22.664,1,24.082,24.318,1,24.082,24.026,1,9.0
16,19.50,38.68,23.530,23.583,1,23.077,23.091,1,23.955,23.961,0,23.389,23.526,1,23.389,23.199,1,7.2
16,19.75,38.25,23.326,23.473,1,22.715,22.553,1,25.074,25.192,0,22.717,22.758,1,22.717,22.525,1,7.2
16,20.00,37.81,23.105,23.472,1,23.937,23.823,0,24.492,24.655,1,24.053,24.063,0,24.053,23.969,0,3.6
16,20.25,37.37,22.868,23.163,1,25.034,24.818,0,23.918,23.953,1,25.241,25.100,0,25.241,25.034,0,3.6
16,20.50,36.91,23.941,24.297,0,24.425,24.220,1,23.354,23.277,1,24.306,24.255,1,24.306,24.139,1,7.2
16,20.75,36.46,24.907,25.288,0,23.828,23.522,1,22.798,22.676,1,23.411,23.399,1,23.411,23.232,1,7.2
16,21.00,36.00,25.774,26.252,0,23.240,23.060,1,23.838,23.898,0,22.553,22.570,1,22.553,22.324,1,5.4
16,21.25,35.54,25.223,25.659,1,22.663,22.784,1,24.771,24.948,0,23.714,23.716,0,23.714,23.583,0,3.6
16,21.50,35.09,24.678,25.043,1,23.685,23.755,0,25.604,25.891,0,24.742,24.785,0,24.742,24.722,0,1.8
16,21.75,34.63,24.140,24.705,1,24.596,24.599,0,24.754,25.048,1,25.648,25.778,0,25.648,25.714,0,3.6
16,22.00,34.19,23.608,24.066,1,25.405,25.414,0,23.933,24.416,1,24.456,24.518,1,24.456,24.563,1,7.2
16,22.25,33.75,23.083,23.562,1,24.531,24.364,1,23.140,23.648,1,23.325,23.252,1,23.325,23.444,1,9.0
16,22.50,33.32,22.565,23.163,1,23.691,23.480,1,22.373,22.658,1,22.252,22.185,1,22.252,22.357,1,9.0
16,22.75,32.90,23.379,23.933,0,22.882,22.719,1,23.221,23.510,0,23.221,23.020,0,23.221,23.428,0,1.8
16,23.00,32.50,24.107,24.313,0,23.693,23.504,0,23.979,24.330,0,24.076,23.822,0,24.076,24.111,0,0.0
16,23.25,32.11,24.757,24.841,0,24.414,24.185,0,24.655,25.198,0,24.829,24.457,0,24.829,24.904,0,0.0
16,23.50,31.74,25.336,25.384,0,25.054,24.747,0,25.255,25.587,0,25.489,25.040,0,25.489,25.593,0,0.0
16,23.75,31.38,24.525,24.659,1,24.028,23.913,1,24.196,24.387,1,24.078,23.471,1,24.078,24.231,1,9.0
17,0.00,31.05,23.746,23.939,1,23.055,23.096,1,23.190,23.147,1,22.756,22.353,1,22.756,22.907,1,9.0
17,0.25,30.74,23.001,23.446,1,22.131,22.142,1,22.233,22.352,1,23.504,23.086,0,23.504,23.866,0,5.4
17,0.50,30.45,22.287,22.619,1,22.845,22.670,0,22.914,23.049,0,24.167,23.900,0,24.167,24.625,0,1.8
17,0.75,30.18,22.929,23.220,0,23.485,23.376,0,23.528,23.647,0,24.753,24.642,0,24.753,25.275,0,0.0
17,1.00,29.94,23.510,23.703,0,24.059,24.080,0,24.079,24.184,0,25.271,25.285,0,25.271,25.701,0,0.0
17,1.25,29.72,24.035,24.221,0,24.574,24.523,0,24.575,24.493,0,23.740,23.636,1,23.740,24.245,1,3.6
17,1.50,29.53,24.510,24.761,0,25.036,24.893,0,25.022,25.004,0,22.321,22.230,1,22.321,22.856,1,3.6
17,1.75,29.37,24.940,25.107,0,23.861,23.732,1,23.835,23.688,1,22.993,23.021,0,22.993,23.529,0,3.6
17,2.00,29.24,25.331,25.497,0,22.764,22.946,1,22.724,22.726,1,23.598,23.761,0,23.598,24.115,0,3.6
17,2.25,29.13,24.362,24.442,1,23.332,23.552,0,23.276,23.283,0,24.145,24.259,0,24.145,24.735,0,1.8
17,2.50,29.06,23.456,23.486,1,23.852,24.080,0,23.782,23.803,0,24.640,24.599,0,24.640,25.227,0,1.8
17,2.75,29.01,22.610,22.742,1,24.329,24.541,0,24.249,24.297,0,25.091,25.024,0,25.091,25.554,0,1.8
17,3.00,29.00,23.147,23.181,0,24.769,24.741,0,24.681,24.786,0,23.516,23.328,1,23.516,23.886,1,3.6
17,3.25,29.01,23.648,23.397,0,25.178,25.071,0,25.083,25.239,0,22.072,21.912,1,22.072,22.409,1,3.6
17,3.50,29.06,24.117,23.923,0,23.969,23.667,1,23.870,24.109,1,22.739,22.554,0,22.739,23.045,0,3.6
17,3.75,29.13,24.558,24.443,0,22.856,22.260,1,22.749,23.125,1,23.356,23.158,0,23.356,23.690,0,3.6
17,4.00,29.24,24.976,24.826,0,23.425,22.813,0,23.306,23.794,0,23.932,23.638,0,23.932,24.263,0,0.0
17,4.25,29.37,25.374,25.167,0,23.961,23.474,0,23.833,24.374,0,24.470,24.272,0,24.470,24.827,0,0.0
17,4.50,29.53,24.430,24.162,1,24.469,24.000,0,24.333,24.858,0,24.978,24.915,0,24.978,25.348,0,1.8
17,4.75,29.72,23.565,23.299,1,24.953,24.557,0,24.811,25.387,0,25.459,25.448,0,25.459,25.887,0,1.8
17,5.00,29.94,22.776,22.482,1,25.417,25.171,0,25.270,25.748,0,23.931,23.930,1,23.931,24.376,1,5.4
17,5.25,30.18,23.384,22.940,0,24.274,24.022,1,24.124,24.585,1,22.549,22.564,1,22.549,23.037,1,7.2
17,5.50,30.45,23.969,23.255,0,23.237,22.807,1,23.079,23.607,1,23.291,23.375,0,23.291,23.933,0,3.6
17,5.75,30.74,24.533,23.875,0,22.299,22.059,1,22.130,22.858,1,23.995,23.852,0,23.995,24.400,0,3.6
17,6.00,31.05,25.079,24.419,0,23.046,22.656,0,22.863,23.689,0,24.667,24.513,0,24.667,24.958,0,0.0
17,6.25,31.38,24.285,23.859,1,23.761,23.490,0,23.566,24.244,0,25.311,25.238,0,25.311,25.477,0,1.8
17,6.50,31.74,23.572,23.094,1,24.449,24.349,0,24.245,24.759,0,23.944,23.830,1,23.944,24.045,1,5.4
17,6.75,32.11,22.935,22.428,1,25.114,24.713,0,24.901,25.187,0,22.720,22.632,1,22.720,22.955,1,5.4
17,7.00,32.50,23.694,23.331,0,24.168,23.744,1,25.538,25.781,0,23.617,23.377,0,23.617,23.801,0,1.8
17,7.25,32.90,24.429,24.070,0,23.323,22.869,1,24.568,24.854,1,24.473,24.295,0,24.473,24.697,0,3.6
17,7.50,33.32,25.141,25.116,0,22.573,22.230,1,23.699,23.733,1,25.293,24.999,0,25.293,25.488,0,3.6
17,7.75,33.75,24.509,24.366,1,23.501,23.162,0,22.922,23.113,1,24.094,23.836,1,24.094,24.142,1,7.2
17,8.00,34.19,23.952,24.016,1,24.393,24.062,0,23.823,23.989,0,23.029,22.817,1,23.029,23.126,1,5.4
17,8.25,34.63,23.464,23.423,1,25.251,24.961,0,24.692,24.982,0,22.089,22.017,1,22.089,22.091,1,5.4
17,8.50,35.09,23.043,23.008,1,24.489,24.414,1,25.530,25.762,0,23.251,23.057,0,23.251,23.185,0,3.6
17,8.75,35.54,22.683,22.732,1,23.818,23.738,1,24.751,24.964,1,24.355,24.206,0,24.355,24.267,0,5.4
17,9.00,36.00,23.705,23.817,0,23.231,23.321,1,24.061,24.301,1,25.406,25.322,0,25.406,25.444,0,3.6
17,9.25,36.46,24.688,24.887,0,22.723,22.942,1,23.454,23.440,1,24.420,24.348,1,24.420,24.496,1,7.2
17,9.50,36.91,25.634,25.795,0,23.878,23.971,0,22.923,22.896,1,23.553,23.417,1,23.553,23.657,1,5.4
17,9.75,37.37,25.220,25.456,1,24.979,25.034,0,24.053,24.149,0,22.795,22.623,1,22.795,22.826,1,5.4
17,10.00,37.81,24.866,25.090,1,26.032,26.032,0,25.133,25.332,0,24.124,23.952,0,24.124,24.208,0,1.8
17,10.25,38.25,24.568,24.896,1,25.448,25.249,1,24.578,24.751,1,25.380,25.236,0,25.380,25.261,0,5.4
17,10.50,38.68,24.321,24.623,1,24.940,24.738,1,24.093,24.085,1,24.579,24.578,1,24.579,24.486,1,9.0
17,10.75,39.10,24.120,24.088,1,24.502,24.262,1,23.673,23.630,1,23.879,23.867,1,23.879,23.716,1,9.0
17,11.00,39.50,23.962,23.788,1,24.127,23.941,1,23.313,23.164,1,23.271,23.352,1,23.271,23.174,1,9.0
17,11.25,39.89,23.842,23.717,1,23.809,23.572,1,23.006,22.885,1,22.744,22.823,1,22.744,22.673,1,9.0
17,11.50,40.26,23.756,23.427,1,23.543,23.329,1,22.749,22.381,1,24.279,24.362,0,24.279,24.474,0,5.4
17,11.75,40.62,23.701,23.274,1,23.323,23.032,1,24.125,23.889,0,25.717,25.711,0,25.717,25.784,0,3.6
17,12.00,40.95,23.674,23.257,1,23.145,22.902,1,25.426,25.312,0,25.076,25.026,1,25.076,25.074,1,7.2
17,12.25,41.26,23.670,23.259,1,23.004,22.699,1,25.067,24.998,1,24.514,24.600,1,24.514,24.425,1,9.0
17,12.50,41.55,23.687,23.161,1,22.895,22.612,1,24.754,24.626,1,24.022,23.963,1,24.022,23.803,1,9.0
17,12.75,41.82,23.721,22.997,1,24.405,24.141,0,24.482,24.283,1,23.593,23.711,1,23.593,23.437,1,7.2
17,13.00,42.06,23.770,22.980,1,25.819,25.448,0,24.248,24.016,1,23.219,23.195,1,23.219,23.070,1,7.2
17,13.25,42.28,23.830,23.268,1,25.553,25.180,1,24.046,23.758,1,22.894,22.683,1,22.894,22.606,1,9.0
17,13.50,42.47,23.900,23.406,1,25.322,24.970,1,23.873,23.635,1,24.599,24.272,0,24.599,24.431,0,5.4
17,13.75,42.63,23.976,23.463,1,25.120,24.578,1,23.723,23.384,1,26.176,25.821,0,26.176,26.017,0,5.4
17,14.00,42.76,24.056,23.369,1,24.943,24.562,1,23.594,23.287,1,25.647,25.408,1,25.647,25.654,1,9.0
17,14.25,42.87,24.138,23.480,1,24.787,24.367,1,23.481,23.270,1,25.170,24.789,1,25.170,25.289,1,9.0
17,14.50,42.94,24.219,23.619,1,24.649,24.218,1,23.382,23.064,1,24.739,24.270,1,24.739,24.813,1,9.0
17,14.75,42.99,24.297,23.819,1,24.524,24.134,1,23.294,22.746,1,24.347,23.859,1,24.347,24.467,1,9.0
17,15.00,43.00,24.372,24.189,1,24.410,24.041,1,23.213,22.762,1,23.988,23.549,1,23.988,24.054,1,9.0
17,15.25,42.99,24.440,24.120,1,24.303,23.859,1,23.136,22.579,1,23.658,23.307,1,23.658,23.807,1,9.0
17,15.50,42.94,24.500,24.186,1,24.201,23.723,1,23.062,22.675,1,23.351,23.248,1,23.351,23.302,1,9.0
17,15.75,42.87,24.550,24.344,1,24.100,23.688,1,22.988,22.676,1,23.063,23.037,1,23.063,23.180,1,9.0
17,16.00,42.76,24.590,24.387,1,24.000,23.891,1,24.502,24.087,0,22.791,22.840,1,22.791,22.747,1,7.2
17,16.25,42.63,24.618,24.244,1,23.897,23.850,1,25.897,25.605,0,24.518,24.507,0,24.518,24.536,0,3.6
17,16.50,42.47,24.632,24.197,1,23.790,23.883,1,25.590,25.160,1,26.088,26.098,0,26.088,26.135,0,5.4
17,16.75,42.28,24.632,24.269,1,23.677,23.761,1,25.291,24.891,1,25.527,25.289,1,25.527,25.415,1,9.0
17,17.00,42.06,24.617,24.426,1,23.555,23.716,1,24.999,24.792,1,24.993,24.785,1,24.993,25.070,1,9.0
17,17.25,41.82,24.587,24.395,1,23.425,23.696,1,24.710,24.471,1,24.484,24.244,1,24.484,24.647,1,9.0
17,17.50,41.55,24.539,24.172,1,23.285,23.714,1,24.423,24.416,1,23.995,23.778,1,23.995,24.286,1,9.0
17,17.75,41.26,24.475,24.072,1,23.133,23.490,1,24.135,24.156,1,23.522,23.274,1,23.522,23.858,1,9.0
17,18.00,40.95,24.393,24.151,1,22.970,23.370,1,23.846,23.807,1,23.062,22.693,1,23.062,23.408,1,9.0
17,18.25,40.62,24.294,24.028,1,24.383,24.546,0,23.553,23.382,1,22.613,22.253,1,22.613,23.083,1,7.2
17,18.50,40.26,24.177,23.989,1,25.664,25.703,0,23.256,22.979,1,24.159,23.740,0,24.159,24.476,0,3.6
17,18.75,39.89,24.041,23.894,1,25.231,25.402,1,22.954,23.011,1,25.547,25.339,0,25.547,25.781,0,5.4
17,19.00,39.50,23.888,23.883,1,24.801,24.967,1,24.235,24.484,0,24.800,24.662,1,24.800,24.960,1,7.2
17,19.25,39.10,23.718,23.843,1,24.373,24.426,1,25.395,25.548,0,24.082,23.928,1,24.082,24.198,1,7.2
17,19.50,38.68,23.530,23.362,1,23.946,24.117,1,24.852,25.292,1,23.389,23.131,1,23.389,23.634,1,9.0
17,19.75,38.25,23.326,22.944,1,23.519,23.663,1,24.316,24.618,1,22.717,22.504,1,22.717,22.993,1,9.0
17,20.00,37.81,23.105,22.587,1,23.091,23.200,1,23.788,24.143,1,24.053,23.771,0,24.053,24.430,0,5.4
17,20.25,37.37,22.868,22.576,1,22.661,22.702,1,23.266,23.746,1,25.241,24.801,0,25.241,25.517,0,5.4
17,20.50,36.91,23.941,23.750,0,23.820,23.972,0,22.748,23.306,1,24.306,24.005,1,24.306,24.559,1,5.4
17,20.75,36.46,24.907,24.829,0,24.858,24.999,0,23.825,24.161,0,23.411,23.227,1,23.411,23.698,1,3.6
17,21.00,36.00,25.774,25.686,0,25.784,25.840,0,24.792,25.314,0,22.553,22.297,1,22.553,22.818,1,3.6
17,21.25,35.54,25.223,25.049,1,25.016,25.059,1,25.656,26.255,0,23.714,23.523,0,23.714,23.921,0,3.6
17,21.50,35.09,24.678,24.631,1,24.271,24.424,1,24.835,25.366,1,24.742,24.529,0,24.742,24.853,0,5.4
17,21.75,34.63,24.140,23.842,1,23.548,23.875,1,24.040,24.438,1,25.648,25.346,0,25.648,25.659,0,5.4
17,22.00,34.19,23.608,23.187,1,22.846,23.276,1,23.271,23.620,1,24.456,24.089,1,24.456,24.380,1,9.0
17,22.25,33.75,23.083,22.568,1,23.754,24.278,0,22.526,22.677,1,23.325,23.003,1,23.325,23.308,1,7.2
17,22.50,33.32,22.565,22.151,1,24.562,25.061,0,23.393,23.514,0,22.252,21.737,1,22.252,22.235,1,5.4
17,22.75,32.90,23.379,22.939,0,25.277,25.565,0,24.168,24.440,0,23.221,22.878,0,23.221,23.167,0,0.0
17,23.00,32.50,24.107,23.760,0,24.319,24.579,1,24.858,24.889,0,24.076,23.727,0,24.076,24.119,0,1.8
17,23.25,32.11,24.757,24.430,0,23.403,23.515,1,25.470,25.626,0,24.829,24.548,0,24.829,24.746,0,1.8
17,23.50,31.74,25.336,24.965,0,22.528,22.578,1,24.421,24.450,1,25.489,25.309,0,25.489,25.358,0,3.6
17,23.75,31.38,24.525,24.209,1,23.283,23.545,0,23.423,23.373,1,24.078,23.810,1,24.078,23.960,1,7.2
18,0.00,31.05,23.746,23.401,1,23.955,24.150,0,22.472,22.324,1,22.756,22.366,1,22.756,22.608,1,7.2
18,0.25,30.74,23.001,22.515,1,24.554,24.595,0,23.157,23.346,0,23.504,23.386,0,23.504,23.620,0,1.8
18,0.50,30.45,22.287,21.808,1,25.086,24.989,0,23.772,24.004,0,24.167,23.962,0,24.167,24.242,0,1.8
18,0.75,30.18,22.929,22.373,0,23.968,23.990,1,24.323,24.520,0,24.753,24.599,0,24.753,24.757,0,1.8
18,1.00,29.94,23.510,22.982,0,22.916,22.714,1,24.817,24.984,0,25.271,25.102,0,25.271,25.318,0,1.8
18,1.25,29.72,24.035,23.496,0,23.516,23.213,0,25.260,25.419,0,23.740,23.729,1,23.740,23.768,1,3.6
18,1.50,29.53,24.510,24.266,0,24.057,23.479,0,24.068,24.113,1,22.321,22.285,1,22.321,22.206,1,5.4
18,1.75,29.37,24.940,24.351,0,24.546,24.032,0,22.950,22.877,1,22.993,22.883,0,22.993,22.875,0,1.8
18,2.00,29.24,25.331,24.771,0,24.988,24.449,0,23.493,23.497,0,23.598,23.424,0,23.598,23.611,0,0.0
18,2.25,29.13,24.362,24.024,1,25.389,24.711,0,23.989,23.894,0,24.145,24.077,0,24.145,24.023,0,1.8
18,2.50,29.06,23.456,23.073,1,24.164,23.573,1,24.444,24.472,0,24.640,24.691,0,24.640,24.516,0,3.6
18,2.75,29.01,22.610,22.339,1,23.028,22.536,1,24.863,25.073,0,25.091,25.136,0,25.091,24.965,0,3.6
18,3.00,29.00,23.147,22.877,0,21.976,21.376,1,25.251,25.292,0,23.516,23.299,1,23.516,23.556,1,5.4
18,3.25,29.01,23.648,23.669,0,22.594,21.843,0,24.022,24.155,1,22.072,21.915,1,22.072,22.087,1,5.4
18,3.50,29.06,24.117,24.220,0,23.169,22.481,0,22.885,23.305,1,22.739,22.684,0,22.739,22.670,0,1.8
18,3.75,29.13,24.558,24.504,0,23.706,23.255,0,23.425,23.773,0,23.356,23.287,0,23.356,23.310,0,0.0
18,4.00,29.24,24.976,24.936,0,24.211,23.947,0,23.933,24.140,0,23.932,23.648,0,23.932,23.832,0,0.0
18,4.25,29.37,25.374,25.231,0,24.688,24.372,0,24.415,24.412,0,24.470,24.125,0,24.470,24.228,0,0.0
18,4.50,29.53,24.430,24.430,1,25.142,24.724,0,24.873,24.845,0,24.978,24.805,0,24.978,24.725,0,1.8
18,4.75,29.72,23.565,23.616,1,23.985,23.733,1,25.312,25.352,0,25.459,25.248,0,25.459,25.122,0,3.6
18,5.00,29.94,22.776,22.997,1,22.931,22.727,1,24.145,24.100,1,23.931,23.707,1,23.931,23.623,1,9.0
18,5.25,30.18,23.384,23.343,0,23.565,23.440,0,23.080,23.157,1,22.549,22.285,1,22.549,22.183,1,5.4
18,5.50,30.45,23.969,23.876,0,24.171,24.035,0,22.110,22.408,1,23.291,23.134,0,23.291,22.980,0,1.8
18,5.75,30.74,24.533,24.366,0,24.754,24.640,0,22.821,23.069,0,23.995,23.742,0,23.995,23.671,0,0.0
18,6.00,31.05,25.079,24.988,0,25.316,25.083,0,23.504,23.577,0,24.667,24.425,0,24.667,24.334,0,0.0
18,6.25,31.38,24.285,23.971,1,24.271,24.207,1,24.161,24.361,0,25.311,25.293,0,25.311,24.963,0,3.6
18,6.50,31.74,23.572,23.366,1,23.331,23.423,1,24.797,25.038,0,23.944,24.038,1,23.944,23.648,1,7.2
18,6.75,32.11,22.935,22.684,1,22.490,22.629,1,25.414,25.686,0,22.720,22.870,1,22.720,22.568,1,7.2
18,7.00,32.50,23.694,23.490,0,23.330,23.430,0,24.424,24.803,1,23.617,23.738,0,23.617,23.394,0,1.8
18,7.25,32.90,24.429,24.373,0,24.138,23.967,0,23.534,24.002,1,24.473,24.663,0,24.473,24.272,0,1.8
18,7.50,33.32,25.141,25.246,0,24.917,24.714,0,22.739,23.194,1,25.293,25.326,0,25.293,24.983,0,1.8
18,7.75,33.75,24.509,24.663,1,25.670,25.437,0,23.622,23.902,0,24.094,24.212,1,24.094,23.806,1,5.4
18,8.00,34.19,23.952,24.000,1,24.808,24.579,1,24.473,24.895,0,23.029,23.239,1,23.029,22.776,1,7.2
18,8.25,34.63,23.464,23.595,1,24.045,23.768,1,25.294,25.878,0,22.089,22.404,1,22.089,21.823,1,7.2
18,8.50,35.09,23.043,23.187,1,23.373,23.236,1,24.499,25.134,1,23.251,23.631,0,23.251,23.084,0,5.4
18,8.75,35.54,22.683,22.860,1,22.786,22.468,1,23.794,24.532,1,24.355,24.665,0,24.355,24.230,0,5.4
18,9.00,36.00,23.705,23.860,0,23.867,23.710,0,23.173,23.789,1,25.406,25.573,0,25.406,25.447,0,1.8
18,9.25,36.46,24.688,24.922,0,24.901,24.948,0,22.630,23.179,1,24.420,24.603,1,24.420,24.552,1,5.4
18,9.50,36.91,25.634,25.706,0,25.892,25.745,0,23.748,24.149,0,23.553,23.657,1,23.553,23.858,1,3.6
18,9.75,37.37,25.220,25.632,1,25.253,25.095,1,24.819,25.190,0,22.795,22.858,1,22.795,23.044,1,7.2
18,10.00,37.81,24.866,25.284,1,24.695,24.594,1,25.844,26.138,0,24.124,24.170,0,24.124,24.285,0,3.6
18,10.25,38.25,24.568,24.845,1,24.211,24.072,1,25.237,25.580,1,25.380,25.467,0,25.380,25.469,0,5.4
18,10.50,38.68,24.321,24.701,1,23.796,23.678,1,24.705,25.122,1,24.579,24.640,1,24.579,24.848,1,9.0
18,10.75,39.10,24.120,24.651,1,23.444,23.426,1,24.241,24.780,1,23.879,23.872,1,23.879,24.304,1,9.0
18,11.00,39.50,23.962,24.274,1,23.148,23.142,1,23.840,24.255,1,23.271,23.081,1,23.271,23.517,1,9.0
18,11.25,39.89,23.842,24.064,1,22.904,22.958,1,23.495,23.827,1,22.744,22.664,1,22.744,22.931,1,9.0
18,11.50,40.26,23.756,23.831,1,24.296,24.510,0,23.203,23.638,1,24.279,24.183,0,24.279,24.279,0,3.6
18,11.75,40.62,23.701,23.622,1,25.610,25.739,0,22.956,23.357,1,25.717,25.745,0,25.717,25.724,0,3.6
18,12.00,40.95,23.674,23.641,1,25.260,25.430,1,24.342,24.569,0,25.076,25.210,1,25.076,25.242,1,7.2
18,12.25,41.26,23.670,23.712,1,24.960,25.302,1,25.650,25.826,0,24.514,24.635,1,24.514,24.806,1,7.2
18,12.50,41.55,23.687,23.701,1,24.705,24.937,1,25.295,25.655,1,24.022,24.116,1,24.022,24.201,1,9.0
18,12.75,41.82,23.721,23.733,1,24.488,24.436,1,24.985,25.428,1,23.593,23.807,1,23.593,23.624,1,9.0
18,13.00,42.06,23.770,23.690,1,24.306,24.486,1,24.715,25.222,1,23.219,23.380,1,23.219,23.230,1,9.0
18,13.25,42.28,23.830,23.812,1,24.154,24.490,1,24.479,25.024,1,22.894,23.093,1,22.894,22.882,1,9.0
18,13.50,42.47,23.900,24.092,1,24.028,24.401,1,24.274,24.640,1,24.599,24.741,0,24.599,24.777,0,5.4
18,13.75,42.63,23.976,23.904,1,23.923,24.129,1,24.096,24.487,1,26.176,26.291,0,26.176,26.218,0,5.4
18,14.00,42.76,24.056,23.517,1,23.836,23.981,1,23.940,24.426,1,25.647,25.654,1,25.647,25.564,1,9.0
18,14.25,42.87,24.138,23.758,1,23.763,24.065,1,23.802,24.140,1,25.170,25.143,1,25.170,24.937,1,9.0
18,14.50,42.94,24.219,23.877,1,23.701,23.882,1,23.680,23.965,1,24.739,24.479,1,24.739,24.625,1,9.0
18,14.75,42.99,24.297,23.740,1,23.648,23.645,1,23.570,23.799,1,24.347,23.920,1,24.347,24.075,1,9.0
18,15.00,43.00,24.372,23.742,1,23.599,23.372,1,23.469,23.595,1,23.988,23.594,1,23.988,23.922,1,9.0
18,15.25,42.99,24.440,23.991,1,23.553,23.049,1,23.374,23.464,1,23.658,23.220,1,23.658,23.646,1,9.0
18,15.50,42.94,24.500,24.049,1,23.507,23.096,1,23.283,23.437,1,23.351,22.920,1,23.351,23.167,1,9.0
18,15.75,42.87,24.550,24.089,1,23.459,23.165,1,23.193,23.396,1,23.063,22.657,1,23.063,22.968,1,9.0
18,16.00,42.76,24.590,24.162,1,23.407,22.984,1,23.102,23.304,1,22.791,22.506,1,22.791,22.842,1,9.0
18,16.25,42.63,24.618,24.153,1,23.348,22.983,1,23.008,23.163,1,24.518,24.131,0,24.518,24.597,0,5.4
18,16.50,42.47,24.632,24.088,1,23.282,22.962,1,22.909,22.973,1,26.088,25.684,0,26.088,26.153,0,5.4
18,16.75,42.28,24.632,24.153,1,23.207,22.979,1,24.393,24.405,0,25.527,25.135,1,25.527,25.623,1,7.2
18,17.00,42.06,24.617,24.129,1,23.121,22.919,1,25.756,25.701,0,24.993,24.636,1,24.993,25.166,1,7.2
18,17.25,41.82,24.587,24.257,1,23.023,22.941,1,25.412,25.500,1,24.484,24.177,1,24.484,24.744,1,9.0
18,17.50,41.55,24.539,24.199,1,22.913,22.962,1,25.074,25.239,1,23.995,23.878,1,23.995,24.316,1,9.0
18,17.75,41.26,24.475,24.260,1,24.379,24.462,0,24.740,24.831,1,23.522,23.355,1,23.522,23.899,1,7.2
18,18.00,40.95,24.393,24.027,1,25.712,25.977,0,24.407,24.513,1,23.062,22.971,1,23.062,23.503,1,7.2
18,18.25,40.62,24.294,23.998,1,25.330,25.559,1,24.074,23.925,1,22.613,22.565,1,22.613,23.069,1,9.0
18,18.50,40.26,24.177,23.712,1,24.950,25.179,1,23.740,23.594,1,24.159,24.215,0,24.159,24.391,0,5.4
18,18.75,39.89,24.041,23.548,1,24.570,24.752,1,23.402,23.173,1,25.547,25.615,0,25.547,25.540,0,5.4
18,19.00,39.50,23.888,23.138,1,24.190,24.351,1,23.061,22.917,1,24.800,24.783,1,24.800,24.833,1,9.0
18,19.25,39.10,23.718,23.084,1,23.808,24.023,1,22.716,22.595,1,24.082,23.903,1,24.082,24.112,1,9.0
18,19.50,38.68,23.530,22.977,1,23.423,23.800,1,23.955,23.677,0,23.389,23.447,1,23.389,23.407,1,7.2
18,19.75,38.25,23.326,22.684,1,23.035,23.340,1,25.074,24.951,0,22.717,22.775,1,22.717,22.655,1,7.2
18,20.00,37.81,23.105,22.620,1,22.643,23.037,1,24.492,24.381,1,24.053,24.268,0,24.053,24.217,0,5.4
18,20.25,37.37,22.868,22.105,1,23.838,24.196,0,23.918,24.029,1,25.241,25.482,0,25.241,25.544,0,3.6
18,20.50,36.91,23.941,23.331,0,24.908,25.054,0,23.354,23.382,1,24.306,24.523,1,24.306,24.719,1,5.4
18,20.75,36.46,24.907,24.350,0,25.865,25.937,0,22.798,22.761,1,23.411,23.624,1,23.411,23.804,1,5.4
18,21.00,36.00,25.774,25.583,0,25.125,25.173,1,23.838,23.665,0,22.553,22.803,1,22.553,22.935,1,5.4
18,21.25,35.54,25.223,25.074,1,24.406,24.362,1,24.771,24.668,0,23.714,23.893,0,23.714,24.002,0,3.6
18,21.50,35.09,24.678,24.465,1,23.707,23.787,1,25.604,25.349,0,24.742,24.895,0,24.742,24.973,0,3.6
18,21.75,34.63,24.140,24.049,1,23.027,23.077,1,24.754,24.628,1,25.648,25.713,0,25.648,25.902,0,5.4
18,22.00,34.19,23.608,23.564,1,22.364,22.420,1,23.933,23.997,1,24.456,24.564,1,24.456,24.711,1,9.0
18,22.25,33.75,23.083,23.192,1,23.308,23.405,0,23.140,23.169,1,23.325,23.516,1,23.325,23.789,1,7.2
18,22.50,33.32,22.565,22.587,1,24.149,24.315,0,22.373,22.415,1,22.252,22.433,1,22.252,22.472,1,7.2
18,22.75,32.90,23.379,23.313,0,24.895,24.947,0,23.221,23.421,0,23.221,23.276,0,23.221,23.558,0,0.0
18,23.00,32.50,24.107,23.920,0,25.556,25.581,0,23.979,24.114,0,24.076,24.073,0,24.076,24.217,0,0.0
18,23.25,32.11,24.757,24.777,0,24.547,24.707,1,24.655,24.912,0,24.829,24.919,0,24.829,25.051,0,1.8
18,23.50,31.74,25.336,25.521,0,23.587,23.637,1,25.255,25.551,0,25.489,25.709,0,25.489,25.726,0,1.8
18,23.75,31.38,24.525,24.667,1,22.672,22.610,1,24.196,24.433,1,24.078,24.231,1,24.078,23.978,1,9.0
19,0.00,31.05,23.746,23.939,1,23.390,23.521,0,23.190,23.474,1,22.756,22.911,1,22.756,22.590,1,7.2
19,0.25,30.74,23.001,23.142,1,24.031,24.320,0,22.233,22.334,1,23.504,23.861,0,23.504,23.198,0,3.6
19,0.50,30.45,22.287,22.530,1,24.602,24.781,0,22.914,22.954,0,24.167,24.282,0,24.167,23.991,0,1.8
19,0.75,30.18,22.929,23.206,0,25.110,25.402,0,23.528,23.507,0,24.753,24.985,0,24.753,24.614,0,0.0
19,1.00,29.94,23.510,23.736,0,23.973,24.175,1,24.079,24.202,0,25.271,25.514,0,25.271,25.190,0,1.8
19,1.25,29.72,24.035,24.038,0,22.904,23.079,1,24.575,24.572,0,23.740,23.882,1,23.740,23.474,1,5.4
19,1.50,29.53,24.510,24.593,0,23.491,23.635,0,25.022,25.019,0,22.321,22.354,1,22.321,22.100,1,3.6
19,1.75,29.37,24.940,24.880,0,24.022,24.141,0,23.835,23.905,1,22.993,23.058,0,22.993,22.856,0,1.8
19,2.00,29.24,25.331,25.186,0,24.503,24.374,0,22.724,22.818,1,23.598,23.555,0,23.598,23.441,0,1.8
19,2.25,29.13,24.362,24.073,1,24.941,24.796,0,23.276,23.436,0,24.145,24.074,0,24.145,23.876,0,1.8
19,2.50,29.06,23.456,23.215,1,25.339,25.242,0,23.782,23.929,0,24.640,24.604,0,24.640,24.528,0,1.8
19,2.75,29.01,22.610,22.618,1,24.115,24.114,1,24.249,24.341,0,25.091,25.093,0,25.091,24.845,0,3.6
19,3.00,29.00,23.147,23.156,0,22.982,23.208,1,24.681,24.758,0,23.516,23.517,1,23.516,23.212,1,5.4
19,3.25,29.01,23.648,23.807,0,23.524,23.693,0,25.083,25.187,0,22.072,22.039,1,22.072,21.672,1,3.6
19,3.50,29.06,24.117,24.236,0,24.029,24.058,0,23.870,23.886,1,22.739,22.654,0,22.739,22.559,0,1.8
19,3.75,29.13,24.558,24.752,0,24.502,24.567,0,22.749,22.692,1,23.356,23.339,0,23.356,23.180,0,1.8
19,4.00,29.24,24.976,25.316,0,24.947,24.979,0,23.306,23.450,0,23.932,23.894,0,23.932,23.782,0,0.0
19,4.25,29.37,25.374,25.617,0,25.369,25.394,0,23.833,23.851,0,24.470,24.326,0,24.470,24.162,0,0.0
19,4.50,29.53,24.430,24.535,1,24.181,24.089,1,24.333,24.383,0,24.978,24.787,0,24.978,24.684,0,3.6
19,4.75,29.72,23.565,23.837,1,23.097,23.086,1,24.811,24.678,0,25.459,25.326,0,25.459,25.258,0,3.6
19,5.00,29.94,22.776,23.002,1,22.110,21.984,1,25.270,25.192,0,23.931,23.787,1,23.931,23.778,1,7.2
19,5.25,30.18,23.384,23.666,0,22.805,22.743,0,24.124,23.997,1,22.549,22.264,1,22.549,22.422,1,5.4
19,5.50,30.45,23.969,24.205,0,23.468,23.392,0,23.079,23.002,1,23.291,23.086,0,23.291,23.063,0,1.8
19,5.75,30.74,24.533,24.859,0,24.104,24.078,0,22.130,22.080,1,23.995,23.817,0,23.995,24.019,0,1.8
19,6.00,31.05,25.079,25.434,0,24.715,24.681,0,22.863,22.637,0,24.667,24.481,0,24.667,24.740,0,0.0
19,6.25,31.38,24.285,24.433,1,25.305,25.257,0,23.566,23.379,0,25.311,25.219,0,25.311,25.219,0,1.8
19,6.50,31.74,23.572,23.680,1,24.287,24.215,1,24.245,24.077,0,23.944,23.901,1,23.944,23.953,1,7.2
19,6.75,32.11,22.935,23.180,1,23.374,23.626,1,24.901,24.775,0,22.720,22.725,1,22.720,22.715,1,7.2
19,7.00,32.50,23.694,23.905,0,22.559,22.675,1,25.538,25.405,0,23.617,23.560,0,23.617,23.479,0,1.8
19,7.25,32.90,24.429,24.640,0,23.424,23.461,0,24.568,24.471,1,24.473,24.394,0,24.473,24.402,0,1.8
19,7.50,33.32,25.141,25.526,0,24.257,24.354,0,23.699,23.571,1,25.293,25.187,0,25.293,25.251,0,1.8
19,7.75,33.75,24.509,24.799,1,25.059,25.104,0,22.922,22.937,1,24.094,24.025,1,24.094,24.006,1,7.2
19,8.00,34.19,23.952,24.238,1,24.243,24.270,1,23.823,23.780,0,23.029,22.991,1,23.029,22.908,1,7.2
19,8.25,34.63,23.464,23.642,1,23.523,23.634,1,24.692,24.575,0,22.089,22.188,1,22.089,21.851,1,7.2
19,8.50,35.09,23.043,23.265,1,22.890,23.038,1,25.530,25.466,0,23.251,23.369,0,23.251,23.131,0,3.6
19,8.75,35.54,22.683,22.848,1,23.929,24.016,0,24.751,24.655,1,24.355,24.652,0,24.355,24.138,0,3.6
19,9.00,36.00,23.705,24.000,0,24.924,24.902,0,24.061,24.036,1,25.406,25.779,0,25.406,25.083,0,1.8
19,9.25,36.46,24.688,24.834,0,25.879,25.965,0,23.454,23.567,1,24.420,24.700,1,24.420,24.312,1,5.4
19,9.50,36.91,25.634,25.728,0,25.207,25.331,1,22.923,23.169,1,23.553,23.734,1,23.553,23.631,1,7.2
19,9.75,37.37,25.220,25.204,1,24.619,24.719,1,24.053,24.230,0,22.795,23.181,1,22.795,22.868,1,7.2
19,10.00,37.81,24.866,24.969,1,24.108,24.341,1,25.133,25.245,0,24.124,24.558,0,24.124,24.157,0,3.6
19,10.25,38.25,24.568,24.428,1,23.669,23.834,1,24.578,24.684,1,25.380,25.555,0,25.380,25.284,0,5.4
19,10.50,38.68,24.321,24.184,1,23.295,23.495,1,24.093,24.260,1,24.579,24.735,1,24.579,24.425,1,9.0
19,10.75,39.10,24.120,24.075,1,22.980,22.994,1,23.673,23.904,1,23.879,23.874,1,23.879,23.836,1,9.0
19,11.00,39.50,23.962,23.800,1,24.309,24.511,0,23.313,23.472,1,23.271,23.206,1,23.271,23.125,1,7.2
19,11.25,39.89,23.842,23.773,1,25.567,25.603,0,23.006,23.120,1,22.744,22.727,1,22.744,22.520,1,7.2
19,11.50,40.26,23.756,23.571,1,25.169,25.139,1,22.749,22.698,1,24.279,24.195,0,24.279,24.076,0,5.4
19,11.75,40.62,23.701,23.324,1,24.828,24.801,1,24.125,24.088,0,25.717,25.659,0,25.717,25.533,0,3.6
19,12.00,40.95,23.674,23.017,1,24.537,24.403,1,25.426,25.428,0,25.076,25.008,1,25.076,24.792,1,7.2
19,12.25,41.26,23.670,23.292,1,24.291,24.322,1,25.067,24.912,1,24.514,24.438,1,24.514,24.314,1,9.0
19,12.50,41.55,23.687,23.565,1,24.086,23.854,1,24.754,24.687,1,24.022,23.916,1,24.022,23.859,1,9.0
19,12.75,41.82,23.721,23.571,1,23.916,23.909,1,24.482,24.643,1,23.593,23.471,1,23.593,23.349,1,9.0
19,13.00,42.06,23.770,23.980,1,23.777,23.823,1,24.248,24.271,1,23.219,23.217,1,23.219,22.978,1,9.0
19,13.25,42.28,23.830,23.974,1,23.665,23.835,1,24.046,23.871,1,22.894,22.982,1,22.894,22.696,1,9.0
19,13.50,42.47,23.900,24.077,1,23.575,23.751,1,23.873,23.527,1,24.599,24.604,0,24.599,24.459,0,5.4
19,13.75,42.63,23.976,24.205,1,23.504,23.654,1,23.723,23.224,1,26.176,26.155,0,26.176,25.967,0,5.4
19,14.00,42.76,24.056,24.158,1,23.448,23.642,1,23.594,23.179,1,25.647,25.483,1,25.647,25.445,1,9.0
19,14.25,42.87,24.138,24.306,1,23.404,23.602,1,23.481,23.088,1,25.170,25.023,1,25.170,24.864,1,9.0
19,14.50,42.94,24.219,24.625,1,23.370,23.563,1,23.382,22.930,1,24.739,24.429,1,24.739,24.278,1,9.0
19,14.75,42.99,24.297,24.578,1,23.341,23.641,1,23.294,22.821,1,24.347,24.043,1,24.347,23.826,1,9.0
19,15.00,43.00,24.372,24.825,1,23.315,23.859,1,23.213,22.477,1,23.988,23.679,1,23.988,23.570,1,9.0
19,15.25,42.99,24.440,24.914,1,23.290,23.717,1,23.136,22.420,1,23.658,23.444,1,23.658,23.440,1,9.0
19,15.50,42.94,24.500,24.685,1,23.264,23.563,1,23.062,22.469,1,23.351,23.060,1,23.351,23.097,1,9.0
19,15.75,42.87,24.550,24.895,1,23.234,23.537,1,22.988,22.394,1,23.063,22.847,1,23.063,22.692,1,9.0
19,16.00,42.76,24.590,24.923,1,23.199,23.526,1,24.502,24.103,0,22.791,22.657,1,22.791,22.471,1,7.2
19,16.25,42.63,24.618,24.891,1,23.156,23.420,1,25.897,25.677,0,24.518,24.516,0,24.518,24.286,0,3.6
19,16.50,42.47,24.632,24.883,1,23.104,23.237,1,25.590,25.239,1,26.088,26.043,0,26.088,25.961,0,5.4
19,16.75,42.28,24.632,24.879,1,23.042,23.318,1,25.291,24.954,1,25.527,25.330,1,25.527,25.340,1,9.0
19,17.00,42.06,24.617,24.952,1,22.969,23.247,1,24.999,24.709,1,24.993,24.812,1,24.993,24.773,1,9.0
19,17.25,41.82,24.587,24.974,1,24.473,24.658,0,24.710,24.494,1,24.484,24.323,1,24.484,24.117,1,7.2
19,17.50,41.55,24.539,25.096,1,25.844,25.980,0,24.423,24.323,1,23.995,23.906,1,23.995,23.662,1,7.2
19,17.75,41.26,24.475,24.914,1,25.500,25.647,1,24.135,23.985,1,23.522,23.361,1,23.522,23.169,1,9.0
19,18.00,40.95,24.393,24.562,1,25.159,25.168,1,23.846,23.695,1,23.062,22.971,1,23.062,22.533,1,9.0
19,18.25,40.62,24.294,24.510,1,24.818,24.988,1,23.553,23.517,1,22.613,22.661,1,22.613,22.010,1,9.0
19,18.50,40.26,24.177,24.240,1,24.476,24.457,1,23.256,23.378,1,24.159,24.411,0,24.159,23.448,0,5.4
19,18.75,39.89,24.041,24.076,1,24.132,23.952,1,22.954,22.851,1,25.547,25.683,0,25.547,25.061,0,5.4
19,19.00,39.50,23.888,23.852,1,23.785,23.720,1,24.235,24.217,0,24.800,24.843,1,24.800,24.503,1,7.2
19,19.25,39.10,23.718,23.538,1,23.433,23.311,1,25.395,25.429,0,24.082,24.091,1,24.082,23.788,1,7.2
19,19.50,38.68,23.530,23.477,1,23.077,23.107,1,24.852,24.677,1,23.389,23.400,1,23.389,23.256,1,9.0
19,19.75,38.25,23.326,23.491,1,22.715,22.435,1,24.316,24.072,1,22.717,22.735,1,22.717,22.554,1,9.0
19,20.00,37.81,23.105,23.351,1,23.937,23.744,0,23.788,23.630,1,24.053,24.046,0,24.053,23.887,0,3.6
19,20.25,37.37,22.868,23.216,1,25.034,24.925,0,23.266,23.161,1,25.241,25.245,0,25.241,25.012,0,3.6
19,20.50,36.91,23.941,24.152,0,24.425,24.343,1,22.748,22.771,1,24.306,24.213,1,24.306,24.135,1,7.2
19,20.75,36.46,24.907,25.151,0,23.828,23.722,1,23.825,23.833,0,23.411,23.389,1,23.411,23.175,1,5.4
19,21.00,36.00,25.774,26.181,0,23.240,22.932,1,24.792,24.873,0,22.553,22.598,1,22.553,22.484,1,5.4
19,21.25,35.54,25.223,25.313,1,22.663,22.256,1,25.656,25.851,0,23.714,23.681,0,23.714,23.650,0,3.6
19,21.50,35.09,24.678,24.905,1,23.685,23.188,0,24.835,24.893,1,24.742,24.617,0,24.742,24.680,0,3.6
19,21.75,34.63,24.140,24.243,1,24.596,24.156,0,24.040,24.080,1,25.648,25.584,0,25.648,25.523,0,3.6
19,22.00,34.19,23.608,23.775,1,25.405,25.113,0,23.271,23.407,1,24.456,24.439,1,24.456,24.298,1,7.2
19,22.25,33.75,23.083,23.248,1,24.531,24.097,1,22.526,22.682,1,23.325,23.397,1,23.325,23.114,1,9.0
19,22.50,33.32,22.565,22.901,1,23.691,23.401,1,23.393,23.757,0,22.252,22.210,1,22.252,22.070,1,7.2
19,22.75,32.90,23.379,23.592,0,22.882,22.570,1,24.168,24.582,0,23.221,23.293,0,23.221,23.055,0,1.8
19,23.00,32.50,24.107,24.253,0,23.693,23.280,0,24.858,25.225,0,24.076,24.168,0,24.076,23.992,0,0.0
19,23.25,32.11,24.757,25.015,0,24.414,23.975,0,25.470,25.724,0,24.829,25.039,0,24.829,24.781,0,0.0
19,23.50,31.74,25.336,25.337,0,25.054,24.854,0,24.421,24.572,1,25.489,25.756,0,25.489,25.412,0,1.8
19,23.75,31.38,24.525,24.532,1,24.028,24.052,1,23.423,23.352,1,24.078,24.287,1,24.078,23.933,1,9.0
20,0.00,31.05,23.746,23.716,1,23.055,23.038,1,22.472,22.513,1,22.756,22.985,1,22.756,22.575,1,9.0
20,0.25,30.74,23.001,23.177,1,22.131,22.219,1,23.157,23.094,0,23.504,23.675,0,23.504,23.271,0,3.6
20,0.50,30.45,22.287,22.475,1,22.845,22.877,0,23.772,23.800,0,24.167,24.270,0,24.167,23.958,0,1.8
20,0.75,30.18,22.929,23.017,0,23.485,23.439,0,24.323,24.444,0,24.753,24.701,0,24.753,24.590,0,0.0
20,1.00,29.94,23.510,23.700,0,24.059,24.177,0,24.817,24.820,0,25.271,25.340,0,25.271,25.112,0,0.0
20,1.25,29.72,24.035,24.218,0,24.574,24.714,0,25.260,25.113,0,23.740,23.929,1,23.740,23.671,1,3.6
20,1.50,29.53,24.510,24.586,0,25.036,25.090,0,24.068,24.203,1,22.321,22.471,1,22.321,22.251,1,5.4
20,1.75,29.37,24.940,24.788,0,23.861,23.881,1,22.950,23.130,1,22.993,23.075,0,22.993,22.944,0,3.6
20,2.00,29.24,25.331,25.238,0,22.764,22.738,1,23.493,23.769,0,23.598,23.654,0,23.598,23.546,0,1.8
20,2.25,29.13,24.362,24.277,1,23.332,23.088,0,23.989,24.303,0,24.145,24.269,0,24.145,24.179,0,1.8
20,2.50,29.06,23.456,23.439,1,23.852,23.622,0,24.444,24.788,0,24.640,25.013,0,24.640,24.556,0,1.8
20,2.75,29.01,22.610,22.677,1,24.329,24.182,0,24.863,25.268,0,25.091,25.290,0,25.091,25.226,0,1.8
20,3.00,29.00,23.147,23.382,0,24.769,24.609,0,25.251,25.822,0,23.516,23.711,1,23.516,23.859,1,3.6
20,3.25,29.01,23.648,23.888,0,25.178,24.788,0,24.022,24.533,1,22.072,22.204,1,22.072,22.237,1,5.4
20,3.50,29.06,24.117,24.200,0,23.969,23.652,1,22.885,23.260,1,22.739,22.954,0,22.739,22.711,0,3.6
20,3.75,29.13,24.558,24.599,0,22.856,22.628,1,23.425,23.809,0,23.356,23.496,0,23.356,23.360,0,1.8
20,4.00,29.24,24.976,24.873,0,23.425,23.134,0,23.933,24.118,0,23.932,24.183,0,23.932,23.892,0,0.0
20,4.25,29.37,25.374,25.146,0,23.961,23.664,0,24.415,24.735,0,24.470,24.865,0,24.470,24.342,0,0.0
20,4.50,29.53,24.430,24.470,1,24.469,24.195,0,24.873,25.292,0,24.978,25.417,0,24.978,24.782,0,1.8
20,4.75,29.72,23.565,23.509,1,24.953,24.503,0,25.312,25.694,0,25.459,25.894,0,25.459,25.262,0,1.8
20,5.00,29.94,22.776,22.558,1,25.417,25.067,0,24.145,24.580,1,23.931,24.339,1,23.931,23.688,1,7.2
20,5.25,30.18,23.384,23.234,0,24.274,23.845,1,23.080,23.503,1,22.549,22.952,1,22.549,22.442,1,7.2
20,5.50,30.45,23.969,24.084,0,23.237,23.076,1,22.110,22.591,1,23.291,23.603,0,23.291,23.264,0,3.6
20,5.75,30.74,24.533,24.446,0,22.299,22.153,1,22.821,23.240,0,23.995,24.228,0,23.995,24.024,0,1.8
20,6.00,31.05,25.079,24.943,0,23.046,23.160,0,23.504,23.861,0,24.667,25.059,0,24.667,24.723,0,0.0
20,6.25,31.38,24.285,24.028,1,23.761,23.878,0,24.161,24.726,0,25.311,25.649,0,25.311,25.371,0,1.8
20,6.50,31.74,23.572,23.416,1,24.449,24.652,0,24.797,25.390,0,23.944,24.086,1,23.944,23.921,1,5.4
20,6.75,32.11,22.935,22.722,1,25.114,25.667,0,25.414,25.857,0,22.720,22.861,1,22.720,22.981,1,5.4
20,7.00,32.50,23.694,23.572,0,24.168,24.830,1,24.424,24.919,1,23.617,23.592,0,23.617,23.804,0,3.6
20,7.25,32.90,24.429,24.285,0,23.323,23.699,1,23.534,23.745,1,24.473,24.547,0,24.473,24.842,0,3.6
20,7.50,33.32,25.141,24.868,0,22.573,22.897,1,22.739,23.094,1,25.293,25.460,0,25.293,25.478,0,3.6
20,7.75,33.75,24.509,24.258,1,23.501,23.843,0,23.622,23.728,0,24.094,24.192,1,24.094,24.201,1,5.4
20,8.00,34.19,23.952,23.414,1,24.393,24.603,0,24.473,24.582,0,23.029,23.158,1,23.029,22.990,1,5.4
20,8.25,34.63,23.464,23.054,1,25.251,25.416,0,25.294,25.378,0,22.089,22.148,1,22.089,21.826,1,5.4
20,8.50,35.09,23.043,22.790,1,24.489,24.694,1,24.499,24.572,1,23.251,23.254,0,23.251,22.873,0,5.4
20,8.75,35.54,22.683,22.510,1,23.818,23.946,1,23.794,23.925,1,24.355,24.422,0,24.355,23.962,0,5.4
20,9.00,36.00,23.705,23.451,0,23.231,23.327,1,23.173,23.328,1,25.406,25.301,0,25.406,25.072,0,3.6
20,9.25,36.46,24.688,24.262,0,22.723,22.764,1,22.630,23.031,1,24.420,24.230,1,24.420,24.013,1,7.2
20,9.50,36.91,25.634,25.195,0,23.878,23.887,0,23.748,23.962,0,23.553,23.415,1,23.553,23.253,1,3.6
20,9.75,37.37,25.220,24.894,1,24.979,25.030,0,24.819,24.980,0,22.795,22.580,1,22.795,22.529,1,5.4
20,10.00,37.81,24.866,24.644,1,26.032,25.974,0,25.844,25.965,0,24.124,23.932,0,24.124,24.121,0,1.8
20,10.25,38.25,24.568,24.520,1,25.448,25.562,1,25.237,25.426,1,25.380,25.148,0,25.380,25.441,0,5.4
20,10.50,38.68,24.321,24.484,1,24.940,24.922,1,24.705,24.882,1,24.579,24.383,1,24.579,24.693,1,9.0
20,10.75,39.10,24.120,24.424,1,24.502,24.461,1,24.241,24.383,1,23.879,24.005,1,23.879,23.932,1,9.0
20,11.00,39.50,23.962,24.050,1,24.127,24.107,1,23.840,23.903,1,23.271,23.367,1,23.271,23.305,1,9.0
20,11.25,39.89,23.842,23.613,1,23.809,23.802,1,23.495,23.579,1,22.744,22.945,1,22.744,22.793,1,9.0
20,11.50,40.26,23.756,23.706,1,23.543,23.737,1,23.203,23.337,1,24.279,24.504,0,24.279,24.289,0,5.4
20,11.75,40.62,23.701,23.740,1,23.323,23.457,1,22.956,22.811,1,25.717,25.907,0,25.717,25.845,0,5.4
20,12.00,40.95,23.674,23.829,1,23.145,23.233,1,24.342,24.122,0,25.076,25.222,1,25.076,25.188,1,7.2
20,12.25,41.26,23.670,23.651,1,23.004,22.960,1,25.650,25.443,0,24.514,24.666,1,24.514,24.675,1,7.2
20,12.50,41.55,23.687,23.561,1,22.895,22.621,1,25.295,25.087,1,24.022,24.253,1,24.022,24.013,1,9.0
20,12.75,41.82,23.721,23.493,1,24.405,24.076,0,24.985,24.984,1,23.593,23.907,1,23.593,23.550,1,7.2
20,13.00,42.06,23.770,23.669,1,25.819,25.437,0,24.715,24.710,1,23.219,23.325,1,23.219,23.078,1,7.2
20,13.25,42.28,23.830,23.611,1,25.553,25.067,1,24.479,24.538,1,22.894,22.894,1,22.894,22.872,1,9.0
20,13.50,42.47,23.900,23.778,1,25.322,24.913,1,24.274,24.460,1,24.599,24.623,0,24.599,24.505,0,5.4
20,13.75,42.63,23.976,23.808,1,25.120,24.833,1,24.096,24.118,1,26.176,26.285,0,26.176,26.070,0,5.4
20,14.00,42.76,24.056,23.988,1,24.943,24.699,1,23.940,23.871,1,25.647,25.898,1,25.647,25.526,1,9.0
20,14.25,42.87,24.138,24.117,1,24.787,24.503,1,23.802,23.650,1,25.170,25.405,1,25.170,25.009,1,9.0
20,14.50,42.94,24.219,24.192,1,24.649,24.409,1,23.680,23.483,1,24.739,25.044,1,24.739,24.656,1,9.0
20,14.75,42.99,24.297,23.996,1,24.524,24.197,1,23.570,23.350,1,24.347,24.527,1,24.347,24.196,1,9.0
20,15.00,43.00,24.372,24.187,1,24.410,24.175,1,23.469,23.088,1,23.988,24.026,1,23.988,23.879,1,9.0
20,15.25,42.99,24.440,24.233,1,24.303,24.191,1,23.374,22.957,1,23.658,23.695,1,23.658,23.468,1,9.0
20,15.50,42.94,24.500,24.275,1,24.201,24.173,1,23.283,22.951,1,23.351,23.278,1,23.351,23.289,1,9.0
20,15.75,42.87,24.550,24.340,1,24.100,24.129,1,23.193,22.943,1,23.063,22.954,1,23.063,23.099,1,9.0
20,16.00,42.76,24.590,24.302,1,24.000,23.980,1,23.102,22.739,1,22.791,22.544,1,22.791,23.053,1,9.0
20,16.25,42.63,24.618,24.336,1,23.897,23.829,1,23.008,22.893,1,24.518,24.129,0,24.518,24.881,0,5.4
20,16.50,42.47,24.632,24.412,1,23.790,23.711,1,22.909,22.779,1,26.088,25.710,0,26.088,26.571,0,5.4
20,16.75,42.28,24.632,24.571,1,23.677,23.589,1,24.393,24.187,0,25.527,25.188,1,25.527,25.855,1,7.2
20,17.00,42.06,24.617,24.453,1,23.555,23.440,1,25.756,25.484,0,24.993,24.626,1,24.993,25.251,1,7.2
20,17.25,41.82,24.587,24.298,1,23.425,23.507,1,25.412,24.927,1,24.484,24.221,1,24.484,24.786,1,9.0
20,17.50,41.55,24.539,24.255,1,23.285,23.338,1,25.074,24.653,1,23.995,23.762,1,23.995,24.339,1,9.0
20,17.75,41.26,24.475,24.292,1,23.133,23.131,1,24.740,24.249,1,23.522,23.342,1,23.522,23.892,1,9.0
20,18.00,40.95,24.393,24.335,1,22.970,22.900,1,24.407,24.246,1,23.062,22.735,1,23.062,23.588,1,9.0
20,18.25,40.62,24.294,24.132,1,24.383,24.308,0,24.074,24.127,1,22.613,22.496,1,22.613,23.249,1,7.2
20,18.50,40.26,24.177,24.138,1,25.664,25.646,0,23.740,23.630,1,24.159,23.940,0,24.159,24.723,0,3.6
20,18.75,39.89,24.041,24.089,1,25.231,25.302,1,23.402,23.399,1,25.547,25.483,0,25.547,26.203,0,5.4
20,19.00,39.50,23.888,23.937,1,24.801,24.610,1,23.061,23.173,1,24.800,24.722,1,24.800,25.340,1,9.0
20,19.25,39.10,23.718,23.784,1,24.373,24.043,1,22.716,22.791,1,24.082,23.873,1,24.082,24.325,1,9.0
20,19.50,38.68,23.530,23.494,1,23.946,23.827,1,23.955,24.036,0,23.389,23.275,1,23.389,23.595,1,7.2
20,19.75,38.25,23.326,23.347,1,23.519,23.181,1,25.074,25.064,0,22.717,22.531,1,22.717,22.759,1,7.2
20,20.00,37.81,23.105,23.139,1,23.091,22.834,1,24.492,24.522,1,24.053,23.879,0,24.053,24.163,0,5.4
20,20.25,37.37,22.868,22.906,1,22.661,22.463,1,23.918,23.879,1,25.241,25.136,0,25.241,25.384,0,5.4
20,20.50,36.91,23.941,23.836,0,23.820,23.561,0,23.354,23.440,1,24.306,24.086,1,24.306,24.392,1,5.4
20,20.75,36.46,24.907,24.951,0,24.858,24.707,0,22.798,22.985,1,23.411,23.271,1,23.411,23.451,1,5.4
20,21.00,36.00,25.774,25.572,0,25.784,25.898,0,23.838,24.099,0,22.553,22.341,1,22.553,22.600,1,3.6
20,21.25,35.54,25.223,24.956,1,25.016,25.106,1,24.771,25.072,0,23.714,23.456,0,23.714,23.955,0,3.6
20,21.50,35.09,24.678,24.392,1,24.271,24.297,1,25.604,26.008,0,24.742,24.399,0,24.742,24.972,0,3.6
20,21.75,34.63,24.140,24.169,1,23.548,23.583,1,24.754,25.143,1,25.648,25.284,0,25.648,25.758,0,5.4
20,22.00,34.19,23.608,23.604,1,22.846,23.155,1,23.933,24.388,1,24.456,24.179,1,24.456,24.626,1,9.0
20,22.25,33.75,23.083,23.209,1,23.754,23.992,0,23.140,23.547,1,23.325,23.070,1,23.325,23.525,1,7.2
20,22.50,33.32,22.565,22.547,1,24.562,24.616,0,22.373,22.656,1,22.252,22.060,1,22.252,22.317,1,7.2
20,22.75,32.90,23.379,23.467,0,25.277,25.187,0,23.221,23.451,0,23.221,22.915,0,23.221,23.344,0,0.0
20,23.00,32.50,24.107,23.980,0,24.319,23.992,1,23.979,24.193,0,24.076,23.832,0,24.076,24.267,0,1.8
20,23.25,32.11,24.757,24.666,0,23.403,23.161,1,24.655,24.869,0,24.829,24.629,0,24.829,25.145,0,1.8
20,23.50,31.74,25.336,25.225,0,22.528,22.191,1,25.255,25.596,0,25.489,25.402,0,25.489,25.834,0,1.8
20,23.75,31.38,24.525,24.352,1,23.283,23.038,0,24.196,24.694,1,24.078,23.954,1,24.078,24.458,1,7.2
21,0.00,31.05,23.746,23.410,1,23.955,23.622,0,23.190,23.749,1,22.756,22.708,1,22.756,23.062,1,7.2
21,0.25,30.74,23.001,22.551,1,24.554,24.164,0,22.233,22.969,1,23.504,23.467,0,23.504,23.870,0,3.6
21,0.50,30.45,22.287,21.961,1,25.086,24.768,0,22.914,23.627,0,24.167,24.102,0,24.167,24.615,0,1.8
21,0.75,30.18,22.929,22.649,0,23.968,23.643,1,23.528,24.230,0,24.753,24.691,0,24.753,25.198,0,1.8
21,1.00,29.94,23.510,23.144,0,22.916,22.408,1,24.079,24.463,0,25.271,25.074,0,25.271,25.566,0,1.8
21,1.25,29.72,24.035,23.627,0,23.516,23.060,0,24.575,24.975,0,23.740,23.616,1,23.740,23.883,1,3.6
21,1.50,29.53,24.510,24.399,0,24.057,23.633,0,25.022,25.314,0,22.321,22.199,1,22.321,22.478,1,3.6
21,1.75,29.37,24.940,24.888,0,24.546,24.097,0,23.835,24.273,1,22.993,22.734,0,22.993,23.184,0,1.8
21,2.00,29.24,25.331,25.388,0,24.988,24.578,0,22.724,23.010,1,23.598,23.373,0,23.598,23.867,0,1.8
21,2.25,29.13,24.362,24.424,1,25.389,24.956,0,23.276,23.302,0,24.145,23.971,0,24.145,24.183,0,1.8
21,2.50,29.06,23.456,23.661,1,24.164,23.680,1,23.782,23.937,0,24.640,24.579,0,24.640,24.672,0,3.6
21,2.75,29.01,22.610,22.767,1,23.028,22.830,1,24.249,24.358,0,25.091,25.007,0,25.091,25.071,0,3.6
21,3.00,29.00,23.147,23.187,0,21.976,21.799,1,24.681,24.762,0,23.516,23.183,1,23.516,23.388,1,5.4
21,3.25,29.01,23.648,23.857,0,22.594,22.540,0,25.083,25.421,0,22.072,21.612,1,22.072,21.749,1,3.6
21,3.50,29.06,24.117,24.450,0,23.169,22.992,0,23.870,24.273,1,22.739,22.263,0,22.739,22.572,0,1.8
21,3.75,29.13,24.558,24.816,0,23.706,23.529,0,22.749,23.282,1,23.356,23.001,0,23.356,23.139,0,1.8
21,4.00,29.24,24.976,24.833,0,24.211,24.246,0,23.306,23.774,0,23.932,23.638,0,23.932,23.641,0,0.0
21,4.25,29.37,25.374,25.229,0,24.688,24.620,0,23.833,24.175,0,24.470,23.964,0,24.470,24.285,0,0.0
21,4.50,29.53,24.430,24.329,1,25.142,24.983,0,24.333,24.772,0,24.978,24.501,0,24.978,24.765,0,1.8
21,4.75,29.72,23.565,23.335,1,23.985,24.029,1,24.811,25.446,0,25.459,24.929,0,25.459,25.159,0,3.6
21,5.00,29.94,22.776,22.532,1,22.931,23.066,1,25.270,25.848,0,23.931,23.438,1,23.931,23.744,1,7.2
21,5.25,30.18,23.384,23.193,0,23.565,23.653,0,24.124,24.623,1,22.549,22.070,1,22.549,22.485,1,5.4
21,5.50,30.45,23.969,23.794,0,24.171,24.246,0,23.079,23.527,1,23.291,22.949,0,23.291,23.190,0,1.8
21,5.75,30.74,24.533,24.637,0,24.754,24.715,0,22.130,22.366,1,23.995,23.710,0,23.995,23.941,0,1.8
21,6.00,31.05,25.079,25.115,0,25.316,25.683,0,22.863,23.124,0,24.667,24.531,0,24.667,24.683,0,0.0
21,6.25,31.38,24.285,24.364,1,24.271,24.489,1,23.566,23.820,0,25.311,25.240,0,25.311,25.187,0,3.6
21,6.50,31.74,23.572,23.331,1,23.331,23.676,1,24.245,24.545,0,23.944,23.923,1,23.944,23.804,1,7.2
21,6.75,32.11,22.935,22.828,1,22.490,22.631,1,24.901,25.104,0,22.720,22.646,1,22.720,22.717,1,7.2
21,7.00,32.50,23.694,23.562,0,23.330,23.383,0,25.538,25.816,0,23.617,23.642,0,23.617,23.600,0,0.0
21,7.25,32.90,24.429,24.364,0,24.138,24.029,0,24.568,24.754,1,24.473,24.407,0,24.473,24.429,0,1.8
21,7.50,33.32,25.141,25.186,0,24.917,24.727,0,23.699,23.944,1,25.293,25.312,0,25.293,25.159,0,1.8
21,7.75,33.75,24.509,24.840,1,25.670,25.466,0,22.922,23.019,1,24.094,24.021,1,24.094,24.021,1,7.2
21,8.00,34.19,23.952,24.222,1,24.808,24.641,1,23.823,23.645,0,23.029,22.876,1,23.029,22.809,1,7.2
21,8.25,34.63,23.464,23.816,1,24.045,23.817,1,24.692,24.468,0,22.089,21.957,1,22.089,22.016,1,7.2
21,8.50,35.09,23.043,23.478,1,23.373,23.277,1,25.530,25.242,0,23.251,23.100,0,23.251,23.189,0,3.6
21,8.75,35.54,22.683,22.939,1,22.786,22.689,1,24.751,24.499,1,24.355,24.288,0,24.355,24.100,0,5.4
21,9.00,36.00,23.705,23.892,0,23.867,23.790,0,24.061,24.035,1,25.406,25.407,0,25.406,25.121,0,1.8
21,9.25,36.46,24.688,24.758,0,24.901,24.914,0,23.454,23.484,1,24.420,24.335,1,24.420,24.174,1,5.4
21,9.50,36.91,25.634,25.902,0,25.892,25.979,0,22.923,22.865,1,23.553,23.337,1,23.553,23.399,1,5.4
21,9.75,37.37,25.220,25.492,1,25.253,25.454,1,24.053,24.147,0,22.795,22.533,1,22.795,22.659,1,7.2
21,10.00,37.81,24.866,24.992,1,24.695,24.663,1,25.133,25.188,0,24.124,23.966,0,24.124,24.013,0,3.6
21,10.25,38.25,24.568,24.680,1,24.211,23.997,1,24.578,24.643,1,25.380,25.238,0,25.380,25.280,0,5.4
21,10.50,38.68,24.321,24.367,1,23.796,23.566,1,24.093,24.215,1,24.579,24.489,1,24.579,24.295,1,9.0
21,10.75,39.10,24.120,24.204,1,23.444,23.198,1,23.673,23.796,1,23.879,23.869,1,23.879,23.697,1,9.0
21,11.00,39.50,23.962,24.286,1,23.148,22.902,1,23.313,23.501,1,23.271,23.160,1,23.271,23.175,1,9.0
21,11.25,39.89,23.842,23.949,1,22.904,22.790,1,23.006,23.054,1,22.744,22.520,1,22.744,22.720,1,9.0
21,11.50,40.26,23.756,23.952,1,24.296,24.400,0,22.749,22.754,1,24.279,24.029,0,24.279,24.250,0,3.6
21,11.75,40.62,23.701,23.708,1,25.610,25.603,0,24.125,24.143,0,25.717,25.371,0,25.717,25.461,0,1.8
21,12.00,40.95,23.674,23.479,1,25.260,25.263,1,25.426,25.307,0,25.076,24.859,1,25.076,24.931,1,7.2
21,12.25,41.26,23.670,23.583,1,24.960,24.937,1,25.067,24.972,1,24.514,24.199,1,24.514,24.419,1,9.0
21,12.50,41.55,23.687,23.723,1,24.705,24.691,1,24.754,24.521,1,24.022,23.579,1,24.022,23.914,1,9.0
21,12.75,41.82,23.721,23.726,1,24.488,24.737,1,24.482,24.113,1,23.593,23.043,1,23.593,23.530,1,9.0
21,13.00,42.06,23.770,23.710,1,24.306,24.871,1,24.248,23.776,1,23.219,22.872,1,23.219,23.065,1,9.0
21,13.25,42.28,23.830,23.774,1,24.154,24.629,1,24.046,23.513,1,22.894,22.711,1,22.894,22.814,1,9.0
21,13.50,42.47,23.900,23.721,1,24.028,24.611,1,23.873,23.297,1,24.599,24.562,0,24.599,24.546,0,5.4
21,13.75,42.63,23.976,23.709,1,23.923,24.456,1,23.723,23.109,1,26.176,25.976,0,26.176,26.273,0,5.4
21,14.00,42.76,24.056,23.735,1,23.836,24.222,1,23.594,22.877,1,25.647,25.491,1,25.647,25.521,1,9.0
21,14.25,42.87,24.138,23.706,1,23.763,24.134,1,23.481,22.700,1,25.170,25.088,1,25.170,25.124,1,9.0
21,14.50,42.94,24.219,23.951,1,23.701,24.004,1,23.382,22.594,1,24.739,24.599,1,24.739,24.894,1,9.0
21,14.75,42.99,24.297,24.130,1,23.648,23.950,1,23.294,22.627,1,24.347,24.397,1,24.347,24.637,1,9.0
21,15.00,43.00,24.372,23.995,1,23.599,23.901,1,23.213,22.817,1,23.988,24.013,1,23.988,24.241,1,9.0
21,15.25,42.99,24.440,24.002,1,23.553,23.886,1,23.136,22.739,1,23.658,23.806,1,23.658,23.776,1,9.0
21,15.50,42.94,24.500,24.062,1,23.507,23.828,1,23.062,22.662,1,23.351,23.454,1,23.351,23.480,1,9.0
21,15.75,42.87,24.550,24.114,1,23.459,23.762,1,22.988,22.474,1,23.063,23.273,1,23.063,22.980,1,9.0
21,16.00,42.76,24.590,24.107,1,23.407,23.850,1,24.502,23.795,0,22.791,23.180,1,22.791,22.654,1,7.2
21,16.25,42.63,24.618,24.142,1,23.348,23.745,1,25.897,25.382,0,24.518,24.853,0,24.518,24.462,0,3.6
21,16.50,42.47,24.632,24.334,1,23.282,23.830,1,25.590,25.153,1,26.088,26.332,0,26.088,25.911,0,5.4
21,16.75,42.28,24.632,24.270,1,23.207,23.659,1,25.291,24.832,1,25.527,25.820,1,25.527,25.161,1,9.0
21,17.00,42.06,24.617,24.204,1,23.121,23.625,1,24.999,24.543,1,24.993,25.247,1,24.993,24.731,1,9.0
21,17.25,41.82,24.587,24.415,1,23.023,23.625,1,24.710,24.214,1,24.484,24.531,1,24.484,24.253,1,9.0
21,17.50,41.55,24.539,24.247,1,22.913,23.396,1,24.423,23.882,1,23.995,24.144,1,23.995,23.733,1,9.0
21,17.75,41.26,24.475,24.185,1,24.379,24.931,0,24.135,23.698,1,23.522,23.630,1,23.522,23.315,1,7.2
21,18.00,40.95,24.393,24.340,1,25.712,26.309,0,23.846,23.435,1,23.062,23.205,1,23.062,22.893,1,7.2
21,18.25,40.62,24.294,24.428,1,25.330,25.825,1,23.553,23.254,1,22.613,22.943,1,22.613,22.374,1,9.0
21,18.50,40.26,24.177,24.296,1,24.950,25.586,1,23.256,23.196,1,24.159,24.537,0,24.159,23.985,0,5.4
21,18.75,39.89,24.041,24.138,1,24.570,24.930,1,22.954,22.798,1,25.547,25.989,0,25.547,25.339,0,5.4
21,19.00,39.50,23.888,23.938,1,24.190,24.538,1,24.235,24.077,0,24.800,25.155,1,24.800,24.383,1,7.2
21,19.25,39.10,23.718,23.817,1,23.808,24.119,1,25.395,25.281,0,24.082,24.362,1,24.082,23.776,1,7.2
21,19.50,38.68,23.530,23.503,1,23.423,23.882,1,24.852,24.840,1,23.389,23.733,1,23.389,23.089,1,9.0
21,19.75,38.25,23.326,22.996,1,23.035,23.318,1,24.316,24.107,1,22.717,23.031,1,22.717,22.488,1,9.0
21,20.00,37.81,23.105,23.085,1,22.643,22.813,1,23.788,23.544,1,24.053,24.179,0,24.053,24.134,0,5.4
21,20.25,37.37,22.868,22.934,1,23.838,24.147,0,23.266,22.998,1,25.241,25.324,0,25.241,25.286,0,3.6
21,20.50,36.91,23.941,23.691,0,24.908,25.093,0,22.748,22.503,1,24.306,24.409,1,24.306,24.469,1,5.4
21,20.75,36.46,24.907,24.718,0,25.865,25.955,0,23.825,23.507,0,23.411,23.443,1,23.411,23.750,1,3.6
21,21.00,36.00,25.774,25.631,0,25.125,25.202,1,24.792,24.689,0,22.553,22.637,1,22.553,22.906,1,5.4
21,21.25,35.54,25.223,24.939,1,24.406,24.593,1,25.656,25.432,0,23.714,23.781,0,23.714,23.900,0,3.6
21,21.50,35.09,24.678,24.641,1,23.707,23.942,1,24.835,24.593,1,24.742,24.707,0,24.742,24.858,0,5.4
21,21.75,34.63,24.140,24.139,1,23.027,22.998,1,24.040,23.914,1,25.648,25.708,0,25.648,25.742,0,5.4
21,22.00,34.19,23.608,23.658,1,22.364,22.460,1,23.271,23.235,1,24.456,24.533,1,24.456,24.476,1,9.0
21,22.25,33.75,23.083,23.077,1,23.308,23.391,0,22.526,22.255,1,23.325,23.428,1,23.325,23.212,1,7.2
21,22.50,33.32,22.565,22.582,1,24.149,24.222,0,23.393,23.111,0,22.252,22.173,1,22.252,22.199,1,5.4
21,22.75,32.90,23.379,23.427,0,24.895,24.977,0,24.168,23.944,0,23.221,23.067,0,23.221,23.297,0,0.0
21,23.00,32.50,24.107,24.155,0,25.556,25.730,0,24.858,24.555,0,24.076,23.871,0,24.076,24.175,0,0.0
21,23.25,32.11,24.757,24.838,0,24.547,24.704,1,25.470,25.339,0,24.829,24.488,0,24.829,24.923,0,1.8
21,23.50,31.74,25.336,25.221,0,23.587,23.940,1,24.421,24.337,1,25.489,25.331,0,25.489,25.744,0,3.6
21,23.75,31.38,24.525,24.337,1,22.672,22.943,1,23.423,23.506,1,24.078,23.861,1,24.078,24.293,1,9.0
22,0.00,31.05,23.746,23.526,1,23.390,23.497,0,22.472,22.776,1,22.756,22.629,1,22.756,22.909,1,7.2
22,0.25,30.74,23.001,22.621,1,24.031,24.112,0,23.157,23.506,0,23.504,23.561,0,23.504,23.859,0,1.8
22,0.50,30.45,22.287,21.972,1,24.602,24.875,0,23.772,24.113,0,24.167,24.307,0,24.167,24.510,0,1.8
22,0.75,30.18,22.929,22.578,0,25.110,25.543,0,24.323,24.606,0,24.753,24.817,0,24.753,24.969,0,0.0
22,1.00,29.94,23.510,23.313,0,23.973,24.456,1,24.817,25.161,0,25.271,25.345,0,25.271,25.318,0,1.8
22,1.25,29.72,24.035,24.026,0,22.904,23.424,1,25.260,25.616,0,23.740,23.721,1,23.740,23.706,1,5.4
22,1.50,29.53,24.510,24.589,0,23.491,23.868,0,24.068,24.462,1,22.321,22.321,1,22.321,22.334,1,5.4
22,1.75,29.37,24.940,25.143,0,24.022,24.460,0,22.950,23.336,1,22.993,22.907,0,22.993,22.979,0,1.8
22,2.00,29.24,25.331,25.696,0,24.503,24.924,0,23.493,24.041,0,23.598,23.386,0,23.598,23.745,0,0.0
22,2.25,29.13,24.362,24.555,1,24.941,25.147,0,23.989,24.379,0,24.145,23.856,0,24.145,24.443,0,1.8
22,2.50,29.06,23.456,23.499,1,25.339,25.577,0,24.444,24.771,0,24.640,24.226,0,24.640,24.956,0,1.8
22,2.75,29.01,22.610,22.672,1,24.115,24.180,1,24.863,25.275,0,25.091,24.635,0,25.091,25.189,0,3.6
22,3.00,29.00,23.147,23.342,0,22.982,22.988,1,25.251,25.490,0,23.516,23.051,1,23.516,23.542,1,5.4
22,3.25,29.01,23.648,23.814,0,23.524,23.382,0,24.022,24.364,1,22.072,21.699,1,22.072,22.070,1,5.4
22,3.50,29.06,24.117,24.507,0,24.029,23.922,0,22.885,23.238,1,22.739,22.391,0,22.739,22.737,0,1.8
22,3.75,29.13,24.558,25.079,0,24.502,24.342,0,23.425,23.840,0,23.356,22.975,0,23.356,23.289,0,0.0
22,4.00,29.24,24.976,25.317,0,24.947,24.624,0,23.933,24.364,0,23.932,23.467,0,23.932,23.967,0,0.0
22,4.25,29.37,25.374,25.804,0,25.369,25.036,0,24.415,24.883,0,24.470,24.098,0,24.470,24.608,0,0.0
22,4.50,29.53,24.430,24.676,1,24.181,23.932,1,24.873,25.421,0,24.978,24.620,0,24.978,25.143,0,3.6
22,4.75,29.72,23.565,23.708,1,23.097,23.142,1,25.312,25.902,0,25.459,25.115,0,25.459,25.749,0,3.6
22,5.00,29.94,22.776,22.886,1,22.110,22.192,1,24.145,24.758,1,23.931,23.769,1,23.931,24.158,1,9.0
22,5.25,30.18,23.384,23.752,0,22.805,22.999,0,23.080,23.746,1,22.549,22.484,1,22.549,22.869,1,5.4
22,5.50,30.45,23.969,24.363,0,23.468,23.661,0,22.110,22.877,1,23.291,23.267,0,23.291,23.667,0,1.8
22,5.75,30.74,24.533,24.751,0,24.104,24.464,0,22.821,23.558,0,23.995,24.114,0,23.995,24.395,0,0.0
22,6.00,31.05,25.079,25.269,0,24.715,25.133,0,23.504,24.070,0,24.667,24.604,0,24.667,24.926,0,0.0
22,6.25,31.38,24.285,24.628,1,25.305,25.590,0,24.161,24.609,0,25.311,25.346,0,25.311,25.598,0,1.8
22,6.50,31.74,23.572,23.781,1,24.287,24.538,1,24.797,25.149,0,23.944,24.058,1,23.944,24.250,1,7.2
22,6.75,32.11,22.935,22.997,1,23.374,23.443,1,25.414,25.551,0,22.720,22.876,1,22.720,23.068,1,7.2
22,7.00,32.50,23.694,23.780,0,22.559,22.513,1,24.424,24.409,1,23.617,23.833,0,23.617,23.653,0,3.6
22,7.25,32.90,24.429,24.572,0,23.424,23.332,0,23.534,23.475,1,24.473,24.880,0,24.473,24.572,0,1.8
22,7.50,33.32,25.141,25.297,0,24.257,24.159,0,22.739,22.526,1,25.293,25.549,0,25.293,25.201,0,1.8
22,7.75,33.75,24.509,24.633,1,25.059,24.810,0,23.622,23.422,0,24.094,24.287,1,24.094,24.071,1,5.4
22,8.00,34.19,23.952,24.080,1,24.243,23.992,1,24.473,24.277,0,23.029,23.110,1,23.029,23.050,1,7.2
22,8.25,34.63,23.464,23.579,1,23.523,23.549,1,25.294,25.242,0,22.089,22.180,1,22.089,22.230,1,7.2
22,8.50,35.09,23.043,22.994,1,22.890,22.844,1,24.499,24.292,1,23.251,23.410,0,23.251,23.452,0,5.4
22,8.75,35.54,22.683,22.504,1,23.929,24.019,0,23.794,23.648,1,24.355,24.396,0,24.355,24.519,0,3.6
22,9.00,36.00,23.705,23.513,0,24.924,25.235,0,23.173,23.019,1,25.406,25.511,0,25.406,25.561,0,1.8
22,9.25,36.46,24.688,24.745,0,25.879,26.072,0,22.630,22.586,1,24.420,24.515,1,24.420,24.508,1,5.4
22,9.50,36.91,25.634,25.698,0,25.207,25.578,1,23.748,23.787,0,23.553,23.576,1,23.553,23.558,1,5.4
22,9.75,37.37,25.220,25.406,1,24.619,25.106,1,24.819,24.770,0,22.795,22.733,1,22.795,22.730,1,7.2
22,10.00,37.81,24.866,24.881,1,24.108,24.624,1,25.844,25.827,0,24.124,24.024,0,24.124,23.889,0,3.6
22,10.25,38.25,24.568,24.526,1,23.669,23.998,1,25.237,25.305,1,25.380,25.338,0,25.380,25.230,0,5.4
22,10.50,38.68,24.321,24.256,1,23.295,23.694,1,24.705,24.869,1,24.579,24.591,1,24.579,24.581,1,9.0
22,10.75,39.10,24.120,24.044,1,22.980,23.198,1,24.241,24.244,1,23.879,24.048,1,23.879,23.755,1,9.0
22,11.00,39.50,23.962,23.961,1,24.309,24.511,0,23.840,23.831,1,23.271,23.544,1,23.271,23.315,1,7.2
22,11.25,39.89,23.842,23.746,1,25.567,25.772,0,23.495,23.508,1,22.744,22.857,1,22.744,22.851,1,7.2
22,11.50,40.26,23.756,23.742,1,25.169,25.349,1,23.203,23.384,1,24.279,24.221,0,24.279,24.456,0,5.4
22,11.75,40.62,23.701,23.617,1,24.828,24.862,1,22.956,23.203,1,25.717,25.654,0,25.717,25.825,0,5.4
22,12.00,40.95,23.674,23.829,1,24.537,24.411,1,24.342,24.432,0,25.076,24.947,1,25.076,25.205,1,7.2
22,12.25,41.26,23.670,23.808,1,24.291,24.170,1,25.650,25.626,0,24.514,24.304,1,24.514,24.664,1,7.2
22,12.50,41.55,23.687,23.567,1,24.086,24.049,1,25.295,25.242,1,24.022,23.940,1,24.022,24.201,1,9.0
22,12.75,41.82,23.721,23.678,1,23.916,23.910,1,24.985,24.686,1,23.593,23.556,1,23.593,23.737,1,9.0
22,13.00,42.06,23.770,23.875,1,23.777,23.672,1,24.715,24.333,1,23.219,23.287,1,23.219,23.267,1,9.0
22,13.25,42.28,23.830,24.025,1,23.665,23.407,1,24.479,24.127,1,22.894,22.996,1,22.894,22.921,1,9.0
22,13.50,42.47,23.900,24.039,1,23.575,23.450,1,24.274,23.735,1,24.599,24.610,0,24.599,24.447,0,5.4
22,13.75,42.63,23.976,23.976,1,23.504,23.295,1,24.096,23.655,1,26.176,26.161,0,26.176,26.099,0,5.4
22,14.00,42.76,24.056,24.210,1,23.448,23.435,1,23.940,23.510,1,25.647,25.346,1,25.647,25.608,1,9.0
22,14.25,42.87,24.138,24.435,1,23.404,23.243,1,23.802,23.345,1,25.170,24.963,1,25.170,25.185,1,9.0
22,14.50,42.94,24.219,24.566,1,23.370,23.290,1,23.680,23.050,1,24.739,24.627,1,24.739,24.696,1,9.0
22,14.75,42.99,24.297,24.903,1,23.341,23.473,1,23.570,22.989,1,24.347,24.372,1,24.347,24.238,1,9.0
22,15.00,43.00,24.372,24.975,1,23.315,23.499,1,23.469,23.047,1,23.988,23.875,1,23.988,24.112,1,9.0
22,15.25,42.99,24.440,25.032,1,23.290,23.603,1,23.374,22.959,1,23.658,23.559,1,23.658,23.758,1,9.0
22,15.50,42.94,24.500,25.048,1,23.264,23.521,1,23.283,22.988,1,23.351,23.481,1,23.351,23.288,1,9.0
22,15.75,42.87,24.550,24.949,1,23.234,23.237,1,23.193,22.899,1,23.063,23.168,1,23.063,23.055,1,9.0
22,16.00,42.76,24.590,24.878,1,23.199,22.975,1,23.102,22.724,1,22.791,22.920,1,22.791,22.767,1,9.0
22,16.25,42.63,24.618,25.146,1,23.156,23.152,1,23.008,22.660,1,24.518,24.700,0,24.518,24.561,0,5.4
22,16.50,42.47,24.632,25.319,1,23.104,23.204,1,22.909,22.581,1,26.088,26.168,0,26.088,26.044,0,5.4
22,16.75,42.28,24.632,25.246,1,23.042,23.032,1,24.393,23.999,0,25.527,25.624,1,25.527,25.325,1,7.2
22,17.00,42.06,24.617,25.048,1,22.969,23.215,1,25.756,25.161,0,24.993,25.171,1,24.993,24.837,1,7.2
22,17.25,41.82,24.587,24.860,1,24.473,24.792,0,25.412,24.737,1,24.484,24.663,1,24.484,24.323,1,7.2
22,17.50,41.55,24.539,24.774,1,25.844,26.119,0,25.074,24.538,1,23.995,24.226,1,23.995,23.997,1,7.2
22,17.75,41.26,24.475,24.616,1,25.500,25.741,1,24.740,24.322,1,23.522,23.791,1,23.522,23.367,1,9.0
22,18.00,40.95,24.393,24.502,1,25.159,25.456,1,24.407,24.229,1,23.062,23.139,1,23.062,23.031,1,9.0
22,18.25,40.62,24.294,24.216,1,24.818,25.131,1,24.074,23.914,1,22.613,22.621,1,22.613,22.560,1,9.0
22,18.50,40.26,24.177,24.168,1,24.476,24.872,1,23.740,23.587,1,24.159,24.259,0,24.159,23.982,0,5.4
22,18.75,39.89,24.041,23.936,1,24.132,24.311,1,23.402,23.281,1,25.547,25.672,0,25.547,25.468,0,5.4
22,19.00,39.50,23.888,23.807,1,23.785,24.046,1,23.061,22.751,1,24.800,24.929,1,24.800,24.652,1,9.0
22,19.25,39.10,23.718,23.724,1,23.433,23.614,1,22.716,22.443,1,24.082,24.348,1,24.082,24.089,1,9.0
22,19.50,38.68,23.530,23.539,1,23.077,23.139,1,23.955,23.808,0,23.389,23.612,1,23.389,23.368,1,7.2
22,19.75,38.25,23.326,23.277,1,22.715,22.666,1,25.074,24.964,0,22.717,23.030,1,22.717,22.804,1,7.2
22,20.00,37.81,23.105,22.995,1,23.937,23.691,0,24.492,24.188,1,24.053,24.352,0,24.053,24.023,0,3.6
22,20.25,37.37,22.868,22.779,1,25.034,24.823,0,23.918,23.739,1,25.241,25.309,0,25.241,25.204,0,3.6
22,20.50,36.91,23.941,23.871,0,24.425,24.192,1,23.354,23.205,1,24.306,24.294,1,24.306,24.231,1,7.2
22,20.75,36.46,24.907,24.967,0,23.828,23.503,1,22.798,22.704,1,23.411,23.465,1,23.411,23.300,1,7.2
22,21.00,36.00,25.774,25.810,0,23.240,22.838,1,23.838,23.794,0,22.553,22.526,1,22.553,22.337,1,5.4
22,21.25,35.54,25.223,25.350,1,22.663,22.343,1,24.771,24.798,0,23.714,23.525,0,23.714,23.340,0,3.6
22,21.50,35.09,24.678,24.701,1,23.685,23.325,0,25.604,25.610,0,24.742,24.561,0,24.742,24.373,0,1.8
22,21.75,34.63,24.140,23.921,1,24.596,24.433,0,24.754,24.855,1,25.648,25.624,0,25.648,25.222,0,3.6
22,22.00,34.19,23.608,23.225,1,25.405,25.201,0,23.933,23.917,1,24.456,24.423,1,24.456,24.092,1,7.2
22,22.25,33.75,23.083,22.813,1,24.531,24.111,1,23.140,23.076,1,23.325,23.318,1,23.325,23.184,1,9.0
22,22.50,33.32,22.565,22.425,1,23.691,23.254,1,22.373,22.355,1,22.252,22.398,1,22.252,22.151,1,9.0
22,22.75,32.90,23.379,23.239,0,22.882,22.776,1,23.221,23.238,0,23.221,23.430,0,23.221,23.194,0,1.8
22,23.00,32.50,24.107,23.903,0,23.693,23.605,0,23.979,23.969,0,24.076,24.330,0,24.076,24.063,0,0.0
22,23.25,32.11,24.757,24.473,0,24.414,24.326,0,24.655,24.703,0,24.829,25.087,0,24.829,24.668,0,0.0
22,23.50,31.74,25.336,25.231,0,25.054,25.122,0,25.255,25.292,0,25.489,25.762,0,25.489,25.494,0,0.0
22,23.75,31.38,24.525,24.526,1,24.028,24.099,1,24.196,24.113,1,24.078,24.503,1,24.078,24.100,1,9.0
23,0.00,31.05,23.746,23.687,1,23.055,23.076,1,23.190,23.097,1,22.756,22.969,1,22.756,22.825,1,9.0
23,0.25,30.74,23.001,23.120,1,22.131,22.109,1,22.233,22.242,1,23.504,23.675,0,23.504,23.565,0,5.4
23,0.50,30.45,22.287,22.381,1,22.845,22.906,0,22.914,22.908,0,24.167,24.460,0,24.167,24.136,0,1.8
23,0.75,30.18,22.929,23.034,0,23.485,23.806,0,23.528,23.685,0,24.753,24.915,0,24.753,24.680,0,0.0
23,1.00,29.94,23.510,23.743,0,24.059,24.265,0,24.079,24.221,0,25.271,25.434,0,25.271,25.101,0,0.0
23,1.25,29.72,24.035,24.247,0,24.574,24.652,0,24.575,24.806,0,23.740,23.941,1,23.740,23.634,1,3.6
23,1.50,29.53,24.510,24.835,0,25.036,25.087,0,25.022,25.242,0,22.321,22.593,1,22.321,22.087,1,3.6
23,1.75,29.37,24.940,25.158,0,23.861,23.797,1,23.835,24.212,1,22.993,23.280,0,22.993,22.775,0,3.6
23,2.00,29.24,25.331,25.659,0,22.764,22.920,1,22.724,22.978,1,23.598,23.861,0,23.598,23.493,0,3.6
23,2.25,29.13,24.362,24.802,1,23.332,23.280,0,23.276,23.534,0,24.145,24.318,0,24.145,24.019,0,1.8
23,2.50,29.06,23.456,23.863,1,23.852,23.712,0,23.782,23.976,0,24.640,24.876,0,24.640,24.581,0,1.8
23,2.75,29.01,22.610,23.073,1,24.329,24.089,0,24.249,24.377,0,25.091,25.450,0,25.091,25.044,0,1.8
23,3.00,29.00,23.147,23.572,0,24.769,24.336,0,24.681,24.702,0,23.516,23.816,1,23.516,23.420,1,3.6
23,3.25,29.01,23.648,23.933,0,25.178,24.750,0,25.083,24.970,0,22.072,22.532,1,22.072,21.731,1,3.6
23,3.50,29.06,24.117,24.429,0,23.969,23.612,1,23.870,23.734,1,22.739,23.064,0,22.739,22.434,0,3.6
23,3.75,29.13,24.558,24.759,0,22.856,22.535,1,22.749,22.558,1,23.356,23.412,0,23.356,23.189,0,3.6
23,4.00,29.24,24.976,25.294,0,23.425,23.167,0,23.306,23.232,0,23.932,24.134,0,23.932,23.608,0,0.0
23,4.25,29.37,25.374,25.678,0,23.961,23.611,0,23.833,23.733,0,24.470,24.623,0,24.470,24.286,0,0.0
23,4.50,29.53,24.430,24.620,1,24.469,24.419,0,24.333,24.182,0,24.978,25.011,0,24.978,24.737,0,1.8
23,4.75,29.72,23.565,23.650,1,24.953,24.868,0,24.811,24.624,0,25.459,25.425,0,25.459,25.232,0,1.8
23,5.00,29.94,22.776,22.691,1,25.417,25.213,0,25.270,25.016,0,23.931,23.891,1,23.931,23.488,1,5.4
23,5.25,30.18,23.384,23.381,0,24.274,24.266,1,24.124,23.815,1,22.549,22.544,1,22.549,22.105,1,7.2
23,5.50,30.45,23.969,23.715,0,23.237,23.194,1,23.079,22.919,1,23.291,23.292,0,23.291,22.914,0,3.6
23,5.75,30.74,24.533,24.345,0,22.299,22.366,1,22.130,21.972,1,23.995,24.053,0,23.995,23.805,0,3.6
23,6.00,31.05,25.079,24.792,0,23.046,23.080,0,22.863,22.838,0,24.667,24.760,0,24.667,24.550,0,0.0
23,6.25,31.38,24.285,24.132,1,23.761,23.710,0,23.566,23.515,0,25.311,25.243,0,25.311,25.032,0,1.8
23,6.50,31.74,23.572,23.395,1,24.449,24.627,0,24.245,24.300,0,23.944,23.789,1,23.944,23.642,1,5.4
23,6.75,32.11,22.935,22.953,1,25.114,25.197,0,24.901,25.000,0,22.720,22.444,1,22.720,22.410,1,5.4
23,7.00,32.50,23.694,23.780,0,24.168,24.276,1,25.538,25.616,0,23.617,23.292,0,23.617,23.334,0,1.8
23,7.25,32.90,24.429,24.568,0,23.323,23.467,1,24.568,24.495,1,24.473,24.189,0,24.473,24.125,0,3.6
23,7.50,33.32,25.141,25.292,0,22.573,22.541,1,23.699,23.597,1,25.293,25.209,0,25.293,25.087,0,3.6
23,7.75,33.75,24.509,24.499,1,23.501,23.399,0,22.922,22.842,1,24.094,24.078,1,24.094,23.600,1,7.2
23,8.00,34.19,23.952,24.147,1,24.393,24.421,0,23.823,23.793,0,23.029,23.060,1,23.029,22.650,1,5.4
23,8.25,34.63,23.464,23.556,1,25.251,25.308,0,24.692,24.642,0,22.089,22.014,1,22.089,21.740,1,5.4
23,8.50,35.09,23.043,23.064,1,24.489,24.446,1,25.530,25.428,0,23.251,23.184,0,23.251,22.842,0,3.6
23,8.75,35.54,22.683,22.653,1,23.818,23.675,1,24.751,24.744,1,24.355,24.250,0,24.355,24.105,0,5.4
23,9.00,36.00,23.705,23.404,0,23.231,23.055,1,24.061,24.210,1,25.406,25.111,0,25.406,25.367,0,3.6
23,9.25,36.46,24.688,24.330,0,22.723,22.508,1,23.454,23.377,1,24.420,24.052,1,24.420,24.340,1,7.2
23,9.50,36.91,25.634,25.362,0,23.878,23.504,0,22.923,22.740,1,23.553,23.185,1,23.553,23.468,1,5.4
23,9.75,37.37,25.220,25.000,1,24.979,24.552,0,24.053,23.983,0,22.795,22.390,1,22.795,22.570,1,5.4
23,10.00,37.81,24.866,24.708,1,26.032,25.799,0,25.133,25.339,0,24.124,23.756,0,24.124,23.873,0,1.8
23,10.25,38.25,24.568,24.482,1,25.448,25.239,1,24.578,24.746,1,25.380,24.939,0,25.380,25.199,0,5.4
23,10.50,38.68,24.321,24.360,1,24.940,24.756,1,24.093,24.335,1,24.579,24.234,1,24.579,24.411,1,9.0
23,10.75,39.10,24.120,24.460,1,24.502,24.311,1,23.673,23.873,1,23.879,23.551,1,23.879,23.846,1,9.0
23,11.00,39.50,23.962,24.468,1,24.127,24.006,1,23.313,23.489,1,23.271,23.110,1,23.271,23.432,1,9.0
23,11.25,39.89,23.842,24.252,1,23.809,23.883,1,23.006,22.968,1,22.744,22.735,1,22.744,22.887,1,9.0
23,11.50,40.26,23.756,23.973,1,23.543,23.618,1,22.749,22.848,1,24.279,24.158,0,24.279,24.418,0,5.4
23,11.75,40.62,23.701,23.861,1,23.323,23.645,1,24.125,24.258,0,25.717,25.697,0,25.717,25.982,0,3.6
23,12.00,40.95,23.674,23.867,1,23.145,23.388,1,25.426,25.354,0,25.076,25.148,1,25.076,25.455,1,7.2
23,12.25,41.26,23.670,23.910,1,23.004,23.274,1,25.067,25.021,1,24.514,24.315,1,24.514,24.773,1,9.0
23,12.50,41.55,23.687,23.967,1,22.895,23.296,1,24.754,24.928,1,24.022,23.862,1,24.022,24.308,1,9.0
23,12.75,41.82,23.721,23.877,1,24.405,24.698,0,24.482,24.401,1,23.593,23.252,1,23.593,23.720,1,7.2
23,13.00,42.06,23.770,23.591,1,25.819,26.054,0,24.248,23.997,1,23.219,23.017,1,23.219,23.315,1,7.2
23,13.25,42.28,23.830,23.626,1,25.553,25.830,1,24.046,23.701,1,22.894,22.707,1,22.894,22.937,1,9.0
23,13.50,42.47,23.900,23.615,1,25.322,25.605,1,23.873,23.605,1,24.599,24.538,0,24.599,24.718,0,5.4
23,13.75,42.63,23.976,23.917,1,25.120,25.380,1,23.723,23.474,1,26.176,26.108,0,26.176,26.380,0,5.4
23,14.00,42.76,24.056,23.908,1,24.943,25.310,1,23.594,23.321,1,25.647,25.469,1,25.647,25.779,1,9.0
23,14.25,42.87,24.138,24.020,1,24.787,25.283,1,23.481,23.335,1,25.170,25.060,1,25.170,25.418,1,9.0
23,14.50,42.94,24.219,24.338,1,24.649,25.051,1,23.382,23.270,1,24.739,24.575,1,24.739,24.931,1,9.0
23,14.75,42.99,24.297,24.444,1,24.524,24.871,1,23.294,23.108,1,24.347,24.271,1,24.347,24.392,1,9.0
23,15.00,43.00,24.372,24.575,1,24.410,24.676,1,23.213,23.048,1,23.988,23.868,1,23.988,24.183,1,9.0
23,15.25,42.99,24.440,24.693,1,24.303,24.572,1,23.136,23.044,1,23.658,23.523,1,23.658,23.902,1,9.0
23,15.50,42.94,24.500,24.833,1,24.201,24.677,1,23.062,23.021,1,23.351,23.301,1,23.351,23.544,1,9.0
23,15.75,42.87,24.550,24.750,1,24.100,24.369,1,22.988,22.960,1,23.063,22.939,1,23.063,23.359,1,9.0
23,16.00,42.76,24.590,24.589,1,24.000,24.295,1,24.502,24.492,0,22.791,22.656,1,22.791,23.110,1,7.2
23,16.25,42.63,24.618,24.502,1,23.897,24.081,1,25.897,25.870,0,24.518,24.370,0,24.518,24.712,0,3.6
23,16.50,42.47,24.632,24.618,1,23.790,23.754,1,25.590,25.612,1,26.088,26.099,0,26.088,26.067,0,5.4
23,16.75,42.28,24.632,24.613,1,23.677,23.659,1,25.291,25.264,1,25.527,25.547,1,25.527,25.427,1,9.0
23,17.00,42.06,24.617,24.567,1,23.555,23.546,1,24.999,25.098,1,24.993,25.105,1,24.993,24.926,1,9.0
23,17.25,41.82,24.587,24.609,1,23.425,23.316,1,24.710,24.743,1,24.484,24.492,1,24.484,24.520,1,9.0
23,17.50,41.55,24.539,24.765,1,23.285,23.226,1,24.423,24.295,1,23.995,23.862,1,23.995,24.137,1,9.0
23,17.75,41.26,24.475,24.685,1,23.133,22.991,1,24.135,24.162,1,23.522,23.573,1,23.522,23.786,1,9.0
23,18.00,40.95,24.393,24.530,1,22.970,22.970,1,23.846,23.879,1,23.062,23.127,1,23.062,23.342,1,9.0
23,18.25,40.62,24.294,24.278,1,24.383,24.268,0,23.553,23.527,1,22.613,22.525,1,22.613,22.982,1,7.2
23,18.50,40.26,24.177,24.160,1,25.664,25.678,0,23.256,23.143,1,24.159,24.202,0,24.159,24.405,0,3.6
23,18.75,39.89,24.041,24.368,1,25.231,25.392,1,22.954,22.718,1,25.547,25.678,0,25.547,25.695,0,5.4
23,19.00,39.50,23.888,23.978,1,24.801,25.046,1,24.235,24.133,0,24.800,24.891,1,24.800,25.057,1,7.2
23,19.25,39.10,23.718,23.827,1,24.373,24.819,1,25.395,25.192,0,24.082,24.388,1,24.082,24.259,1,7.2
23,19.50,38.68,23.530,23.744,1,23.946,24.657,1,24.852,24.670,1,23.389,23.614,1,23.389,23.416,1,9.0
23,19.75,38.25,23.326,23.815,1,23.519,24.262,1,24.316,24.135,1,22.717,22.937,1,22.717,22.554,1,9.0
23,20.00,37.81,23.105,23.466,1,23.091,23.779,1,23.788,23.688,1,24.053,24.250,0,24.053,23.972,0,5.4
23,20.25,37.37,22.868,23.117,1,22.661,23.359,1,23.266,23.216,1,25.241,25.431,0,25.241,25.212,0,5.4
23,20.50,36.91,23.941,24.172,0,23.820,24.633,0,22.748,22.766,1,24.306,24.401,1,24.306,24.185,1,5.4
23,20.75,36.46,24.907,25.133,0,24.858,25.407,0,23.825,23.873,0,23.411,23.429,1,23.411,23.083,1,3.6
23,21.00,36.00,25.774,25.851,0,25.784,26.077,0,24.792,24.782,0,22.553,22.412,1,22.553,22.302,1,3.6
23,21.25,35.54,25.223,25.333,1,25.016,25.285,1,25.656,25.587,0,23.714,23.618,0,23.714,23.268,0,3.6
23,21.50,35.09,24.678,24.870,1,24.271,24.334,1,24.835,24.672,1,24.742,24.699,0,24.742,24.449,0,5.4
23,21.75,34.63,24.140,24.381,1,23.548,23.596,1,24.040,23.743,1,25.648,25.633,0,25.648,25.526,0,5.4
23,22.00,34.19,23.608,23.840,1,22.846,22.772,1,23.271,22.891,1,24.456,24.592,1,24.456,24.211,1,9.0
23,22.25,33.75,23.083,23.147,1,23.754,23.839,0,22.526,22.100,1,23.325,23.488,1,23.325,23.156,1,7.2
23,22.50,33.32,22.565,22.657,1,24.562,24.764,0,23.393,22.922,0,22.252,22.517,1,22.252,22.024,1,5.4
23,22.75,32.90,23.379,23.511,0,25.277,25.288,0,24.168,23.881,0,23.221,23.695,0,23.221,23.073,0,0.0
23,23.00,32.50,24.107,24.155,0,24.319,24.363,1,24.858,24.511,0,24.076,24.338,0,24.076,23.901,0,1.8
23,23.25,32.11,24.757,24.813,0,23.403,23.421,1,25.470,25.110,0,24.829,25.177,0,24.829,24.527,0,1.8
23,23.50,31.74,25.336,25.504,0,22.528,22.553,1,24.421,23.997,1,25.489,25.759,0,25.489,25.102,0,3.6
23,23.75,31.38,24.525,24.720,1,23.283,23.424,0,23.423,23.013,1,24.078,24.332,1,24.078,23.641,1,7.2
24,0.00,31.05,23.746,23.912,1,23.955,24.256,0,22.472,21.940,1,22.756,22.880,1,22.756,22.267,1,7.2
24,0.25,30.74,23.001,23.190,1,24.554,24.715,0,23.157,22.696,0,23.504,23.527,0,23.504,23.042,0,1.8
24,0.50,30.45,22.287,22.541,1,25.086,24.897,0,23.772,23.247,0,24.167,24.169,0,24.167,23.724,0,1.8
24,0.75,30.18,22.929,23.089,0,23.968,23.649,1,24.323,24.077,0,24.753,24.701,0,24.753,24.317,0,1.8
24,1.00,29.94,23.510,23.738,0,22.916,22.447,1,24.817,24.561,0,25.271,25.232,0,25.271,24.868,0,1.8
24,1.25,29.72,24.035,24.307,0,23.516,22.978,0,25.260,25.037,0,23.740,23.818,1,23.740,23.276,1,3.6
24,1.50,29.53,24.510,24.753,0,24.057,23.684,0,24.068,23.807,1,22.321,22.560,1,22.321,21.839,1,5.4
24,1.75,29.37,24.940,25.137,0,24.546,24.196,0,22.950,22.732,1,22.993,23.146,0,22.993,22.692,0,1.8
24,2.00,29.24,25.331,25.403,0,24.988,24.608,0,23.493,23.477,0,23.598,23.772,0,23.598,23.327,0,0.0
24,2.25,29.13,24.362,24.484,1,25.389,25.210,0,23.989,24.077,0,24.145,24.233,0,24.145,23.819,0,1.8
24,2.50,29.06,23.456,23.510,1,24.164,24.325,1,24.444,24.492,0,24.640,24.653,0,24.640,24.438,0,3.6
24,2.75,29.01,22.610,22.430,1,23.028,23.157,1,24.863,24.769,0,25.091,25.066,0,25.091,24.920,0,3.6
24,3.00,29.00,23.147,22.932,0,21.976,22.141,1,25.251,25.326,0,23.516,23.474,1,23.516,23.438,1,5.4
24,3.25,29.01,23.648,23.365,0,22.594,22.791,0,24.022,24.084,1,22.072,22.177,1,22.072,21.925,1,5.4
24,3.50,29.06,24.117,23.837,0,23.169,23.359,0,22.885,23.023,1,22.739,22.811,0,22.739,22.482,0,1.8
24,3.75,29.13,24.558,24.077,0,23.706,23.945,0,23.425,23.446,0,23.356,23.468,0,23.356,23.171,0,0.0
24,4.00,29.24,24.976,24.535,0,24.211,24.529,0,23.933,23.731,0,23.932,24.015,0,23.932,23.772,0,0.0
24,4.25,29.37,25.374,25.218,0,24.688,24.877,0,24.415,24.324,0,24.470,24.553,0,24.470,24.215,0,0.0
24,4.50,29.53,24.430,24.285,1,25.142,25.100,0,24.873,24.763,0,24.978,25.193,0,24.978,24.567,0,1.8
24,4.75,29.72,23.565,23.254,1,23.985,23.905,1,25.312,25.132,0,25.459,25.637,0,25.459,25.100,0,3.6
24,5.00,29.94,22.776,22.435,1,22.931,22.893,1,24.145,23.967,1,23.931,24.220,1,23.931,23.699,1,9.0
24,5.25,30.18,23.384,23.060,0,23.565,23.534,0,23.080,22.940,1,22.549,22.794,1,22.549,22.374,1,5.4
24,5.50,30.45,23.969,23.626,0,24.171,24.331,0,22.110,22.055,1,23.291,23.398,0,23.291,23.071,0,1.8
24,5.75,30.74,24.533,24.134,0,24.754,24.681,0,22.821,22.939,0,23.995,24.179,0,23.995,23.805,0,0.0
24,6.00,31.05,25.079,24.637,0,25.316,25.360,0,23.504,23.429,0,24.667,24.870,0,24.667,24.536,0,0.0
24,6.25,31.38,24.285,24.090,1,24.271,24.267,1,24.161,24.016,0,25.311,25.677,0,25.311,25.234,0,3.6
24,6.50,31.74,23.572,23.583,1,23.331,23.293,1,24.797,24.570,0,23.944,24.240,1,23.944,23.954,1,7.2
24,6.75,32.11,22.935,23.322,1,22.490,22.386,1,25.414,25.278,0,22.720,22.930,1,22.720,22.873,1,7.2
24,7.00,32.50,23.694,24.229,0,23.330,23.269,0,24.424,24.355,1,23.617,23.883,0,23.617,23.440,0,1.8
24,7.25,32.90,24.429,25.097,0,24.138,24.408,0,23.534,23.517,1,24.473,24.608,0,24.473,24.272,0,1.8
24,7.50,33.32,25.141,25.772,0,24.917,25.434,0,22.739,22.828,1,25.293,25.511,0,25.293,25.140,0,1.8
24,7.75,33.75,24.509,25.027,1,25.670,26.209,0,23.622,24.048,0,24.094,24.235,1,24.094,23.927,1,5.4
24,8.00,34.19,23.952,24.544,1,24.808,25.472,1,24.473,24.845,0,23.029,23.060,1,23.029,22.732,1,7.2
24,8.25,34.63,23.464,24.120,1,24.045,24.499,1,25.294,25.705,0,22.089,22.078,1,22.089,21.912,1,7.2
24,8.50,35.09,23.043,23.854,1,23.373,23.938,1,24.499,25.055,1,23.251,23.201,0,23.251,23.039,0,5.4
24,8.75,35.54,22.683,23.566,1,22.786,23.106,1,23.794,24.435,1,24.355,24.203,0,24.355,24.168,0,5.4
24,9.00,36.00,23.705,24.568,0,23.867,24.037,0,23.173,23.812,1,25.406,25.242,0,25.406,25.206,0,1.8
24,9.25,36.46,24.688,25.626,0,24.901,24.985,0,22.630,23.314,1,24.420,24.370,1,24.420,24.442,1,5.4
24,9.50,36.91,25.634,26.332,0,25.892,26.087,0,23.748,24.479,0,23.553,23.493,1,23.553,23.478,1,3.6
24,9.75,37.37,25.220,25.706,1,25.253,25.537,1,24.819,25.597,0,22.795,22.870,1,22.795,22.726,1,7.2
24,10.00,37.81,24.866,25.268,1,24.695,24.658,1,25.844,26.506,0,24.124,24.257,0,24.124,23.955,0,3.6
24,10.25,38.25,24.568,24.865,1,24.211,24.277,1,25.237,25.892,1,25.380,25.490,0,25.380,25.011,0,5.4
24,10.50,38.68,24.321,24.491,1,23.796,23.728,1,24.705,25.439,1,24.579,24.537,1,24.579,24.300,1,9.0
24,10.75,39.10,24.120,24.383,1,23.444,23.436,1,24.241,24.852,1,23.879,24.041,1,23.879,23.537,1,9.0
24,11.00,39.50,23.962,24.149,1,23.148,23.232,1,23.840,24.450,1,23.271,23.376,1,23.271,22.887,1,9.0
24,11.25,39.89,23.842,24.035,1,22.904,22.685,1,23.495,23.837,1,22.744,22.914,1,22.744,22.130,1,9.0
24,11.50,40.26,23.756,23.864,1,24.296,24.099,0,23.203,23.430,1,24.279,24.379,0,24.279,23.780,0,3.6
24,11.75,40.62,23.701,23.760,1,25.610,25.128,0,22.956,23.229,1,25.717,25.832,0,25.717,25.269,0,3.6
24,12.00,40.95,23.674,23.606,1,25.260,24.607,1,24.342,24.813,0,25.076,25.174,1,25.076,24.771,1,7.2
24,12.25,41.26,23.670,23.669,1,24.960,24.361,1,25.650,26.253,0,24.514,24.723,1,24.514,24.365,1,7.2
24,12.50,41.55,23.687,23.586,1,24.705,24.045,1,25.295,25.966,1,24.022,24.226,1,24.022,23.875,1,9.0
24,12.75,41.82,23.721,23.519,1,24.488,23.712,1,24.985,25.715,1,23.593,23.787,1,23.593,23.362,1,9.0
24,13.00,42.06,23.770,23.554,1,24.306,23.465,1,24.715,25.301,1,23.219,23.312,1,23.219,23.053,1,9.0
24,13.25,42.28,23.830,23.690,1,24.154,23.379,1,24.479,25.218,1,22.894,22.979,1,22.894,22.693,1,9.0
24,13.50,42.47,23.900,23.841,1,24.028,23.440,1,24.274,24.805,1,24.599,24.854,0,24.599,24.438,0,5.4
24,13.75,42.63,23.976,23.834,1,23.923,23.537,1,24.096,24.666,1,26.176,26.590,0,26.176,26.133,0,5.4
24,14.00,42.76,24.056,23.827,1,23.836,23.493,1,23.940,24.447,1,25.647,26.099,1,25.647,25.435,1,9.0
24,14.25,42.87,24.138,24.013,1,23.763,23.406,1,23.802,24.120,1,25.170,25.442,1,25.170,24.880,1,9.0
24,14.50,42.94,24.219,24.173,1,23.701,23.460,1,23.680,23.986,1,24.739,25.075,1,24.739,24.421,1,9.0
24,14.75,42.99,24.297,24.341,1,23.648,23.498,1,23.570,23.822,1,24.347,24.576,1,24.347,23.972,1,9.0
24,15.00,43.00,24.372,24.306,1,23.599,23.502,1,23.469,23.689,1,23.988,24.047,1,23.988,23.704,1,9.0
24,15.25,42.99,24.440,24.470,1,23.553,23.336,1,23.374,23.680,1,23.658,23.776,1,23.658,23.414,1,9.0
24,15.50,42.94,24.500,24.469,1,23.507,23.465,1,23.283,23.547,1,23.351,23.610,1,23.351,23.122,1,9.0
24,15.75,42.87,24.550,24.072,1,23.459,23.280,1,23.193,23.518,1,23.063,23.339,1,23.063,22.942,1,9.0
24,16.00,42.76,24.590,24.307,1,23.407,23.444,1,23.102,23.352,1,22.791,23.125,1,22.791,22.761,1,9.0
24,16.25,42.63,24.618,24.247,1,23.348,23.454,1,23.008,23.353,1,24.518,24.910,0,24.518,24.690,0,5.4
24,16.50,42.47,24.632,24.624,1,23.282,23.404,1,22.909,23.166,1,26.088,26.511,0,26.088,26.257,0,5.4
24,16.75,42.28,24.632,24.733,1,23.207,23.354,1,24.393,24.428,0,25.527,25.854,1,25.527,25.599,1,7.2
24,17.00,42.06,24.617,24.419,1,23.121,23.322,1,25.756,25.967,0,24.993,25.186,1,24.993,25.162,1,7.2
24,17.25,41.82,24.587,24.214,1,23.023,23.117,1,25.412,25.591,1,24.484,24.699,1,24.484,24.784,1,9.0
24,17.50,41.55,24.539,24.154,1,22.913,23.031,1,25.074,25.215,1,23.995,24.220,1,23.995,24.142,1,9.0
24,17.75,41.26,24.475,24.073,1,24.379,24.472,0,24.740,24.637,1,23.522,23.756,1,23.522,23.648,1,7.2
24,18.00,40.95,24.393,23.939,1,25.712,25.758,0,24.407,24.307,1,23.062,23.430,1,23.062,23.119,1,7.2
24,18.25,40.62,24.294,23.702,1,25.330,25.377,1,24.074,24.157,1,22.613,22.918,1,22.613,22.673,1,9.0
24,18.50,40.26,24.177,23.512,1,24.950,24.894,1,23.740,23.876,1,24.159,24.467,0,24.159,24.231,0,5.4
24,18.75,39.89,24.041,23.400,1,24.570,24.642,1,23.402,23.446,1,25.547,25.888,0,25.547,25.640,0,5.4
24,19.00,39.50,23.888,23.158,1,24.190,24.172,1,23.061,22.964,1,24.800,25.134,1,24.800,24.902,1,9.0
24,19.25,39.10,23.718,22.945,1,23.808,23.738,1,22.716,22.572,1,24.082,24.412,1,24.082,24.203,1,9.0
24,19.50,38.68,23.530,22.889,1,23.423,23.504,1,23.955,23.855,0,23.389,23.794,1,23.389,23.372,1,7.2
24,19.75,38.25,23.326,22.673,1,23.035,23.146,1,25.074,24.942,0,22.717,23.208,1,22.717,22.584,1,7.2
24,20.00,37.81,23.105,22.601,1,22.643,22.951,1,24.492,24.278,1,24.053,24.424,0,24.053,24.108,0,5.4
24,20.25,37.37,22.868,22.415,1,23.838,24.000,0,23.918,23.648,1,25.241,25.626,0,25.241,25.402,0,3.6
24,20.50,36.91,23.941,23.203,0,24.908,25.028,0,23.354,23.041,1,24.306,24.837,1,24.306,24.452,1,5.4
24,20.75,36.46,24.907,24.351,0,25.865,25.875,0,22.798,22.479,1,23.411,23.643,1,23.411,23.648,1,5.4
24,21.00,36.00,25.774,25.420,0,25.125,25.087,1,23.838,23.422,0,22.553,22.997,1,22.553,22.704,1,5.4
24,21.25,35.54,25.223,24.919,1,24.406,24.491,1,24.771,24.445,0,23.714,24.040,0,23.714,24.075,0,3.6
24,21.50,35.09,24.678,24.225,1,23.707,23.844,1,25.604,25.240,0,24.742,25.021,0,24.742,25.099,0,3.6
24,21.75,34.63,24.140,23.507,1,23.027,23.183,1,24.754,24.557,1,25.648,25.849,0,25.648,26.086,0,5.4
24,22.00,34.19,23.608,23.129,1,22.364,22.567,1,23.933,23.642,1,24.456,24.557,1,24.456,24.884,1,9.0
24,22.25,33.75,23.083,22.717,1,23.308,23.512,0,23.140,22.680,1,23.325,23.495,1,23.325,23.595,1,7.2
24,22.50,33.32,22.565,22.422,1,24.149,24.588,0,22.373,22.123,1,22.252,22.389,1,22.252,22.539,1,7.2
24,22.75,32.90,23.379,23.022,0,24.895,25.256,0,23.221,23.258,0,23.221,23.158,0,23.221,23.515,0,0.0
24,23.00,32.50,24.107,23.761,0,25.556,25.945,0,23.979,23.959,0,24.076,24.097,0,24.076,24.338,0,0.0
24,23.25,32.11,24.757,24.298,0,24.547,24.789,1,24.655,24.688,0,24.829,24.707,0,24.829,25.153,0,1.8
24,23.50,31.74,25.336,24.630,0,23.587,23.986,1,25.255,25.160,0,25.489,25.517,0,25.489,25.957,0,1.8
24,23.75,31.38,24.525,23.853,1,22.672,23.220,1,24.196,24.133,1,24.078,24.143,1,24.078,24.660,1,9.0
25,0.00,31.05,23.746,23.106,1,23.390,23.997,0,23.190,23.045,1,22.756,22.966,1,22.756,23.218,1,7.2
25,0.25,30.74,23.001,22.578,1,24.031,24.604,0,22.233,22.178,1,23.504,23.505,0,23.504,23.916,0,3.6
25,0.50,30.45,22.287,21.985,1,24.602,25.175,0,22.914,22.805,0,24.167,24.265,0,24.167,24.517,0,1.8
25,0.75,30.18,22.929,22.508,0,25.110,25.662,0,23.528,23.423,0,24.753,24.763,0,24.753,24.933,0,0.0
25,1.00,29.94,23.510,23.262,0,23.973,24.393,1,24.079,23.956,0,25.271,25.408,0,25.271,25.399,0,1.8
25,1.25,29.72,24.035,23.856,0,22.904,23.219,1,24.575,24.395,0,23.740,23.716,1,23.740,24.029,1,5.4
25,1.50,29.53,24.510,24.404,0,23.491,23.817,0,25.022,24.859,0,22.321,22.214,1,22.321,22.598,1,3.6
25,1.75,29.37,24.940,24.707,0,24.022,24.356,0,23.835,23.742,1,22.993,22.877,0,22.993,23.308,0,1.8
25,2.00,29.24,25.331,25.208,0,24.503,24.852,0,22.724,22.468,1,23.598,23.422,0,23.598,23.873,0,1.8
25,2.25,29.13,24.362,24.417,1,24.941,25.248,0,23.276,23.068,0,24.145,23.991,0,24.145,24.354,0,1.8
25,2.50,29.06,23.456,23.553,1,25.339,25.428,0,23.782,23.508,0,24.640,24.675,0,24.640,24.922,0,1.8
25,2.75,29.01,22.610,22.615,1,24.115,24.253,1,24.249,23.954,0,25.091,25.018,0,25.091,25.368,0,3.6
25,3.00,29.00,23.147,23.051,0,22.982,23.265,1,24.681,24.391,0,23.516,23.380,1,23.516,23.765,1,5.4
25,3.25,29.01,23.648,23.532,0,23.524,23.871,0,25.083,24.902,0,22.072,21.861,1,22.072,22.370,1,3.6
25,3.50,29.06,24.117,24.170,0,24.029,24.386,0,23.870,23.822,1,22.739,22.489,0,22.739,23.118,0,1.8
25,3.75,29.13,24.558,24.621,0,24.502,24.965,0,22.749,22.733,1,23.356,23.182,0,23.356,23.521,0,1.8
25,4.00,29.24,24.976,24.856,0,24.947,25.372,0,23.306,23.169,0,23.932,23.658,0,23.932,23.820,0,0.0
25,4.25,29.37,25.374,25.120,0,25.369,25.780,0,23.833,23.572,0,24.470,24.280,0,24.470,24.177,0,0.0
25,4.50,29.53,24.430,24.462,1,24.181,24.696,1,24.333,23.824,0,24.978,24.614,0,24.978,24.716,0,3.6
25,4.75,29.72,23.565,23.363,1,23.097,23.471,1,24.811,24.391,0,25.459,24.944,0,25.459,25.289,0,3.6
25,5.00,29.94,22.776,22.581,1,22.110,22.270,1,25.270,25.039,0,23.931,23.529,1,23.931,23.709,1,7.2
25,5.25,30.18,23.384,23.349,0,22.805,22.869,0,24.124,23.719,1,22.549,22.169,1,22.549,22.359,1,5.4
25,5.50,30.45,23.969,23.923,0,23.468,23.520,0,23.079,22.725,1,23.291,22.932,0,23.291,23.136,0,1.8
25,5.75,30.74,24.533,24.632,0,24.104,24.145,0,22.130,21.893,1,23.995,23.633,0,23.995,23.773,0,1.8
25,6.00,31.05,25.079,24.975,0,24.715,24.799,0,22.863,22.667,0,24.667,24.217,0,24.667,24.336,0,0.0
25,6.25,31.38,24.285,24.413,1,25.305,25.428,0,23.566,23.342,0,25.311,24.916,0,25.311,24.943,0,1.8
25,6.50,31.74,23.572,23.700,1,24.287,24.424,1,24.245,23.867,0,23.944,23.477,1,23.944,23.636,1,7.2
25,6.75,32.11,22.935,22.884,1,23.374,23.601,1,24.901,24.533,0,22.720,22.273,1,22.720,22.513,1,7.2
25,7.00,32.50,23.694,23.678,0,22.559,22.863,1,25.538,25.127,0,23.617,23.249,0,23.617,23.498,0,1.8
25,7.25,32.90,24.429,24.377,0,23.424,23.658,0,24.568,24.247,1,24.473,24.225,0,24.473,24.299,0,1.8
25,7.50,33.32,25.141,25.161,0,24.257,24.365,0,23.699,23.234,1,25.293,25.124,0,25.293,25.130,0,1.8
25,7.75,33.75,24.509,24.395,1,25.059,25.040,0,22.922,22.541,1,24.094,23.967,1,24.094,24.045,1,7.2
25,8.00,34.19,23.952,23.872,1,24.243,24.177,1,23.823,23.594,0,23.029,23.104,1,23.029,22.977,1,7.2
25,8.25,34.63,23.464,23.325,1,23.523,23.465,1,24.692,24.428,0,22.089,22.026,1,22.089,22.052,1,7.2
25,8.50,35.09,23.043,22.917,1,22.890,22.732,1,25.530,25.412,0,23.251,23.454,0,23.251,23.248,0,3.6
25,8.75,35.54,22.683,22.448,1,23.929,23.784,0,24.751,24.700,1,24.355,24.527,0,24.355,24.356,0,3.6
25,9.00,36.00,23.705,23.539,0,24.924,24.678,0,24.061,24.081,1,25.406,25.490,0,25.406,25.594,0,1.8
25,9.25,36.46,24.688,24.452,0,25.879,25.441,0,23.454,23.560,1,24.420,24.375,1,24.420,24.990,1,5.4
25,9.50,36.91,25.634,25.589,0,25.207,24.901,1,22.923,22.920,1,23.553,23.582,1,23.553,24.146,1,7.2
25,9.75,37.37,25.220,25.147,1,24.619,24.278,1,24.053,23.970,0,22.795,22.867,1,22.795,23.390,1,7.2
25,10.00,37.81,24.866,24.736,1,24.108,23.777,1,25.133,25.157,0,24.124,24.311,0,24.124,24.662,0,3.6
25,10.25,38.25,24.568,24.403,1,23.669,23.450,1,24.578,24.384,1,25.380,25.499,0,25.380,25.779,0,5.4
25,10.50,38.68,24.321,24.104,1,23.295,23.134,1,24.093,24.043,1,24.579,24.886,1,24.579,25.106,1,9.0
25,10.75,39.10,24.120,23.877,1,22.980,22.863,1,23.673,23.561,1,23.879,24.189,1,23.879,24.319,1,9.0
25,11.00,39.50,23.962,23.826,1,24.309,24.326,0,23.313,23.157,1,23.271,23.675,1,23.271,23.735,1,7.2
25,11.25,39.89,23.842,23.662,1,25.567,25.491,0,23.006,23.045,1,22.744,23.009,1,22.744,23.354,1,7.2
25,11.50,40.26,23.756,23.862,1,25.169,25.153,1,22.749,22.814,1,24.279,24.503,0,24.279,24.727,0,5.4
25,11.75,40.62,23.701,23.924,1,24.828,24.743,1,24.125,24.173,0,25.717,26.122,0,25.717,26.141,0,3.6
25,12.00,40.95,23.674,24.211,1,24.537,24.659,1,25.426,25.568,0,25.076,25.511,1,25.076,25.662,1,7.2
25,12.25,41.26,23.670,24.126,1,24.291,24.338,1,25.067,25.180,1,24.514,24.797,1,24.514,24.952,1,9.0
25,12.50,41.55,23.687,24.040,1,24.086,24.255,1,24.754,24.904,1,24.022,24.248,1,24.022,24.361,1,9.0
25,12.75,41.82,23.721,23.932,1,23.916,23.922,1,24.482,24.500,1,23.593,23.639,1,23.593,23.922,1,9.0
25,13.00,42.06,23.770,24.013,1,23.777,23.717,1,24.248,24.276,1,23.219,23.310,1,23.219,23.585,1,9.0
25,13.25,42.28,23.830,24.015,1,23.665,23.658,1,24.046,24.096,1,22.894,22.811,1,22.894,23.347,1,9.0
25,13.50,42.47,23.900,24.142,1,23.575,23.623,1,23.873,23.984,1,24.599,24.653,0,24.599,24.873,0,5.4
25,13.75,42.63,23.976,24.515,1,23.504,23.474,1,23.723,23.703,1,26.176,26.049,0,26.176,26.322,0,5.4
25,14.00,42.76,24.056,24.546,1,23.448,23.357,1,23.594,23.429,1,25.647,25.599,1,25.647,25.563,1,9.0
25,14.25,42.87,24.138,24.428,1,23.404,23.582,1,23.481,23.386,1,25.170,25.104,1,25.170,25.117,1,9.0
25,14.50,42.94,24.219,24.507,1,23.370,23.602,1,23.382,23.315,1,24.739,24.699,1,24.739,24.708,1,9.0
25,14.75,42.99,24.297,24.480,1,23.341,23.480,1,23.294,23.366,1,24.347,24.223,1,24.347,24.328,1,9.0
25,15.00,43.00,24.372,24.364,1,23.315,23.278,1,23.213,23.167,1,23.988,23.828,1,23.988,24.004,1,9.0
25,15.25,42.99,24.440,24.616,1,23.290,23.198,1,23.136,23.079,1,23.658,23.484,1,23.658,23.848,1,9.0
25,15.50,42.94,24.500,24.768,1,23.264,23.130,1,23.062,23.079,1,23.351,23.148,1,23.351,23.564,1,9.0
25,15.75,42.87,24.550,24.645,1,23.234,22.942,1,22.988,22.952,1,23.063,22.838,1,23.063,23.172,1,9.0
25,16.00,42.76,24.590,24.627,1,23.199,22.931,1,24.502,24.362,0,22.791,22.691,1,22.791,22.942,1,7.2
25,16.25,42.63,24.618,24.636,1,23.156,22.934,1,25.897,25.895,0,24.518,24.520,0,24.518,24.738,0,3.6
25,16.50,42.47,24.632,24.570,1,23.104,23.143,1,25.590,25.546,1,26.088,26.187,0,26.088,26.331,0,5.4
25,16.75,42.28,24.632,24.571,1,23.042,23.174,1,25.291,25.152,1,25.527,25.433,1,25.527,25.894,1,9.0
25,17.00,42.06,24.617,24.651,1,22.969,23.086,1,24.999,24.916,1,24.993,24.851,1,24.993,25.493,1,9.0
25,17.25,41.82,24.587,24.640,1,24.473,24.478,0,24.710,24.758,1,24.484,24.466,1,24.484,25.103,1,7.2
25,17.50,41.55,24.539,24.348,1,25.844,25.814,0,24.423,24.412,1,23.995,24.032,1,23.995,24.673,1,7.2
25,17.75,41.26,24.475,24.249,1,25.500,25.434,1,24.135,24.163,1,23.522,23.624,1,23.522,24.261,1,9.0
25,18.00,40.95,24.393,23.998,1,25.159,24.941,1,23.846,23.871,1,23.062,23.099,1,23.062,23.861,1,9.0
25,18.25,40.62,24.294,23.872,1,24.818,24.684,1,23.553,23.505,1,22.613,22.872,1,22.613,23.267,1,9.0
25,18.50,40.26,24.177,23.713,1,24.476,24.607,1,23.256,23.449,1,24.159,24.357,0,24.159,24.692,0,5.4
25,18.75,39.89,24.041,23.639,1,24.132,24.253,1,22.954,23.126,1,25.547,25.724,0,25.547,26.160,0,5.4
25,19.00,39.50,23.888,23.411,1,23.785,24.149,1,24.235,24.173,0,24.800,24.801,1,24.800,25.452,1,7.2
25,19.25,39.10,23.718,23.339,1,23.433,23.901,1,25.395,25.505,0,24.082,24.099,1,24.082,24.480,1,7.2
25,19.50,38.68,23.530,23.285,1,23.077,23.470,1,24.852,24.987,1,23.389,23.269,1,23.389,23.694,1,9.0
25,19.75,38.25,23.326,23.161,1,22.715,23.093,1,24.316,24.401,1,22.717,22.685,1,22.717,22.973,1,9.0
25,20.00,37.81,23.105,23.010,1,23.937,24.238,0,23.788,23.846,1,24.053,23.793,0,24.053,24.348,0,3.6
25,20.25,37.37,22.868,22.902,1,25.034,25.208,0,23.266,23.149,1,25.241,25.055,0,25.241,25.510,0,3.6
25,20.50,36.91,23.941,23.949,0,24.425,24.634,1,22.748,22.555,1,24.306,24.061,1,24.306,24.502,1,7.2
25,20.75,36.46,24.907,24.818,0,23.828,24.158,1,23.825,23.783,0,23.411,23.156,1,23.411,23.599,1,5.4
25,21.00,36.00,25.774,25.988,0,23.240,23.503,1,24.792,24.705,0,22.553,22.386,1,22.553,22.823,1,5.4
25,21.25,35.54,25.223,25.405,1,22.663,22.946,1,25.656,25.543,0,23.714,23.440,0,23.714,23.987,0,3.6
25,21.50,35.09,24.678,24.990,1,23.685,23.808,0,24.835,24.786,1,24.742,24.341,0,24.742,24.995,0,3.6
25,21.75,34.63,24.140,24.483,1,24.596,24.873,0,24.040,23.994,1,25.648,25.213,0,25.648,25.818,0,3.6
25,22.00,34.19,23.608,24.053,1,25.405,25.522,0,23.271,23.380,1,24.456,23.853,1,24.456,24.477,1,7.2
25,22.25,33.75,23.083,23.575,1,24.531,24.702,1,22.526,22.555,1,23.325,22.770,1,23.325,23.261,1,9.0
25,22.50,33.32,22.565,23.005,1,23.691,23.989,1,23.393,23.230,0,22.252,21.841,1,22.252,22.238,1,7.2
25,22.75,32.90,23.379,23.769,0,22.882,23.328,1,24.168,24.143,0,23.221,22.856,0,23.221,23.330,0,1.8
25,23.00,32.50,24.107,24.290,0,23.693,23.997,0,24.858,24.992,0,24.076,23.849,0,24.076,24.140,0,0.0
25,23.25,32.11,24.757,24.755,0,24.414,24.750,0,25.470,25.497,0,24.829,24.408,0,24.829,24.859,0,0.0
25,23.50,31.74,25.336,25.198,0,25.054,25.467,0,24.421,24.276,1,25.489,25.019,0,25.489,25.647,0,1.8
25,23.75,31.38,24.525,24.350,1,24.028,24.554,1,23.423,23.422,1,24.078,23.563,1,24.078,24.340,1,9.0
26,0.00,31.05,23.746,23.706,1,23.055,23.456,1,22.472,22.324,1,22.756,22.390,1,22.756,22.886,1,9.0
26,0.25,30.74,23.001,23.159,1,22.131,22.587,1,23.157,22.905,0,23.504,22.950,0,23.504,23.586,0,3.6
26,0.50,30.45,22.287,22.503,1,22.845,23.097,0,23.772,23.575,0,24.167,23.527,0,24.167,24.374,0,1.8
26,0.75,30.18,22.929,23.152,0,23.485,24.003,0,24.323,24.187,0,24.753,24.353,0,24.753,25.076,0,0.0
26,1.00,29.94,23.510,23.780,0,24.059,24.339,0,24.817,24.746,0,25.271,24.851,0,25.271,25.602,0,0.0
26,1.25,29.72,24.035,24.165,0,24.574,24.916,0,25.260,25.182,0,23.740,23.335,1,23.740,24.049,1,3.6
26,1.50,29.53,24.510,24.227,0,25.036,25.441,0,24.068,23.981,1,22.321,22.125,1,22.321,22.644,1,5.4
26,1.75,29.37,24.940,24.910,0,23.861,24.123,1,22.950,22.842,1,22.993,22.744,0,22.993,23.340,0,3.6
26,2.00,29.24,25.331,25.408,0,22.764,22.784,1,23.493,23.459,0,23.598,23.307,0,23.598,23.783,0,1.8
26,2.25,29.13,24.362,24.283,1,23.332,23.395,0,23.989,23.889,0,24.145,23.904,0,24.145,24.268,0,1.8
26,2.50,29.06,23.456,23.351,1,23.852,23.737,0,24.444,24.303,0,24.640,24.527,0,24.640,24.792,0,1.8
26,2.75,29.01,22.610,22.638,1,24.329,24.208,0,24.863,24.913,0,25.091,24.887,0,25.091,25.380,0,1.8
26,3.00,29.00,23.147,23.352,0,24.769,24.536,0,25.251,25.393,0,23.516,23.311,1,23.516,23.882,1,3.6
26,3.25,29.01,23.648,23.947,0,25.178,25.127,0,24.022,24.054,1,22.072,21.738,1,22.072,22.336,1,5.4
26,3.50,29.06,24.117,24.254,0,23.969,23.894,1,22.885,22.888,1,22.739,22.377,0,22.739,23.095,0,3.6
26,3.75,29.13,24.558,24.780,0,22.856,22.878,1,23.425,23.347,0,23.356,23.018,0,23.356,23.843,0,1.8
26,4.00,29.24,24.976,25.042,0,23.425,23.419,0,23.933,23.910,0,23.932,23.606,0,23.932,24.554,0,0.0
26,4.25,29.37,25.374,25.366,0,23.961,24.033,0,24.415,24.333,0,24.470,24.142,0,24.470,25.012,0,0.0
26,4.50,29.53,24.430,24.569,1,24.469,24.533,0,24.873,24.938,0,24.978,24.713,0,24.978,25.424,0,1.8
26,4.75,29.72,23.565,23.596,1,24.953,24.780,0,25.312,25.378,0,25.459,25.292,0,25.459,25.853,0,1.8
26,5.00,29.94,22.776,22.834,1,25.417,25.435,0,24.145,24.208,1,23.931,23.796,1,23.931,24.286,1,7.2
26,5.25,30.18,23.384,23.464,0,24.274,24.113,1,23.080,22.996,1,22.549,22.323,1,22.549,22.936,1,7.2
26,5.50,30.45,23.969,23.914,0,23.237,23.040,1,22.110,22.121,1,23.291,22.984,0,23.291,23.486,0,3.6
26,5.75,30.74,24.533,24.280,0,22.299,22.323,1,22.821,22.807,0,23.995,23.646,0,23.995,23.886,0,1.8
26,6.00,31.05,25.079,24.886,0,23.046,22.977,0,23.504,23.324,0,24.667,24.503,0,24.667,24.654,0,0.0
26,6.25,31.38,24.285,24.066,1,23.761,23.507,0,24.161,24.222,0,25.311,25.290,0,25.311,25.454,0,1.8
26,6.50,31.74,23.572,23.476,1,24.449,24.213,0,24.797,24.794,0,23.944,23.913,1,23.944,24.255,1,5.4
26,6.75,32.11,22.935,22.820,1,25.114,24.763,0,25.414,25.405,0,22.720,22.624,1,22.720,23.175,1,5.4
26,7.00,32.50,23.694,23.420,0,24.168,23.733,1,24.424,24.383,1,23.617,23.396,0,23.617,23.740,0,3.6
26,7.25,32.90,24.429,24.052,0,23.323,22.776,1,23.534,23.530,1,24.473,24.400,0,24.473,24.632,0,3.6
26,7.50,33.32,25.141,24.657,0,22.573,22.083,1,22.739,22.801,1,25.293,25.210,0,25.293,25.311,0,3.6
26,7.75,33.75,24.509,24.010,1,23.501,23.166,0,23.622,23.715,0,24.094,24.055,1,24.094,24.066,1,5.4
26,8.00,34.19,23.952,23.482,1,24.393,24.050,0,24.473,24.528,0,23.029,22.872,1,23.029,23.164,1,5.4
26,8.25,34.63,23.464,22.971,1,25.251,24.910,0,25.294,25.216,0,22.089,21.883,1,22.089,21.970,1,5.4
26,8.50,35.09,23.043,22.692,1,24.489,24.175,1,24.499,24.294,1,23.251,23.101,0,23.251,23.102,0,5.4
26,8.75,35.54,22.683,22.259,1,23.818,23.309,1,23.794,23.511,1,24.355,24.270,0,24.355,24.201,0,5.4
26,9.00,36.00,23.705,23.126,0,23.231,22.729,1,23.173,22.913,1,25.406,25.340,0,25.406,25.140,0,3.6
26,9.25,36.46,24.688,24.031,0,22.723,22.232,1,22.630,22.440,1,24.420,24.492,1,24.420,24.160,1,7.2
26,9.50,36.91,25.634,24.828,0,23.878,23.399,0,23.748,23.568,0,23.553,23.546,1,23.553,23.178,1,3.6
26,9.75,37.37,25.220,24.359,1,24.979,24.581,0,24.819,24.721,0,22.795,22.722,1,22.795,22.359,1,5.4
26,10.00,37.81,24.866,24.134,1,26.032,25.709,0,25.844,25.896,0,24.124,24.017,0,24.124,23.829,0,1.8
26,10.25,38.25,24.568,23.867,1,25.448,25.001,1,25.237,25.380,1,25.380,25.340,0,25.380,25.188,0,5.4
26,10.50,38.68,24.321,23.794,1,24.940,24.602,1,24.705,24.772,1,24.579,24.353,1,24.579,24.340,1,9.0
26,10.75,39.10,24.120,23.646,1,24.502,24.127,1,24.241,24.349,1,23.879,23.811,1,23.879,23.650,1,9.0
26,11.00,39.50,23.962,23.415,1,24.127,23.961,1,23.840,23.914,1,23.271,23.206,1,23.271,22.832,1,9.0
26,11.25,39.89,23.842,23.112,1,23.809,23.770,1,23.495,23.602,1,22.744,22.807,1,22.744,22.584,1,9.0
26,11.50,40.26,23.756,23.087,1,23.543,23.506,1,23.203,23.278,1,24.279,24.351,0,24.279,24.246,0,5.4
26,11.75,40.62,23.701,23.001,1,23.323,23.483,1,22.956,22.805,1,25.717,25.832,0,25.717,25.822,0,5.4
26,12.00,40.95,23.674,23.083,1,23.145,23.367,1,24.342,24.077,0,25.076,25.340,1,25.076,25.292,1,7.2
26,12.25,41.26,23.670,23.043,1,23.004,22.974,1,25.650,25.304,0,24.514,24.698,1,24.514,24.501,1,7.2
26,12.50,41.55,23.687,23.156,1,22.895,22.930,1,25.295,24.996,1,24.022,24.167,1,24.022,24.137,1,9.0
26,12.75,41.82,23.721,23.284,1,24.405,24.716,0,24.985,24.645,1,23.593,23.752,1,23.593,23.611,1,7.2
26,13.00,42.06,23.770,23.344,1,25.819,26.209,0,24.715,24.467,1,23.219,23.468,1,23.219,23.335,1,7.2
26,13.25,42.28,23.830,23.355,1,25.553,25.570,1,24.479,24.020,1,22.894,23.316,1,22.894,22.880,1,9.0
26,13.50,42.47,23.900,23.625,1,25.322,25.270,1,24.274,23.766,1,24.599,25.045,0,24.599,24.685,0,5.4
26,13.75,42.63,23.976,23.843,1,25.120,25.012,1,24.096,23.731,1,26.176,26.590,0,26.176,26.446,0,5.4
26,14.00,42.76,24.056,23.989,1,24.943,24.961,1,23.940,23.452,1,25.647,26.186,1,25.647,26.058,1,9.0
26,14.25,42.87,24.138,23.960,1,24.787,24.964,1,23.802,23.268,1,25.170,25.678,1,25.170,25.499,1,9.0
26,14.50,42.94,24.219,23.861,1,24.649,24.786,1,23.680,23.140,1,24.739,25.302,1,24.739,24.920,1,9.0
26,14.75,42.99,24.297,23.900,1,24.524,24.526,1,23.570,23.172,1,24.347,24.879,1,24.347,24.598,1,9.0
26,15.00,43.00,24.372,23.929,1,24.410,24.438,1,23.469,23.223,1,23.988,24.432,1,23.988,24.174,1,9.0
26,15.25,42.99,24.440,24.063,1,24.303,24.385,1,23.374,23.160,1,23.658,23.936,1,23.658,23.771,1,9.0
26,15.50,42.94,24.500,24.016,1,24.201,24.632,1,23.283,23.116,1,23.351,23.438,1,23.351,23.413,1,9.0
26,15.75,42.87,24.550,23.958,1,24.100,24.774,1,23.193,23.113,1,23.063,23.097,1,23.063,23.249,1,9.0
26,16.00,42.76,24.590,24.194,1,24.000,24.517,1,23.102,22.913,1,22.791,22.699,1,22.791,22.927,1,9.0
26,16.25,42.63,24.618,24.252,1,23.897,24.337,1,23.008,22.907,1,24.518,24.466,0,24.518,24.632,0,5.4
26,16.50,42.47,24.632,24.428,1,23.790,23.965,1,22.909,22.808,1,26.088,25.925,0,26.088,26.235,0,5.4
26,16.75,42.28,24.632,24.566,1,23.677,23.749,1,24.393,24.066,0,25.527,25.571,1,25.527,25.807,1,7.2
26,17.00,42.06,24.617,24.724,1,23.555,23.500,1,25.756,25.530,0,24.993,25.062,1,24.993,25.286,1,7.2
26,17.25,41.82,24.587,24.869,1,23.425,23.650,1,25.412,25.234,1,24.484,24.586,1,24.484,24.902,1,9.0
26,17.50,41.55,24.539,24.805,1,23.285,23.482,1,25.074,24.926,1,23.995,24.262,1,23.995,24.518,1,9.0
26,17.75,41.26,24.475,24.374,1,23.133,23.538,1,24.740,24.590,1,23.522,23.635,1,23.522,24.137,1,9.0
26,18.00,40.95,24.393,24.374,1,22.970,23.353,1,24.407,24.276,1,23.062,23.307,1,23.062,23.696,1,9.0
26,18.25,40.62,24.294,24.181,1,24.383,24.508,0,24.074,23.859,1,22.613,22.787,1,22.613,23.133,1,7.2
26,18.50,40.26,24.177,24.235,1,25.664,25.638,0,23.740,23.521,1,24.159,24.461,0,24.159,24.534,0,3.6
26,18.75,39.89,24.041,24.164,1,25.231,25.162,1,23.402,23.446,1,25.547,25.864,0,25.547,25.773,0,5.4
26,19.00,39.50,23.888,23.846,1,24.801,24.638,1,23.061,22.962,1,24.800,25.176,1,24.800,24.858,1,9.0
26,19.25,39.10,23.718,23.742,1,24.373,24.256,1,22.716,22.786,1,24.082,24.575,1,24.082,24.284,1,9.0
26,19.50,38.68,23.530,23.466,1,23.946,23.846,1,23.955,23.891,0,23.389,24.036,1,23.389,23.564,1,7.2
26,19.75,38.25,23.326,23.472,1,23.519,23.540,1,25.074,24.968,0,22.717,23.223,1,22.717,22.855,1,7.2
26,20.00,37.81,23.105,23.178,1,23.091,23.085,1,24.492,24.550,1,24.053,24.630,0,24.053,24.368,0,5.4
26,20.25,37.37,22.868,22.713,1,22.661,22.522,1,23.918,23.927,1,25.241,25.981,0,25.241,25.772,0,5.4
26,20.50,36.91,23.941,23.738,0,23.820,23.706,0,23.354,23.390,1,24.306,25.152,1,24.306,24.855,1,5.4
26,20.75,36.46,24.907,24.935,0,24.858,24.787,0,22.798,22.751,1,23.411,24.095,1,23.411,23.831,1,5.4
26,21.00,36.00,25.774,25.912,0,25.784,25.848,0,23.838,24.051,0,22.553,23.225,1,22.553,22.937,1,3.6
26,21.25,35.54,25.223,25.260,1,25.016,25.100,1,24.771,25.059,0,23.714,24.107,0,23.714,23.953,0,3.6
26,21.50,35.09,24.678,24.532,1,24.271,24.598,1,25.604,25.956,0,24.742,25.054,0,24.742,25.004,0,3.6
26,21.75,34.63,24.140,24.193,1,23.548,23.788,1,24.754,25.112,1,25.648,25.920,0,25.648,25.920,0,5.4
26,22.00,34.19,23.608,23.692,1,22.846,23.135,1,23.933,24.189,1,24.456,24.614,1,24.456,24.727,1,9.0
26,22.25,33.75,23.083,23.122,1,23.754,24.018,0,23.140,23.509,1,23.325,23.417,1,23.325,23.549,1,7.2
26,22.50,33.32,22.565,22.645,1,24.562,24.790,0,22.373,22.659,1,22.252,22.245,1,22.252,22.312,1,7.2
26,22.75,32.90,23.379,23.410,0,25.277,25.620,0,23.221,23.709,0,23.221,23.178,0,23.221,23.317,0,0.0
26,23.00,32.50,24.107,24.214,0,24.319,24.681,1,23.979,24.311,0,24.076,24.121,0,24.076,24.233,0,1.8
26,23.25,32.11,24.757,24.641,0,23.403,23.793,1,24.655,25.009,0,24.829,24.784,0,24.829,24.873,0,1.8
26,23.50,31.74,25.336,25.406,0,22.528,22.958,1,25.255,25.799,0,25.489,25.329,0,25.489,25.476,0,1.8
26,23.75,31.38,24.525,24.500,1,23.283,23.570,0,24.196,24.604,1,24.078,23.932,1,24.078,23.908,1,7.2
27,0.00,31.05,23.746,23.630,1,23.955,24.141,0,23.190,23.681,1,22.756,22.616,1,22.756,22.655,1,7.2
27,0.25,30.74,23.001,22.858,1,24.554,24.609,0,22.233,22.651,1,23.504,23.463,0,23.504,23.531,0,3.6
27,0.50,30.45,22.287,22.320,1,25.086,25.419,0,22.914,23.525,0,24.167,24.129,0,24.167,24.177,0,1.8
27,0.75,30.18,22.929,22.980,0,23.968,24.291,1,23.528,24.017,0,24.753,24.572,0,24.753,24.803,0,1.8
27,1.00,29.94,23.510,23.462,0,22.916,23.184,1,24.079,24.343,0,25.271,25.214,0,25.271,25.165,0,1.8
27,1.25,29.72,24.035,24.249,0,23.516,23.646,0,24.575,24.869,0,23.740,23.678,1,23.740,23.533,1,3.6
27,1.50,29.53,24.510,24.604,0,24.057,24.249,0,25.022,25.234,0,22.321,22.351,1,22.321,22.122,1,3.6
27,1.75,29.37,24.940,24.934,0,24.546,24.735,0,23.835,24.098,1,22.993,23.086,0,22.993,23.014,0,1.8
27,2.00,29.24,25.331,25.225,0,24.988,25.015,0,22.724,23.076,1,23.598,23.611,0,23.598,23.626,0,1.8
27,2.25,29.13,24.362,24.129,1,25.389,25.361,0,23.276,23.531,0,24.145,24.186,0,24.145,24.209,0,1.8
27,2.50,29.06,23.456,23.180,1,24.164,24.055,1,23.782,24.109,0,24.640,24.534,0,24.640,24.674,0,3.6
27,2.75,29.01,22.610,22.331,1,23.028,22.961,1,24.249,24.684,0,25.091,25.047,0,25.091,25.207,0,3.6
27,3.00,29.00,23.147,22.812,0,21.976,21.907,1,24.681,24.909,0,23.516,23.528,1,23.516,23.504,1,5.4
27,3.25,29.01,23.648,23.478,0,22.594,22.503,0,25.083,25.474,0,22.072,22.032,1,22.072,22.038,1,3.6
27,3.50,29.06,24.117,23.771,0,23.169,23.210,0,23.870,24.259,1,22.739,22.796,0,22.739,22.501,0,1.8
27,3.75,29.13,24.558,24.300,0,23.706,23.936,0,22.749,23.291,1,23.356,23.318,0,23.356,23.365,0,1.8
27,4.00,29.24,24.976,24.576,0,24.211,24.289,0,23.306,23.915,0,23.932,23.796,0,23.932,23.950,0,0.0
27,4.25,29.37,25.374,24.958,0,24.688,25.001,0,23.833,24.393,0,24.470,24.525,0,24.470,24.553,0,0.0
27,4.50,29.53,24.430,23.943,1,25.142,25.665,0,24.333,24.856,0,24.978,25.080,0,24.978,25.099,0,1.8
27,4.75,29.72,23.565,23.379,1,23.985,24.282,1,24.811,25.470,0,25.459,25.395,0,25.459,25.470,0,3.6
27,5.00,29.94,22.776,22.401,1,22.931,23.229,1,25.270,25.850,0,23.931,23.917,1,23.931,23.733,1,7.2
27,5.25,30.18,23.384,22.936,0,23.565,23.905,0,24.124,24.742,1,22.549,22.406,1,22.549,22.341,1,5.4
27,5.50,30.45,23.969,23.659,0,24.171,24.607,0,23.079,23.317,1,23.291,23.214,0,23.291,23.020,0,1.8
27,5.75,30.74,24.533,23.982,0,24.754,25.324,0,22.130,22.319,1,23.995,23.989,0,23.995,23.842,0,1.8
27,6.00,31.05,25.079,24.586,0,25.316,25.764,0,22.863,22.952,0,24.667,24.725,0,24.667,24.539,0,0.0
27,6.25,31.38,24.285,23.865,1,24.271,24.589,1,23.566,23.453,0,25.311,25.479,0,25.311,25.138,0,3.6
27,6.50,31.74,23.572,23.313,1,23.331,23.852,1,24.245,24.412,0,23.944,24.052,1,23.944,23.589,1,7.2
27,6.75,32.11,22.935,22.587,1,22.490,23.212,1,24.901,25.034,0,22.720,22.864,1,22.720,22.425,1,7.2
27,7.00,32.50,23.694,23.339,0,23.330,24.097,0,25.538,25.868,0,23.617,23.990,0,23.617,23.391,0,0.0
27,7.25,32.90,24.429,23.915,0,24.138,24.933,0,24.568,24.841,1,24.473,24.753,0,24.473,24.022,0,1.8
27,7.50,33.32,25.141,24.838,0,24.917,25.715,0,23.699,23.951,1,25.293,25.528,0,25.293,24.971,0,1.8
27,7.75,33.75,24.509,24.147,1,25.670,26.503,0,22.922,23.342,1,24.094,24.333,1,24.094,23.883,1,7.2
27,8.00,34.19,23.952,23.328,1,24.808,25.524,1,23.823,23.956,0,23.029,23.258,1,23.029,22.912,1,7.2
27,8.25,34.63,23.464,22.935,1,24.045,24.643,1,24.692,24.927,0,22.089,22.270,1,22.089,21.996,1,7.2
27,8.50,35.09,23.043,22.566,1,23.373,23.705,1,25.530,25.697,0,23.251,23.424,0,23.251,23.115,0,3.6
27,8.75,35.54,22.683,22.231,1,22.786,23.254,1,24.751,24.880,1,24.355,24.509,0,24.355,24.212,0,5.4
27,9.00,36.00,23.705,23.084,0,23.867,24.468,0,24.061,24.154,1,25.406,25.562,0,25.406,25.201,0,1.8
27,9.25,36.46,24.688,23.945,0,24.901,25.330,0,23.454,23.713,1,24.420,24.663,1,24.420,24.090,1,5.4
27,9.50,36.91,25.634,24.862,0,25.892,26.339,0,22.923,23.325,1,23.553,23.718,1,23.553,23.142,1,5.4
27,9.75,37.37,25.220,24.475,1,25.253,25.627,1,24.053,24.664,0,22.795,22.979,1,22.795,22.403,1,7.2
27,10.00,37.81,24.866,24.136,1,24.695,24.939,1,25.133,25.628,0,24.124,24.287,0,24.124,23.842,0,3.6
27,10.25,38.25,24.568,23.684,1,24.211,24.469,1,24.578,25.051,1,25.380,25.487,0,25.380,25.169,0,5.4
27,10.50,38.68,24.321,23.600,1,23.796,23.827,1,24.093,24.529,1,24.579,24.666,1,24.579,24.579,1,9.0
27,10.75,39.10,24.120,23.492,1,23.444,23.587,1,23.673,23.951,1,23.879,24.032,1,23.879,24.001,1,9.0
27,11.00,39.50,23.962,23.500,1,23.148,23.179,1,23.313,23.702,1,23.271,23.288,1,23.271,23.422,1,9.0
27,11.25,39.89,23.842,23.468,1,22.904,22.909,1,23.006,23.284,1,22.744,22.758,1,22.744,22.837,1,9.0
27,11.50,40.26,23.756,23.699,1,24.296,24.463,0,22.749,23.200,1,24.279,24.296,0,24.279,24.367,0,3.6
27,11.75,40.62,23.701,23.693,1,25.610,25.855,0,24.125,24.579,0,25.717,25.625,0,25.717,25.774,0,1.8
27,12.00,40.95,23.674,23.797,1,25.260,25.824,1,25.426,25.777,0,25.076,24.956,1,25.076,25.090,1,7.2
27,12.25,41.26,23.670,23.978,1,24.960,25.496,1,25.067,25.352,1,24.514,24.410,1,24.514,24.538,1,9.0
27,12.50,41.55,23.687,24.004,1,24.705,25.260,1,24.754,25.098,1,24.022,24.023,1,24.022,24.203,1,9.0
27,12.75,41.82,23.721,23.971,1,24.488,24.974,1,24.482,24.750,1,23.593,23.626,1,23.593,23.841,1,9.0
27,13.00,42.06,23.770,24.075,1,24.306,24.740,1,24.248,24.388,1,23.219,23.152,1,23.219,23.343,1,9.0
27,13.25,42.28,23.830,24.009,1,24.154,24.516,1,24.046,24.289,1,22.894,22.905,1,22.894,22.853,1,9.0
27,13.50,42.47,23.900,23.868,1,24.028,24.319,1,23.873,24.176,1,24.599,24.594,0,24.599,24.563,0,5.4
27,13.75,42.63,23.976,23.898,1,23.923,24.288,1,23.723,24.036,1,26.176,26.157,0,26.176,25.999,0,5.4
27,14.00,42.76,24.056,24.008,1,23.836,24.119,1,23.594,23.892,1,25.647,25.479,1,25.647,25.660,1,9.0
27,14.25,42.87,24.138,24.111,1,23.763,24.157,1,23.481,23.829,1,25.170,25.097,1,25.170,25.132,1,9.0
27,14.50,42.94,24.219,24.110,1,23.701,23.889,1,23.382,23.776,1,24.739,24.703,1,24.739,24.766,1,9.0
27,14.75,42.99,24.297,24.074,1,23.648,23.809,1,23.294,23.519,1,24.347,24.151,1,24.347,24.371,1,9.0
27,15.00,43.00,24.372,23.974,1,23.599,24.166,1,23.213,23.470,1,23.988,23.931,1,23.988,24.104,1,9.0
27,15.25,42.99,24.440,24.115,1,23.553,23.930,1,23.136,23.396,1,23.658,23.771,1,23.658,23.669,1,9.0
27,15.50,42.94,24.500,24.356,1,23.507,23.823,1,23.062,23.396,1,23.351,23.391,1,23.351,23.470,1,9.0
27,15.75,42.87,24.550,24.597,1,23.459,23.720,1,22.988,23.300,1,23.063,23.153,1,23.063,23.241,1,9.0
27,16.00,42.76,24.590,24.823,1,23.407,23.630,1,24.502,24.768,0,22.791,22.881,1,22.791,22.990,1,7.2
27,16.25,42.63,24.618,24.635,1,23.348,23.626,1,25.897,26.270,0,24.518,24.616,0,24.518,24.740,0,3.6
27,16.50,42.47,24.632,24.588,1,23.282,23.576,1,25.590,25.914,1,26.088,26.194,0,26.088,26.219,0,5.4
27,16.75,42.28,24.632,24.664,1,23.207,23.619,1,25.291,25.543,1,25.527,25.637,1,25.527,25.764,1,9.0
27,17.00,42.06,24.617,24.623,1,23.121,23.364,1,24.999,25.289,1,24.993,25.074,1,24.993,25.243,1,9.0
27,17.25,41.82,24.587,24.582,1,23.023,23.286,1,24.710,24.961,1,24.484,24.508,1,24.484,24.815,1,9.0
27,17.50,41.55,24.539,24.511,1,22.913,23.236,1,24.423,24.840,1,23.995,23.956,1,23.995,24.278,1,9.0
27,17.75,41.26,24.475,24.461,1,24.379,24.645,0,24.135,24.573,1,23.522,23.388,1,23.522,23.661,1,7.2
27,18.00,40.95,24.393,24.318,1,25.712,25.978,0,23.846,24.303,1,23.062,22.998,1,23.062,23.157,1,7.2
27,18.25,40.62,24.294,23.984,1,25.330,25.646,1,23.553,23.883,1,22.613,22.589,1,22.613,22.691,1,9.0
27,18.50,40.26,24.177,23.765,1,24.950,25.276,1,23.256,23.578,1,24.159,24.220,0,24.159,24.252,0,5.4
27,18.75,39.89,24.041,23.944,1,24.570,24.759,1,22.954,23.477,1,25.547,25.768,0,25.547,25.598,0,5.4
27,19.00,39.50,23.888,23.634,1,24.190,24.306,1,24.235,24.669,0,24.800,25.055,1,24.800,24.911,1,7.2
27,19.25,39.10,23.718,23.574,1,23.808,23.694,1,25.395,25.562,0,24.082,24.328,1,24.082,24.321,1,7.2
27,19.50,38.68,23.530,23.421,1,23.423,23.546,1,24.852,24.875,1,23.389,23.618,1,23.389,23.728,1,9.0
27,19.75,38.25,23.326,23.247,1,23.035,23.313,1,24.316,24.444,1,22.717,22.895,1,22.717,22.993,1,9.0
27,20.00,37.81,23.105,22.851,1,22.643,22.903,1,23.788,24.124,1,24.053,24.060,0,24.053,24.289,0,5.4
27,20.25,37.37,22.868,22.786,1,23.838,24.108,0,23.266,23.370,1,25.241,25.239,0,25.241,25.511,0,3.6
27,20.50,36.91,23.941,23.895,0,24.908,25.117,0,22.748,22.846,1,24.306,24.440,1,24.306,24.458,1,5.4
27,20.75,36.46,24.907,25.089,0,25.865,25.984,0,23.825,23.920,0,23.411,23.520,1,23.411,23.639,1,3.6
27,21.00,36.00,25.774,26.120,0,25.125,25.217,1,24.792,24.671,0,22.553,22.610,1,22.553,22.597,1,5.4
27,21.25,35.54,25.223,25.265,1,24.406,24.439,1,25.656,25.514,0,23.714,23.749,0,23.714,23.585,0,3.6
27,21.50,35.09,24.678,24.798,1,23.707,23.942,1,24.835,24.667,1,24.742,24.940,0,24.742,24.455,0,5.4
27,21.75,34.63,24.140,24.364,1,23.027,23.333,1,24.040,23.895,1,25.648,25.840,0,25.648,25.408,0,5.4
27,22.00,34.19,23.608,23.677,1,22.364,22.471,1,23.271,23.252,1,24.456,24.679,1,24.456,24.289,1,9.0
27,22.25,33.75,23.083,23.104,1,23.308,23.295,0,22.526,22.406,1,23.325,23.391,1,23.325,23.077,1,7.2
27,22.50,33.32,22.565,22.668,1,24.149,24.198,0,23.393,23.256,0,22.252,22.460,1,22.252,21.969,1,5.4
27,22.75,32.90,23.379,23.495,0,24.895,25.151,0,24.168,24.250,0,23.221,23.545,0,23.221,23.114,0,0.0
27,23.00,32.50,24.107,24.089,0,25.556,25.748,0,24.858,24.859,0,24.076,24.509,0,24.076,23.840,0,0.0
27,23.25,32.11,24.757,24.682,0,24.547,24.646,1,25.470,25.381,0,24.829,25.134,0,24.829,24.793,0,1.8
27,23.50,31.74,25.336,25.376,0,23.587,23.697,1,24.421,24.206,1,25.489,25.714,0,25.489,25.483,0,3.6
27,23.75,31.38,24.525,24.530,1,22.672,22.757,1,23.423,23.170,1,24.078,24.313,1,24.078,24.088,1,9.0
28,0.00,31.05,23.746,23.846,1,23.390,23.588,0,22.472,22.322,1,22.756,22.942,1,22.756,22.773,1,7.2
28,0.25,30.74,23.001,22.729,1,24.031,24.143,0,23.157,23.121,0,23.504,23.672,0,23.504,23.398,0,1.8
28,0.50,30.45,22.287,21.884,1,24.602,24.661,0,23.772,23.668,0,24.167,24.243,0,24.167,24.181,0,1.8
28,0.75,30.18,22.929,22.775,0,25.110,25.216,0,24.323,24.116,0,24.753,24.980,0,24.753,24.918,0,0.0
28,1.00,29.94,23.510,23.364,0,23.973,24.158,1,24.817,24.542,0,25.271,25.378,0,25.271,25.610,0,1.8
28,1.25,29.72,24.035,23.988,0,22.904,23.076,1,25.260,25.046,0,23.740,23.851,1,23.740,24.120,1,5.4
28,1.50,29.53,24.510,24.624,0,23.491,23.848,0,24.068,23.775,1,22.321,22.420,1,22.321,22.668,1,5.4
28,1.75,29.37,24.940,24.842,0,24.022,24.550,0,22.950,22.709,1,22.993,22.939,0,22.993,23.313,0,1.8
28,2.00,29.24,25.331,25.187,0,24.503,24.832,0,23.493,23.423,0,23.598,23.581,0,23.598,23.921,0,0.0
28,2.25,29.13,24.362,24.405,1,24.941,25.426,0,23.989,23.934,0,24.145,24.050,0,24.145,24.387,0,1.8
28,2.50,29.06,23.456,23.560,1,25.339,25.733,0,24.444,24.427,0,24.640,24.670,0,24.640,25.007,0,1.8
28,2.75,29.01,22.610,22.590,1,24.115,24.439,1,24.863,24.989,0,25.091,25.062,0,25.091,25.417,0,3.6
28,3.00,29.00,23.147,23.185,0,22.982,23.432,1,25.251,25.314,0,23.516,23.563,1,23.516,23.806,1,5.4
28,3.25,29.01,23.648,23.750,0,23.524,23.923,0,24.022,24.105,1,22.072,22.004,1,22.072,22.241,1,5.4
28,3.50,29.06,24.117,24.071,0,24.029,24.379,0,22.885,22.973,1,22.739,22.703,0,22.739,22.949,0,1.8
28,3.75,29.13,24.558,24.307,0,24.502,24.875,0,23.425,23.450,0,23.356,23.180,0,23.356,23.471,0,0.0
28,4.00,29.24,24.976,24.851,0,24.947,25.124,0,23.933,24.114,0,23.932,23.658,0,23.932,24.013,0,0.0
28,4.25,29.37,25.374,25.295,0,25.369,25.417,0,24.415,24.473,0,24.470,24.278,0,24.470,24.490,0,0.0
28,4.50,29.53,24.430,24.243,1,24.181,24.217,1,24.873,24.941,0,24.978,24.865,0,24.978,24.934,0,3.6
28,4.75,29.72,23.565,23.535,1,23.097,23.093,1,25.312,25.196,0,25.459,25.265,0,25.459,25.447,0,3.6
28,5.00,29.94,22.776,22.756,1,22.110,21.832,1,24.145,23.889,1,23.931,23.773,1,23.931,23.964,1,9.0
28,5.25,30.18,23.384,23.174,0,22.805,22.600,0,23.080,22.832,1,22.549,22.408,1,22.549,22.580,1,5.4
28,5.50,30.45,23.969,23.822,0,23.468,23.291,0,22.110,21.977,1,23.291,23.169,0,23.291,23.432,0,1.8
28,5.75,30.74,24.533,24.400,0,24.104,23.903,0,22.821,22.416,0,23.995,23.961,0,23.995,24.180,0,0.0
28,6.00,31.05,25.079,24.741,0,24.715,24.276,0,23.504,23.133,0,24.667,24.544,0,24.667,24.805,0,0.0
28,6.25,31.38,24.285,24.174,1,25.305,24.901,0,24.161,23.856,0,25.311,25.239,0,25.311,25.475,0,1.8
28,6.50,31.74,23.572,23.170,1,24.287,23.999,1,24.797,24.772,0,23.944,23.857,1,23.944,24.199,1,7.2
28,6.75,32.11,22.935,22.705,1,23.374,23.322,1,25.414,25.332,0,22.720,22.804,1,22.720,22.784,1,7.2
28,7.00,32.50,23.694,23.518,0,22.559,22.565,1,24.424,24.331,1,23.617,23.588,0,23.617,23.797,0,3.6
28,7.25,32.90,24.429,24.134,0,23.424,23.426,0,23.534,23.475,1,24.473,24.415,0,24.473,24.620,0,1.8
28,7.50,33.32,25.141,24.842,0,24.257,24.179,0,22.739,22.597,1,25.293,25.297,0,25.293,25.534,0,1.8
28,7.75,33.75,24.509,24.273,1,25.059,24.915,0,23.622,23.509,0,24.094,24.301,1,24.094,24.329,1,5.4
28,8.00,34.19,23.952,23.550,1,24.243,23.856,1,24.473,24.498,0,23.029,23.110,1,23.029,23.227,1,7.2
28,8.25,34.63,23.464,23.013,1,23.523,23.155,1,25.294,25.485,0,22.089,22.222,1,22.089,22.251,1,7.2
28,8.50,35.09,23.043,22.546,1,22.890,22.352,1,24.499,24.705,1,23.251,23.370,0,23.251,23.207,0,5.4
28,8.75,35.54,22.683,22.132,1,23.929,23.268,0,23.794,23.916,1,24.355,24.502,0,24.355,24.155,0,3.6
28,9.00,36.00,23.705,23.204,0,24.924,24.229,0,23.173,23.375,1,25.406,25.586,0,25.406,25.282,0,1.8
28,9.25,36.46,24.688,24.084,0,25.879,25.069,0,22.630,22.986,1,24.420,24.565,1,24.420,24.180,1,5.4
28,9.50,36.91,25.634,25.007,0,25.207,24.635,1,23.748,23.944,0,23.553,23.753,1,23.553,23.129,1,5.4
28,9.75,37.37,25.220,24.935,1,24.619,24.112,1,24.819,24.931,0,22.795,22.881,1,22.795,22.220,1,7.2
28,10.00,37.81,24.866,24.548,1,24.108,23.541,1,25.844,25.992,0,24.124,24.192,0,24.124,23.605,0,3.6
28,10.25,38.25,24.568,24.355,1,23.669,23.314,1,25.237,25.296,1,25.380,25.327,0,25.380,24.952,0,5.4
28,10.50,38.68,24.321,24.009,1,23.295,22.743,1,24.705,24.618,1,24.579,24.710,1,24.579,24.252,1,9.0
28,10.75,39.10,24.120,23.831,1,22.980,22.390,1,24.241,24.297,1,23.879,23.991,1,23.879,23.381,1,9.0
28,11.00,39.50,23.962,23.369,1,24.309,23.628,0,23.840,23.946,1,23.271,23.198,1,23.271,22.667,1,7.2
28,11.25,39.89,23.842,23.461,1,25.567,25.227,0,23.495,23.355,1,22.744,22.568,1,22.744,22.167,1,7.2
28,11.50,40.26,23.756,23.321,1,25.169,24.820,1,23.203,22.819,1,24.279,24.049,0,24.279,23.749,0,5.4
28,11.75,40.62,23.701,23.105,1,24.828,24.547,1,22.956,22.483,1,25.717,25.426,0,25.717,25.417,0,5.4
28,12.00,40.95,23.674,22.915,1,24.537,24.489,1,24.342,23.709,0,25.076,24.789,1,25.076,24.825,1,7.2
28,12.25,41.26,23.670,23.110,1,24.291,24.078,1,25.650,25.184,0,24.514,24.363,1,24.514,24.381,1,7.2
28,12.50,41.55,23.687,22.938,1,24.086,23.960,1,25.295,24.933,1,24.022,23.849,1,24.022,24.088,1,9.0
28,12.75,41.82,23.721,23.048,1,23.916,23.745,1,24.985,24.658,1,23.593,23.460,1,23.593,23.684,1,9.0
28,13.00,42.06,23.770,23.260,1,23.777,23.595,1,24.715,24.244,1,23.219,23.199,1,23.219,23.256,1,9.0
28,13.25,42.28,23.830,23.355,1,23.665,23.511,1,24.479,24.033,1,22.894,22.924,1,22.894,22.937,1,9.0
28,13.50,42.47,23.900,23.564,1,23.575,23.631,1,24.274,23.951,1,24.599,24.657,0,24.599,24.742,0,5.4
28,13.75,42.63,23.976,23.631,1,23.504,23.477,1,24.096,23.895,1,26.176,26.203,0,26.176,26.222,0,5.4
28,14.00,42.76,24.056,23.675,1,23.448,23.478,1,23.940,23.622,1,25.647,25.726,1,25.647,25.545,1,9.0
28,14.25,42.87,24.138,23.820,1,23.404,23.568,1,23.802,23.551,1,25.170,25.324,1,25.170,25.096,1,9.0
28,14.50,42.94,24.219,24.139,1,23.370,23.554,1,23.680,23.526,1,24.739,24.805,1,24.739,24.626,1,9.0
28,14.75,42.99,24.297,24.211,1,23.341,23.443,1,23.570,23.285,1,24.347,24.254,1,24.347,24.470,1,9.0
28,15.00,43.00,24.372,24.262,1,23.315,23.409,1,23.469,23.340,1,23.988,23.932,1,23.988,24.197,1,9.0
28,15.25,42.99,24.440,24.255,1,23.290,23.326,1,23.374,23.245,1,23.658,23.583,1,23.658,23.682,1,9.0
28,15.50,42.94,24.500,24.465,1,23.264,23.233,1,23.283,23.166,1,23.351,23.212,1,23.351,23.401,1,9.0
28,15.75,42.87,24.550,24.516,1,23.234,23.128,1,23.193,23.270,1,23.063,22.979,1,23.063,23.050,1,9.0
28,16.00,42.76,24.590,24.542,1,23.199,23.113,1,23.102,23.328,1,22.791,22.853,1,22.791,22.826,1,9.0
28,16.25,42.63,24.618,24.264,1,23.156,22.943,1,23.008,23.257,1,24.518,24.430,0,24.518,24.586,0,5.4
28,16.50,42.47,24.632,24.079,1,23.104,23.092,1,22.909,23.113,1,26.088,25.984,0,26.088,26.011,0,5.4
28,16.75,42.28,24.632,24.028,1,23.042,22.769,1,24.393,24.591,0,25.527,25.417,1,25.527,25.517,1,7.2
28,17.00,42.06,24.617,24.043,1,22.969,22.829,1,25.756,25.984,0,24.993,24.930,1,24.993,25.021,1,7.2
28,17.25,41.82,24.587,23.993,1,24.473,24.334,0,25.412,25.619,1,24.484,24.455,1,24.484,24.322,1,7.2
28,17.50,41.55,24.539,24.197,1,25.844,25.601,0,25.074,25.329,1,23.995,23.986,1,23.995,23.764,1,7.2
28,17.75,41.26,24.475,24.340,1,25.500,25.331,1,24.740,24.902,1,23.522,23.374,1,23.522,23.369,1,9.0
28,18.00,40.95,24.393,24.325,1,25.159,24.977,1,24.407,24.672,1,23.062,23.050,1,23.062,23.052,1,9.0
28,18.25,40.62,24.294,24.175,1,24.818,24.547,1,24.074,24.354,1,22.613,22.595,1,22.613,22.584,1,9.0
28,18.50,40.26,24.177,23.865,1,24.476,24.202,1,23.740,23.956,1,24.159,24.109,0,24.159,24.049,0,5.4
28,18.75,39.89,24.041,23.779,1,24.132,23.766,1,23.402,23.555,1,25.547,25.570,0,25.547,25.480,0,5.4
28,19.00,39.50,23.888,23.773,1,23.785,23.419,1,23.061,22.992,1,24.800,24.947,1,24.800,24.918,1,9.0
28,19.25,39.10,23.718,23.461,1,23.433,23.156,1,22.716,22.700,1,24.082,24.086,1,24.082,24.122,1,9.0
28,19.50,38.68,23.530,22.870,1,23.077,22.964,1,23.955,23.879,0,23.389,23.446,1,23.389,23.594,1,7.2
28,19.75,38.25,23.326,22.829,1,22.715,22.663,1,25.074,25.113,0,22.717,22.704,1,22.717,22.874,1,7.2
28,20.00,37.81,23.105,22.701,1,23.937,23.943,0,24.492,24.521,1,24.053,24.027,0,24.053,24.365,0,3.6
28,20.25,37.37,22.868,22.592,1,25.034,25.176,0,23.918,24.054,1,25.241,25.207,0,25.241,25.515,0,3.6
28,20.50,36.91,23.941,23.747,0,24.425,24.508,1,23.354,23.674,1,24.306,24.185,1,24.306,24.574,1,7.2
28,20.75,36.46,24.907,24.649,0,23.828,23.764,1,22.798,23.106,1,23.411,23.379,1,23.411,23.713,1,7.2
28,21.00,36.00,25.774,25.429,0,23.240,23.070,1,23.838,24.137,0,22.553,22.472,1,22.553,22.911,1,5.4
28,21.25,35.54,25.223,25.028,1,22.663,22.540,1,24.771,25.007,0,23.714,23.360,0,23.714,24.011,0,3.6
28,21.50,35.09,24.678,24.409,1,23.685,23.536,0,25.604,25.821,0,24.742,24.240,0,24.742,24.961,0,1.8
28,21.75,34.63,24.140,23.972,1,24.596,24.459,0,24.754,24.989,1,25.648,25.020,0,25.648,25.933,0,3.6
28,22.00,34.19,23.608,23.463,1,25.405,25.254,0,23.933,24.021,1,24.456,23.694,1,24.456,24.601,1,7.2
28,22.25,33.75,23.083,23.070,1,24.531,24.531,1,23.140,23.079,1,23.325,22.732,1,23.325,23.560,1,9.0
28,22.50,33.32,22.565,22.624,1,23.691,23.443,1,22.373,22.203,1,22.252,21.591,1,22.252,22.541,1,9.0
28,22.75,32.90,23.379,23.584,0,22.882,22.609,1,23.221,23.258,0,23.221,22.604,0,23.221,23.492,0,1.8
28,23.00,32.50,24.107,24.344,0,23.693,23.469,0,23.979,24.062,0,24.076,23.487,0,24.076,24.257,0,0.0
28,23.25,32.11,24.757,24.870,0,24.414,24.106,0,24.655,24.808,0,24.829,24.374,0,24.829,24.773,0,0.0
28,23.50,31.74,25.336,25.382,0,25.054,24.918,0,25.255,25.347,0,25.489,25.152,0,25.489,25.557,0,0.0
28,23.75,31.38,24.525,24.515,1,24.028,23.720,1,24.196,24.430,1,24.078,23.719,1,24.078,23.990,1,9.0
29,0.00,31.05,23.746,23.901,1,23.055,22.701,1,23.190,23.321,1,22.756,22.326,1,22.756,22.632,1,9.0
29,0.25,30.74,23.001,23.151,1,22.131,21.701,1,22.233,22.358,1,23.504,22.983,0,23.504,23.377,0,5.4
29,0.50,30.45,22.287,22.421,1,22.845,22.554,0,22.914,23.015,0,24.167,23.776,0,24.167,23.962,0,1.8
29,0.75,30.18,22.929,23.040,0,23.485,23.444,0,23.528,23.480,0,24.753,24.320,0,24.753,24.529,0,0.0
29,1.00,29.94,23.510,23.522,0,24.059,24.236,0,24.079,23.920,0,25.271,24.870,0,25.271,25.060,0,0.0
29,1.25,29.72,24.035,24.187,0,24.574,24.620,0,24.575,24.269,0,23.740,23.421,1,23.740,23.514,1,3.6
29,1.50,29.53,24.510,24.661,0,25.036,24.976,0,25.022,24.706,0,22.321,21.949,1,22.321,22.029,1,3.6
29,1.75,29.37,24.940,25.044,0,23.861,23.855,1,23.835,23.407,1,22.993,22.729,0,22.993,22.878,0,3.6
29,2.00,29.24,25.331,25.562,0,22.764,22.637,1,22.724,22.394,1,23.598,23.524,0,23.598,23.527,0,3.6
29,2.25,29.13,24.362,24.495,1,23.332,23.132,0,23.276,22.873,0,24.145,24.081,0,24.145,24.202,0,1.8
29,2.50,29.06,23.456,23.553,1,23.852,23.828,0,23.782,23.357,0,24.640,24.570,0,24.640,24.629,0,1.8
29,2.75,29.01,22.610,22.634,1,24.329,24.526,0,24.249,23.823,0,25.091,25.036,0,25.091,25.080,0,1.8
29,3.00,29.00,23.147,23.287,0,24.769,25.211,0,24.681,24.410,0,23.516,23.420,1,23.516,23.644,1,3.6
29,3.25,29.01,23.648,23.763,0,25.178,25.548,0,25.083,24.984,0,22.072,21.996,1,22.072,22.220,1,3.6
29,3.50,29.06,24.117,23.877,0,23.969,24.454,1,23.870,23.674,1,22.739,22.608,0,22.739,22.831,0,3.6
29,3.75,29.13,24.558,24.387,0,22.856,23.341,1,22.749,22.670,1,23.356,23.249,0,23.356,23.407,0,3.6
29,4.00,29.24,24.976,24.884,0,23.425,23.781,0,23.306,23.149,0,23.932,23.812,0,23.932,24.027,0,0.0
29,4.25,29.37,25.374,24.990,0,23.961,24.249,0,23.833,23.621,0,24.470,24.459,0,24.470,24.471,0,0.0
29,4.50,29.53,24.430,24.207,1,24.469,24.735,0,24.333,24.078,0,24.978,24.914,0,24.978,24.910,0,1.8
29,4.75,29.72,23.565,23.406,1,24.953,25.076,0,24.811,24.482,0,25.459,25.389,0,25.459,25.530,0,1.8
29,5.00,29.94,22.776,22.675,1,25.417,25.468,0,25.270,24.880,0,23.931,23.840,1,23.931,24.031,1,5.4
29,5.25,30.18,23.384,23.534,0,24.274,24.358,1,24.124,23.705,1,22.549,22.290,1,22.549,22.465,1,7.2
29,5.50,30.45,23.969,24.289,0,23.237,23.421,1,23.079,22.791,1,23.291,23.047,0,23.291,23.168,0,3.6
29,5.75,30.74,24.533,24.826,0,22.299,22.514,1,22.130,21.805,1,23.995,23.720,0,23.995,23.901,0,3.6
29,6.00,31.05,25.079,25.387,0,23.046,23.315,0,22.863,22.635,0,24.667,24.464,0,24.667,24.533,0,0.0
29,6.25,31.38,24.285,24.729,1,23.761,23.906,0,23.566,23.296,0,25.311,25.138,0,25.311,25.237,0,1.8
29,6.50,31.74,23.572,24.157,1,24.449,24.675,0,24.245,23.827,0,23.944,23.844,1,23.944,23.769,1,5.4
29,6.75,32.11,22.935,23.585,1,25.114,25.205,0,24.901,24.622,0,22.720,22.603,1,22.720,22.777,1,5.4
29,7.00,32.50,23.694,24.041,0,24.168,24.262,1,25.538,25.188,0,23.617,23.499,0,23.617,23.524,0,1.8
29,7.25,32.90,24.429,24.742,0,23.323,23.495,1,24.568,24.122,1,24.473,24.263,0,24.473,24.506,0,3.6
29,7.50,33.32,25.141,25.255,0,22.573,22.616,1,23.699,23.153,1,25.293,25.221,0,25.293,25.347,0,3.6
29,7.75,33.75,24.509,24.724,1,23.501,23.463,0,22.922,22.480,1,24.094,24.011,1,24.094,24.215,1,7.2
29,8.00,34.19,23.952,24.022,1,24.393,24.278,0,23.823,23.687,0,23.029,22.989,1,23.029,23.144,1,5.4
29,8.25,34.63,23.464,23.737,1,25.251,24.938,0,24.692,24.629,0,22.089,21.985,1,22.089,22.255,1,5.4
29,8.50,35.09,23.043,23.173,1,24.489,24.303,1,25.530,25.434,0,23.251,22.950,0,23.251,23.468,0,3.6
29,8.75,35.54,22.683,22.855,1,23.818,23.667,1,24.751,24.772,1,24.355,24.194,0,24.355,24.548,0,5.4
29,9.00,36.00,23.705,23.990,0,23.231,23.304,1,24.061,23.986,1,25.406,25.158,0,25.406,25.654,0,3.6
29,9.25,36.46,24.688,24.701,0,22.723,22.904,1,23.454,23.372,1,24.420,24.200,1,24.420,24.598,1,7.2
29,9.50,36.91,25.634,25.697,0,23.878,24.013,0,22.923,22.837,1,23.553,23.326,1,23.553,23.927,1,5.4
29,9.75,37.37,25.220,25.427,1,24.979,25.004,0,24.053,24.003,0,22.795,22.640,1,22.795,23.066,1,5.4
29,10.00,37.81,24.866,25.137,1,26.032,26.009,0,25.133,25.036,0,24.124,24.092,0,24.124,24.373,0,1.8
29,10.25,38.25,24.568,24.871,1,25.448,25.597,1,24.578,24.544,1,25.380,25.401,0,25.380,25.350,0,5.4
29,10.50,38.68,24.321,24.671,1,24.940,25.047,1,24.093,23.804,1,24.579,24.531,1,24.579,24.613,1,9.0
29,10.75,39.10,24.120,24.375,1,24.502,24.626,1,23.673,23.343,1,23.879,23.828,1,23.879,23.872,1,9.0
29,11.00,39.50,23.962,24.391,1,24.127,24.373,1,23.313,23.041,1,23.271,23.268,1,23.271,23.092,1,9.0
29,11.25,39.89,23.842,24.281,1,23.809,24.019,1,23.006,22.697,1,22.744,22.808,1,22.744,22.551,1,9.0
29,11.50,40.26,23.756,24.417,1,23.543,23.745,1,22.749,22.485,1,24.279,24.222,0,24.279,24.228,0,5.4
29,11.75,40.62,23.701,24.317,1,23.323,23.567,1,24.125,23.909,0,25.717,25.719,0,25.717,25.689,0,3.6
29,12.00,40.95,23.674,24.409,1,23.145,23.544,1,25.426,25.307,0,25.076,24.970,1,25.076,25.037,1,7.2
29,12.25,41.26,23.670,24.431,1,23.004,23.389,1,25.067,25.008,1,24.514,24.420,1,24.514,24.628,1,9.0
29,12.50,41.55,23.687,24.374,1,22.895,23.196,1,24.754,24.698,1,24.022,23.940,1,24.022,23.943,1,9.0
29,12.75,41.82,23.721,24.398,1,24.405,24.622,0,24.482,24.330,1,23.593,23.425,1,23.593,23.495,1,7.2
29,13.00,42.06,23.770,24.038,1,25.819,25.966,0,24.248,24.210,1,23.219,23.036,1,23.219,23.000,1,7.2
29,13.25,42.28,23.830,23.939,1,25.553,25.684,1,24.046,23.823,1,22.894,22.632,1,22.894,22.681,1,9.0
29,13.50,42.47,23.900,23.839,1,25.322,25.437,1,23.873,23.698,1,24.599,24.302,0,24.599,24.326,0,5.4
29,13.75,42.63,23.976,23.845,1,25.120,25.174,1,23.723,23.713,1,26.176,25.830,0,26.176,25.984,0,5.4
29,14.00,42.76,24.056,23.856,1,24.943,25.067,1,23.594,23.591,1,25.647,25.352,1,25.647,25.336,1,9.0
29,14.25,42.87,24.138,24.034,1,24.787,25.046,1,23.481,23.660,1,25.170,24.944,1,25.170,24.722,1,9.0
29,14.50,42.94,24.219,24.057,1,24.649,24.798,1,23.382,23.544,1,24.739,24.553,1,24.739,24.352,1,9.0
29,14.75,42.99,24.297,24.296,1,24.524,24.522,1,23.294,23.450,1,24.347,23.986,1,24.347,24.045,1,9.0
29,15.00,43.00,24.372,24.234,1,24.410,24.437,1,23.213,23.614,1,23.988,23.737,1,23.988,23.906,1,9.0
29,15.25,42.99,24.440,24.131,1,24.303,24.316,1,23.136,23.534,1,23.658,23.339,1,23.658,23.606,1,9.0
29,15.50,42.94,24.500,24.140,1,24.201,24.106,1,23.062,23.333,1,23.351,23.012,1,23.351,23.186,1,9.0
29,15.75,42.87,24.550,24.214,1,24.100,24.240,1,22.988,23.140,1,23.063,22.670,1,23.063,22.927,1,9.0
29,16.00,42.76,24.590,24.394,1,24.000,24.384,1,24.502,24.816,0,22.791,22.695,1,22.791,22.769,1,7.2
29,16.25,42.63,24.618,24.610,1,23.897,24.240,1,25.897,26.205,0,24.518,24.454,0,24.518,24.622,0,3.6
29,16.50,42.47,24.632,24.761,1,23.790,24.117,1,25.590,25.905,1,26.088,25.929,0,26.088,26.121,0,5.4
29,16.75,42.28,24.632,24.672,1,23.677,24.110,1,25.291,25.618,1,25.527,25.457,1,25.527,25.634,1,9.0
29,17.00,42.06,24.617,24.424,1,23.555,23.962,1,24.999,25.485,1,24.993,24.968,1,24.993,25.072,1,9.0
29,17.25,41.82,24.587,24.240,1,23.425,24.084,1,24.710,25.269,1,24.484,24.547,1,24.484,24.513,1,9.0
29,17.50,41.55,24.539,24.150,1,23.285,23.766,1,24.423,24.911,1,23.995,23.977,1,23.995,24.167,1,9.0
29,17.75,41.26,24.475,24.358,1,23.133,23.667,1,24.135,24.636,1,23.522,23.484,1,23.522,23.695,1,9.0
29,18.00,40.95,24.393,24.179,1,22.970,23.735,1,23.846,24.347,1,23.062,23.145,1,23.062,23.048,1,9.0
29,18.25,40.62,24.294,24.226,1,24.383,25.161,0,23.553,24.121,1,22.613,22.680,1,22.613,22.833,1,7.2
29,18.50,40.26,24.177,24.165,1,25.664,26.364,0,23.256,23.823,1,24.159,24.161,0,24.159,24.319,0,3.6
29,18.75,39.89,24.041,24.037,1,25.231,25.524,1,22.954,23.527,1,25.547,25.648,0,25.547,25.635,0,5.4
29,19.00,39.50,23.888,24.016,1,24.801,25.130,1,24.235,24.878,0,24.800,24.813,1,24.800,25.082,1,7.2
29,19.25,39.10,23.718,23.799,1,24.373,24.760,1,25.395,25.949,0,24.082,23.906,1,24.082,24.257,1,7.2
29,19.50,38.68,23.530,23.650,1,23.946,24.194,1,24.852,25.280,1,23.389,23.129,1,23.389,23.448,1,9.0
29,19.75,38.25,23.326,23.211,1,23.519,23.585,1,24.316,24.610,1,22.717,22.542,1,22.717,22.600,1,9.0
29,20.00,37.81,23.105,23.008,1,23.091,23.375,1,23.788,23.970,1,24.053,23.925,0,24.053,24.029,0,5.4
29,20.25,37.37,22.868,22.739,1,22.661,23.288,1,23.266,23.370,1,25.241,25.248,0,25.241,25.264,0,5.4
29,20.50,36.91,23.941,23.859,0,23.820,24.295,0,22.748,22.906,1,24.306,24.204,1,24.306,24.369,1,5.4
29,20.75,36.46,24.907,24.754,0,24.858,25.416,0,23.825,23.933,0,23.411,23.344,1,23.411,23.507,1,3.6
29,21.00,36.00,25.774,25.512,0,25.784,26.256,0,24.792,24.884,0,22.553,22.392,1,22.553,22.617,1,3.6
29,21.25,35.54,25.223,25.036,1,25.016,25.513,1,25.656,25.849,0,23.714,23.602,0,23.714,23.755,0,3.6
29,21.50,35.09,24.678,24.399,1,24.271,24.955,1,24.835,24.817,1,24.742,24.710,0,24.742,24.847,0,5.4
29,21.75,34.63,24.140,24.015,1,23.548,24.446,1,24.040,24.076,1,25.648,25.671,0,25.648,25.794,0,5.4
29,22.00,34.19,23.608,23.610,1,22.846,23.556,1,23.271,23.449,1,24.456,24.443,1,24.456,24.418,1,9.0
29,22.25,33.75,23.083,23.232,1,23.754,24.355,0,22.526,22.837,1,23.325,23.342,1,23.325,23.344,1,7.2
29,22.50,33.32,22.565,22.637,1,24.562,25.207,0,23.393,23.714,0,22.252,22.288,1,22.252,22.273,1,5.4
29,22.75,32.90,23.379,23.427,0,25.277,25.721,0,24.168,24.423,0,23.221,23.465,0,23.221,23.392,0,0.0
29,23.00,32.50,24.107,24.220,0,24.319,24.553,1,24.858,25.095,0,24.076,24.296,0,24.076,24.255,0,1.8
29,23.25,32.11,24.757,24.924,0,23.403,23.730,1,25.470,25.672,0,24.829,24.956,0,24.829,24.810,0,1.8
29,23.50,31.74,25.336,25.376,0,22.528,22.947,1,24.421,24.835,1,25.489,25.655,0,25.489,25.458,0,3.6
29,23.75,31.38,24.525,24.594,1,23.283,23.344,0,23.423,23.627,1,24.078,24.093,1,24.078,23.922,1,7.2
30,0.00,31.05,23.746,23.838,1,23.955,24.080,0,22.472,22.378,1,22.756,22.962,1,22.756,22.725,1,7.2
30,0.25,30.74,23.001,23.197,1,24.554,24.555,0,23.157,22.980,0,23.504,23.728,0,23.504,23.402,0,1.8
30,0.50,30.45,22.287,22.633,1,25.086,25.153,0,23.772,23.603,0,24.167,24.506,0,24.167,24.060,0,1.8
30,0.75,30.18,22.929,23.183,0,23.968,23.882,1,24.323,24.064,0,24.753,25.242,0,24.753,24.698,0,1.8
30,1.00,29.94,23.510,23.632,0,22.916,22.676,1,24.817,24.623,0,25.271,25.627,0,25.271,25.134,0,1.8
30,1.25,29.72,24.035,24.138,0,23.516,23.267,0,25.260,24.975,0,23.740,24.085,1,23.740,23.546,1,3.6
30,1.50,29.53,24.510,24.719,0,24.057,23.823,0,24.068,23.773,1,22.321,22.694,1,22.321,22.182,1,5.4
30,1.75,29.37,24.940,25.191,0,24.546,24.477,0,22.950,22.756,1,22.993,23.363,0,22.993,22.901,0,1.8
30,2.00,29.24,25.331,25.484,0,24.988,24.948,0,23.493,23.492,0,23.598,24.004,0,23.598,23.463,0,0.0
30,2.25,29.13,24.362,24.336,1,25.389,25.327,0,23.989,23.870,0,24.145,24.609,0,24.145,24.128,0,1.8
30,2.50,29.06,23.456,23.592,1,24.164,24.054,1,24.444,24.110,0,24.640,24.940,0,24.640,24.655,0,3.6
30,2.75,29.01,22.610,22.881,1,23.028,22.999,1,24.863,24.576,0,25.091,25.374,0,25.091,25.140,0,3.6
30,3.00,29.00,23.147,23.651,0,21.976,21.996,1,25.251,24.992,0,23.516,23.832,1,23.516,23.407,1,5.4
30,3.25,29.01,23.648,24.104,0,22.594,22.459,0,24.022,23.896,1,22.072,22.334,1,22.072,22.024,1,5.4
30,3.50,29.06,24.117,24.364,0,23.169,23.329,0,22.885,22.684,1,22.739,23.013,0,22.739,22.812,0,1.8
30,3.75,29.13,24.558,24.692,0,23.706,23.846,0,23.425,23.231,0,23.356,23.653,0,23.356,23.168,0,0.0
30,4.00,29.24,24.976,24.961,0,24.211,24.408,0,23.933,23.823,0,23.932,24.194,0,23.932,23.820,0,0.0
30,4.25,29.37,25.374,25.294,0,24.688,24.622,0,24.415,24.143,0,24.470,24.835,0,24.470,24.278,0,0.0
30,4.50,29.53,24.430,24.156,1,25.142,25.186,0,24.873,24.507,0,24.978,25.195,0,24.978,24.836,0,1.8
30,4.75,29.72,23.565,23.195,1,23.985,24.165,1,25.312,24.985,0,25.459,25.705,0,25.459,25.222,0,3.6
30,5.00,29.94,22.776,22.472,1,22.931,23.200,1,24.145,23.750,1,23.931,24.021,1,23.931,23.589,1,9.0
30,5.25,30.18,23.384,23.106,0,23.565,24.105,0,23.080,22.494,1,22.549,22.530,1,22.549,22.148,1,5.4
30,5.50,30.45,23.969,23.415,0,24.171,24.776,0,22.110,21.622,1,23.291,23.173,0,23.291,22.904,0,1.8
30,5.75,30.74,24.533,23.867,0,24.754,25.099,0,22.821,22.336,0,23.995,23.972,0,23.995,23.673,0,0.0
30,6.00,31.05,25.079,24.321,0,25.316,25.721,0,23.504,23.100,0,24.667,24.541,0,24.667,24.551,0,0.0
30,6.25,31.38,24.285,23.388,1,24.271,24.779,1,24.161,23.718,0,25.311,25.208,0,25.311,25.297,0,3.6
30,6.50,31.74,23.572,22.640,1,23.331,23.716,1,24.797,24.347,0,23.944,23.984,1,23.944,24.004,1,7.2
30,6.75,32.11,22.935,22.120,1,22.490,22.913,1,25.414,24.960,0,22.720,22.744,1,22.720,22.903,1,7.2
30,7.00,32.50,23.694,23.283,0,23.330,23.787,0,24.424,23.907,1,23.617,23.669,0,23.617,23.542,0,1.8
30,7.25,32.90,24.429,24.204,0,24.138,24.581,0,23.534,22.983,1,24.473,24.568,0,24.473,24.285,0,1.8
30,7.50,33.32,25.141,24.801,0,24.917,25.388,0,22.739,22.436,1,25.293,25.328,0,25.293,25.067,0,1.8
30,7.75,33.75,24.509,24.113,1,25.670,26.061,0,23.622,23.327,0,24.094,24.191,1,24.094,23.885,1,5.4
30,8.00,34.19,23.952,23.537,1,24.808,25.076,1,24.473,24.270,0,23.029,23.163,1,23.029,22.975,1,7.2
30,8.25,34.63,23.464,23.079,1,24.045,24.213,1,25.294,25.237,0,22.089,22.255,1,22.089,22.191,1,7.2
30,8.50,35.09,23.043,22.867,1,23.373,23.609,1,24.499,24.469,1,23.251,23.394,0,23.251,23.463,0,5.4
30,8.75,35.54,22.683,22.689,1,22.786,22.989,1,23.794,23.933,1,24.355,24.437,0,24.355,24.450,0,5.4
30,9.00,36.00,23.705,23.786,0,23.867,24.004,0,23.173,23.325,1,25.406,25.517,0,25.406,25.573,0,1.8
30,9.25,36.46,24.688,24.712,0,24.901,24.876,0,22.630,22.728,1,24.420,24.768,1,24.420,24.695,1,5.4
30,9.50,36.91,25.634,25.841,0,25.892,25.698,0,23.748,23.921,0,23.553,23.868,1,23.553,23.834,1,3.6
30,9.75,37.37,25.220,25.170,1,25.253,25.375,1,24.819,24.873,0,22.795,23.158,1,22.795,23.123,1,7.2
30,10.00,37.81,24.866,24.988,1,24.695,24.949,1,25.844,25.917,0,24.124,24.345,0,24.124,24.531,0,3.6
30,10.25,38.25,24.568,24.817,1,24.211,24.431,1,25.237,25.349,1,25.380,25.600,0,25.380,25.651,0,5.4
30,10.50,38.68,24.321,24.478,1,23.796,24.045,1,24.705,24.977,1,24.579,24.726,1,24.579,24.947,1,9.0
30,10.75,39.10,24.120,24.162,1,23.444,23.872,1,24.241,24.449,1,23.879,24.068,1,23.879,24.207,1,9.0
30,11.00,39.50,23.962,23.909,1,23.148,23.658,1,23.840,23.999,1,23.271,23.382,1,23.271,23.741,1,9.0
30,11.25,39.89,23.842,23.782,1,22.904,23.296,1,23.495,23.722,1,22.744,22.720,1,22.744,23.281,1,9.0
30,11.50,40.26,23.756,23.831,1,24.296,24.737,0,23.203,23.436,1,24.279,24.197,0,24.279,24.817,0,3.6
30,11.75,40.62,23.701,23.948,1,25.610,26.037,0,22.956,22.981,1,25.717,25.919,0,25.717,26.335,0,3.6
30,12.00,40.95,23.674,23.924,1,25.260,25.821,1,24.342,24.477,0,25.076,25.199,1,25.076,25.646,1,7.2
30,12.25,41.26,23.670,23.763,1,24.960,25.415,1,25.650,25.713,0,24.514,24.727,1,24.514,25.057,1,7.2
30,12.50,41.55,23.687,23.897,1,24.705,25.116,1,25.295,25.615,1,24.022,24.196,1,24.022,24.447,1,9.0
30,12.75,41.82,23.721,23.798,1,24.488,25.027,1,24.985,25.017,1,23.593,23.776,1,23.593,23.941,1,9.0
30,13.00,42.06,23.770,23.939,1,24.306,24.655,1,24.715,24.691,1,23.219,23.366,1,23.219,23.613,1,9.0
30,13.25,42.28,23.830,24.102,1,24.154,24.664,1,24.479,24.454,1,22.894,22.954,1,22.894,23.372,1,9.0
30,13.50,42.47,23.900,24.395,1,24.028,24.534,1,24.274,24.211,1,24.599,24.728,0,24.599,25.067,0,5.4
30,13.75,42.63,23.976,24.321,1,23.923,24.404,1,24.096,24.010,1,26.176,26.216,0,26.176,26.854,0,5.4
30,14.00,42.76,24.056,24.434,1,23.836,24.340,1,23.940,23.815,1,25.647,25.721,1,25.647,26.199,1,9.0
30,14.25,42.87,24.138,24.596,1,23.763,24.351,1,23.802,23.753,1,25.170,25.310,1,25.170,25.708,1,9.0
30,14.50,42.94,24.219,24.622,1,23.701,24.255,1,23.680,23.736,1,24.739,24.854,1,24.739,25.173,1,9.0
30,14.75,42.99,24.297,24.396,1,23.648,24.297,1,23.570,23.556,1,24.347,24.505,1,24.347,24.657,1,9.0
30,15.00,43.00,24.372,24.547,1,23.599,24.237,1,23.469,23.337,1,23.988,24.304,1,23.988,24.297,1,9.0
30,15.25,42.99,24.440,24.683,1,23.553,24.155,1,23.374,23.177,1,23.658,23.912,1,23.658,24.134,1,9.0
30,15.50,42.94,24.500,24.558,1,23.507,24.002,1,23.283,23.237,1,23.351,23.444,1,23.351,23.649,1,9.0
30,15.75,42.87,24.550,24.549,1,23.459,23.867,1,23.193,23.063,1,23.063,23.071,1,23.063,23.303,1,9.0
30,16.00,42.76,24.590,24.768,1,23.407,23.649,1,23.102,23.230,1,22.791,22.852,1,22.791,22.872,1,9.0
30,16.25,42.63,24.618,24.873,1,23.348,23.561,1,23.008,23.160,1,24.518,24.785,0,24.518,24.698,0,5.4
30,16.50,42.47,24.632,24.807,1,23.282,23.444,1,22.909,22.920,1,26.088,26.345,0,26.088,26.167,0,5.4
30,16.75,42.28,24.632,24.919,1,23.207,23.337,1,24.393,24.554,0,25.527,25.599,1,25.527,25.527,1,7.2
30,17.00,42.06,24.617,24.947,1,23.121,23.275,1,25.756,25.813,0,24.993,24.959,1,24.993,25.093,1,7.2
30,17.25,41.82,24.587,24.742,1,23.023,23.247,1,25.412,25.472,1,24.484,24.438,1,24.484,24.512,1,9.0
30,17.50,41.55,24.539,24.939,1,22.913,23.050,1,25.074,24.786,1,23.995,23.935,1,23.995,24.147,1,9.0
30,17.75,41.26,24.475,24.840,1,24.379,24.471,0,24.740,24.680,1,23.522,23.479,1,23.522,23.592,1,7.2
30,18.00,40.95,24.393,24.677,1,25.712,25.782,0,24.407,24.394,1,23.062,23.161,1,23.062,23.171,1,7.2
30,18.25,40.62,24.294,24.704,1,25.330,25.323,1,24.074,24.158,1,22.613,22.524,1,22.613,22.587,1,9.0
30,18.50,40.26,24.177,24.521,1,24.950,25.034,1,23.740,23.851,1,24.159,24.040,0,24.159,24.003,0,5.4
30,18.75,39.89,24.041,24.446,1,24.570,24.309,1,23.402,23.507,1,25.547,25.388,0,25.547,25.444,0,5.4
30,19.00,39.50,23.888,24.251,1,24.190,24.019,1,23.061,23.221,1,24.800,24.783,1,24.800,24.822,1,9.0
30,19.25,39.10,23.718,24.182,1,23.808,23.677,1,22.716,22.884,1,24.082,24.226,1,24.082,24.099,1,9.0
30,19.50,38.68,23.530,23.924,1,23.423,23.122,1,23.955,24.159,0,23.389,23.568,1,23.389,23.537,1,7.2
30,19.75,38.25,23.326,23.635,1,23.035,22.652,1,25.074,25.111,0,22.717,22.886,1,22.717,22.835,1,7.2
30,20.00,37.81,23.105,23.455,1,22.643,22.350,1,24.492,24.637,1,24.053,24.326,0,24.053,24.206,0,5.4
30,20.25,37.37,22.868,22.918,1,23.838,23.516,0,23.918,24.153,1,25.241,25.409,0,25.241,25.245,0,3.6
30,20.50,36.91,23.941,23.901,0,24.908,24.648,0,23.354,23.514,1,24.306,24.409,1,24.306,24.183,1,5.4
30,20.75,36.46,24.907,25.089,0,25.865,25.743,0,22.798,22.812,1,23.411,23.270,1,23.411,23.316,1,5.4
30,21.00,36.00,25.774,25.842,0,25.125,25.051,1,23.838,23.790,0,22.553,22.448,1,22.553,22.506,1,5.4
30,21.25,35.54,25.223,25.033,1,24.406,24.338,1,24.771,24.589,0,23.714,23.633,0,23.714,23.721,0,3.6
30,21.50,35.09,24.678,24.482,1,23.707,23.743,1,25.604,25.526,0,24.742,24.817,0,24.742,24.573,0,3.6
30,21.75,34.63,24.140,24.002,1,23.027,23.182,1,24.754,24.734,1,25.648,25.693,0,25.648,25.567,0,5.4
30,22.00,34.19,23.608,23.566,1,22.364,22.736,1,23.933,24.071,1,24.456,24.287,1,24.456,24.367,1,9.0
30,22.25,33.75,23.083,23.199,1,23.308,23.582,0,23.140,23.287,1,23.325,23.200,1,23.325,23.098,1,7.2
30,22.50,33.32,22.565,22.372,1,24.149,24.633,0,22.373,22.351,1,22.252,22.096,1,22.252,22.098,1,7.2
30,22.75,32.90,23.379,23.289,0,24.895,25.267,0,23.221,23.265,0,23.221,23.235,0,23.221,23.204,0,0.0
30,23.00,32.50,24.107,23.911,0,25.556,25.879,0,23.979,23.985,0,24.076,24.109,0,24.076,24.109,0,0.0
30,23.25,32.11,24.757,24.564,0,24.547,24.913,1,24.655,24.608,0,24.829,24.867,0,24.829,25.121,0,1.8
30,23.50,31.74,25.336,25.403,0,23.587,23.816,1,25.255,24.983,0,25.489,25.425,0,25.489,25.882,0,1.8
30,23.75,31.38,24.525,24.495,1,22.672,22.888,1,24.196,23.950,1,24.078,24.103,1,24.078,24.407,1,9.0
